1622 50
.</w> 0.421279 0.039024 0.113223 0.403455 -0.063287 0.537675 -0.093283 -0.255474 -0.285438 0.077806 -0.158563 0.218931 -0.034059 0.184222 -0.087769 -0.294918 0.026414 -0.000366 -0.175822 0.819021 0.031225 -0.258558 0.393845 -0.125946 -0.209612 -0.802493 -0.326390 -0.009885 -0.112582 0.012410 0.263680 0.496340 -0.304215 0.233372 0.490616 -0.210211 -0.224964 0.178275 -0.142189 0.120731 -0.308536 -0.075213 0.538735 0.089367 0.124259 0.064933 -0.143567 -0.421279 -0.031418 -0.500178
the</w> -0.215990 -0.312748 0.684080 0.402514 0.269730 0.441592 -0.037197 0.440110 0.096627 -0.350775 -0.294768 0.229581 -0.079446 0.223160 0.371802 -0.139699 0.285135 0.100061 -0.186344 0.092898 -0.010864 -0.083691 0.142688 0.005505 -0.558011 -0.712320 -0.592912 0.169229 0.081631 0.363277 -0.289405 0.161092 0.282369 -0.322675 -0.511828 -0.426809 0.433953 -0.345134 -0.446787 0.027393 -0.357331 0.222046 0.034015 0.094218 0.357937 0.332405 -0.250612 0.160929 -0.147104 -0.051461
,</w> 0.418412 -0.053444 -0.129064 0.394215 0.101162 0.498019 0.025789 -0.743140 -0.459936 0.110494 -0.060404 0.414187 0.194844 0.529169 -0.228279 0.152898 -0.146877 0.428739 -0.352034 0.135249 0.239952 0.066061 -0.055783 -0.319002 -0.347634 -0.391318 -0.313823 -0.106619 0.096669 0.785720 -0.036769 0.581770 -0.239780 0.019430 -0.063402 -0.353484 0.037515 -0.027298 -0.168524 -0.097206 -0.281055 -0.014729 0.485597 0.383772 -0.096257 -0.223886 -0.212222 -0.223110 0.306427 -0.508684
a</w> 0.086293 0.229326 0.090220 0.730193 -0.080003 0.529411 0.175445 0.215722 -0.091829 -0.303570 0.094690 0.296439 -0.256836 -0.360001 0.132696 -0.146352 -0.012341 0.470109 -0.078409 0.402978 -0.365339 -0.084099 0.208724 0.578263 -0.165050 -0.698379 -0.131177 0.176859 -0.093738 0.586387 0.326788 0.247112 0.199242 -0.226704 -0.217472 -0.588825 0.240238 -0.371267 0.103626 0.394358 0.165235 0.143122 -0.537263 0.322668 0.154075 0.199220 -0.640984 0.062707 -0.435032 -0.370153
and</w> 0.006513 0.062369 0.036671 -0.086768 -0.268104 0.322997 -0.005056 -0.200567 -0.526587 0.251563 -0.118242 0.297677 -0.316506 -0.097019 0.218538 -0.122464 0.359608 -0.426995 -0.093194 0.354541 0.098817 -0.005433 -0.193861 0.245979 -0.048307 -0.823753 -0.442324 0.188598 -0.076869 -0.009545 0.324111 0.208926 -0.120382 -0.087449 0.188491 -0.482163 0.328380 -0.104624 0.041001 -0.003075 0.301891 0.021469 0.535312 0.296519 0.124626 0.606169 0.054007 0.086684 0.061519 -0.209201
to</w> 0.161893 -0.268619 0.096763 0.183544 -0.585471 0.839714 0.213404 -0.125664 -0.218855 -0.246024 -0.584675 0.309588 0.019057 -0.134750 0.313902 0.068477 0.470750 0.335266 -0.617047 0.165791 -0.133099 -0.234749 -0.091680 0.209257 0.789359 -0.420655 -0.325961 -0.216962 0.286862 0.814531 -0.126005 0.253503 -0.118040 0.019957 0.200471 -0.155125 -0.219966 -0.342478 -0.503461 0.038476 0.025545 -0.312907 0.656787 -0.007498 0.712549 0.405679 0.369346 0.552052 0.396963 -0.139521
i</w> 0.700283 -0.299963 0.483579 0.048723 0.124281 0.980123 0.554513 0.077323 -0.575631 -0.366103 0.191927 0.007470 0.099014 -0.024909 -0.118092 -0.027607 0.244503 0.403387 0.242281 0.566265 0.348093 0.358479 0.077178 0.470137 -0.008634 -0.595422 0.183519 -0.498134 0.059270 -0.149044 -0.154303 0.343543 0.476240 0.390502 -0.591936 -0.250289 -0.100784 0.057362 -0.286662 0.164952 -0.651225 0.252328 0.537658 -0.201633 0.596460 0.857043 -0.416825 0.131784 0.022330 -0.745277
'</w> -0.107764 -0.265299 0.488354 0.064957 -0.708668 0.402251 0.606651 0.139150 -0.525016 -0.356397 0.268290 0.017454 -0.538152 0.020281 -0.377386 -0.326579 0.417999 0.058482 -0.635565 0.756886 0.455331 -0.802380 -0.274286 -0.166994 -0.465419 -0.893949 0.298693 -0.323539 0.293113 0.418411 0.563664 0.226437 0.228310 0.620024 -0.734628 -0.150527 0.170012 0.932555 -0.749940 0.667649 -0.037905 -0.225122 0.314575 0.284592 -0.766820 -0.076502 -0.018710 -0.730128 0.156200 -0.339800
of</w> 0.092832 0.288408 0.275983 -0.016750 0.422461 1.121912 -0.673140 0.151150 -0.775840 -0.002793 -0.361624 0.175798 -0.361106 -0.004518 -0.006605 -0.742274 -0.157317 0.566573 -0.177232 0.373247 0.244717 -0.619830 -0.309210 0.261640 0.120031 -0.422989 -0.782725 0.230264 -0.051021 0.306417 0.181707 0.329408 -0.186400 0.029281 -0.232232 -0.796416 -0.396405 -0.125438 0.173718 0.101392 0.026166 -0.083470 0.573295 -0.301446 -0.269677 0.348923 0.419149 0.545201 -0.423518 0.064294
it</w> 0.209221 -0.522564 0.437929 0.222177 -0.600579 0.102153 0.395051 -0.337280 -0.209748 -0.454711 0.149629 -0.175145 0.241021 -0.219810 0.050922 0.287556 0.630118 0.623041 -0.008781 0.526053 0.165680 0.116702 0.055111 -0.236096 -0.196686 -0.476076 0.152717 -0.527780 -0.109550 0.057521 -0.173987 0.480953 0.204277 -0.124920 -0.283121 -0.436786 -0.081391 0.106646 -0.102191 0.009328 0.028965 0.750277 0.431055 -0.480465 0.400800 0.733555 -0.296075 -0.243656 -0.103562 -0.542706
is</w> 0.620489 0.305770 0.535164 0.136246 0.161355 0.494183 -0.326662 -0.149904 -0.127571 0.053295 0.048457 0.191516 -0.535409 0.268675 -0.335499 -0.529715 -0.078650 0.056884 -0.832647 -0.041584 0.436841 -0.154780 -0.053624 0.034004 -0.265643 -0.252942 0.522500 0.362717 0.211020 0.258516 -0.072806 0.318682 -0.108504 0.163292 -0.035536 -0.692570 0.172956 -0.201952 -0.882156 -0.044703 0.359618 0.150459 0.122779 0.214251 0.044318 0.202852 0.228784 -0.472010 0.047061 -0.400758
in</w> 0.245261 0.125384 0.138007 0.225099 0.114563 0.393059 0.062171 0.257229 -0.665392 -0.170440 -0.228014 0.165182 -0.033920 -0.012482 0.088997 -0.519971 -0.423777 0.244901 -0.322933 -0.062280 0.156933 0.164898 0.067683 0.158851 0.134981 -0.692925 -0.095250 -0.295414 0.313515 0.473472 0.181232 -0.066196 0.309439 -0.047243 0.199448 -0.716020 -0.134499 -0.327497 -0.214255 -0.059261 0.152786 0.007823 0.395767 -0.164333 -0.001558 -0.009376 0.129993 0.263950 0.089146 -0.029615
s</w> 0.597117 -0.512650 0.370693 0.312905 0.363175 0.735559 0.233441 -0.477965 -0.025830 0.056432 -0.234762 -0.283712 -0.399646 0.044656 -0.457518 0.114742 0.020568 0.031323 -0.946921 -0.487416 0.536500 -0.100877 0.285134 0.675767 -0.101254 -0.446136 0.456788 -0.092112 0.385597 0.636983 0.533322 0.962721 -0.209913 -0.417529 -0.742565 -0.352734 0.077397 0.273286 0.234524 0.275617 0.563757 0.374573 -0.174198 0.098064 -0.344428 0.440345 0.020141 0.058177 -0.234721 -0.143578
this</w> 0.117253 -0.076097 0.546583 0.648241 0.444862 -0.036048 0.131760 0.288687 -0.004776 -0.922985 0.213488 0.694956 -0.366544 -0.270104 0.020650 0.616599 0.250311 0.202477 -0.332798 1.008462 -0.037395 -0.173777 0.527996 -0.030090 -0.291590 -0.552418 -0.141071 0.098119 -0.378214 0.222972 -0.363028 0.259415 -0.136859 -0.152137 0.209110 -0.625646 -0.162260 -0.011116 -0.255596 -0.044161 -0.236172 0.752278 0.531805 -0.064166 0.528483 -0.017675 0.082792 -0.071964 0.000627 0.049475
that</w> 0.324056 -0.158478 0.320929 0.156258 -0.006750 0.353042 0.337366 0.241180 -0.518332 0.072276 0.033509 0.448103 -0.182127 0.412469 -0.198016 0.037846 0.303165 0.348297 -0.058006 0.685297 0.054697 -0.121239 0.073680 0.021667 -0.028264 -0.547854 -0.497066 -0.802580 -0.136063 0.291881 0.017509 0.320378 -0.156608 -0.114187 -0.170428 -0.518966 -0.345782 0.371227 -0.024981 -0.177319 -0.124834 0.248505 0.731899 -0.020678 -0.006870 0.102883 0.094132 0.407945 -0.175211 -0.138620
-</w> -0.039295 -0.096660 -0.067842 0.728228 -0.115176 0.231436 -0.281436 -0.369941 -0.773947 0.252988 -0.088345 0.264648 -0.449587 0.013550 0.237909 -0.172522 -0.340771 0.152155 -0.437340 0.117666 -0.012082 -0.027333 -0.040166 0.162174 -0.547868 -0.091208 0.020955 0.052472 0.181117 0.816373 0.218008 0.079342 -0.010306 0.065744 -0.058144 -0.639785 0.691435 0.339037 -0.178052 0.600932 -0.393119 0.305563 0.578346 0.116955 0.061348 0.029273 -0.005787 -0.122591 0.099623 -0.512227
t</w> 0.524482 -0.484442 0.650133 0.359194 -0.510844 -0.162540 0.749441 -0.547605 -0.258551 0.424211 -0.524762 -0.001864 0.313542 -0.244025 -0.557688 -0.233426 0.166811 0.378522 0.002460 0.351003 -0.156484 -0.229678 -0.160678 0.621831 0.390054 -1.216962 0.059112 0.259552 0.586413 0.083252 0.079920 0.675744 0.336397 -0.176167 -0.498202 0.016841 0.398463 0.686056 -0.429962 0.906776 -0.570910 0.413190 0.118365 -0.466931 -0.572742 0.944486 0.229167 0.003898 -0.230565 0.102299
"</w> 0.254853 0.072486 0.284335 0.051262 0.078271 0.529469 0.082444 -0.155077 -0.440348 -0.283956 0.112165 0.393350 0.125285 -0.024462 -0.300337 -0.019111 -0.030460 0.027762 -0.175847 0.555246 -0.096052 -0.347739 0.102834 0.036370 -0.352766 -0.431899 -0.303872 -0.200193 -0.076173 0.042890 -0.009150 0.090469 0.197734 -0.373735 0.304401 -0.342373 0.165152 0.219420 -0.058602 0.206550 -0.172593 0.019514 0.155025 -0.298121 -0.313758 0.274371 0.079486 -0.189473 0.209112 0.149834
s 0.259373 0.252406 -0.079371 -0.007866 0.033642 0.367706 0.240591 -0.169953 0.031041 0.054627 0.228237 0.250820 -0.137579 0.513897 0.652946 0.356296 -0.034636 -0.078742 -0.533128 0.856828 -0.862626 -0.087441 -0.168226 0.330304 -0.628892 -0.766464 0.036441 0.313316 0.203388 0.670815 0.033053 0.480133 0.487187 0.422112 -0.363727 -0.315614 0.419935 -0.141691 0.298154 0.000315 -0.413656 0.442410 -0.263236 -0.092971 -0.520657 0.079940 0.935230 0.433278 0.596887 -0.758148
for</w> 0.119940 0.241986 0.229240 -0.228968 0.107882 0.760536 -0.087744 -0.088693 -0.507515 0.007701 -0.490237 0.305321 -0.089261 -0.099096 0.301290 -0.236148 0.047497 -0.023426 -0.175985 0.013424 0.246679 -0.443862 -0.501424 0.185064 0.213585 -0.618227 -0.316963 0.036002 -0.186316 0.503496 0.369543 0.124862 -0.104922 0.336598 0.070321 -0.746014 -0.199291 -0.679812 -0.283706 0.205550 0.330904 0.045006 0.589048 -0.231606 0.255339 0.062971 0.236256 -0.011223 0.094045 -0.009791
on</w> 0.281198 0.019518 -0.150932 0.129178 0.006166 0.101976 0.380774 0.011419 -0.260614 -0.175779 -0.256533 0.354881 -0.046439 0.209814 0.267222 -0.494580 -0.165005 0.382444 -0.638179 -0.298286 0.226136 0.095845 -0.128295 0.507186 0.177982 -0.554307 -0.531390 -0.298889 -0.095649 0.405271 0.190579 0.004656 0.388428 0.048355 0.256271 -0.595551 -0.014548 -0.158226 0.085731 -0.363607 0.168971 0.129117 0.698395 0.108210 0.081054 0.362125 0.140130 -0.016013 0.368369 -0.107113
t 0.223760 -0.086062 0.243533 -0.504143 -0.349004 0.677480 1.160841 -0.377586 -0.122580 0.313057 -0.119843 0.571539 -1.137641 0.433590 0.109201 -0.037376 0.221611 0.145314 -0.981805 0.556406 0.131690 -0.636320 -0.349257 0.082049 -0.099362 0.223601 -0.603811 0.519016 0.180494 -0.510814 -0.225470 0.569941 0.483496 -0.173142 0.103851 -0.291293 0.743431 0.127305 0.575434 -0.173833 0.341380 0.419159 0.306259 -0.671161 -0.097820 -0.109828 -0.066168 -0.025231 -0.281545 -0.105665
was</w> 0.552034 0.157963 0.399223 0.081876 -0.135557 0.260251 0.158206 -0.520493 0.038590 0.019957 0.183129 0.454750 -0.578372 0.060591 -0.097329 -0.328447 0.140495 -0.116596 -0.557380 0.158079 0.426234 0.253730 0.360851 -0.069135 -0.347386 -0.358705 -0.024706 0.285227 0.383393 0.256235 0.516190 0.614612 -0.458367 0.240795 -0.317098 -0.443188 -0.037278 -0.288294 -1.004246 0.184892 0.213050 0.443553 0.322562 0.333548 -0.064179 0.129661 -0.055454 -0.363088 -0.155291 -0.748009
but</w> 0.019662 0.128832 -0.076401 0.025747 -0.226418 0.312438 0.054403 -0.244524 -0.781164 0.382453 0.165995 -0.061796 -0.471270 0.133180 -0.116847 -0.081398 0.279195 -0.378012 0.187535 0.512041 0.073427 -0.272108 0.328233 0.525118 0.065977 -0.654969 -0.226958 -0.165592 0.091353 -0.081724 0.203982 0.498387 -0.363250 -0.162082 -0.148065 -0.278542 0.033224 0.216458 -0.678558 -0.446769 0.378554 0.191639 0.525691 0.334463 0.330845 0.415549 -0.075979 -0.147749 0.312911 -0.447400
c 0.492591 -0.096905 0.426836 0.395736 -0.255821 -0.200968 0.876983 -0.248508 -0.288769 0.134153 0.441950 -0.143649 -1.228821 -0.003786 0.570449 0.143881 -0.114617 -0.043623 -0.685751 0.066409 -0.965544 -0.778019 0.050627 -0.112825 0.075355 -0.162928 -0.089534 -0.357122 0.426331 0.211520 0.367435 0.453665 0.524340 0.450983 -0.090562 -0.784624 -0.061350 -0.520453 -0.106354 -0.235348 -0.476376 -0.801886 0.003632 -0.543647 -0.076168 0.042269 -0.429816 -0.260712 0.002687 -0.062813
ed</w> -0.553624 -0.072500 0.616594 0.627569 0.289574 0.569509 0.697540 -0.055653 -0.309030 0.199829 -0.151515 -0.075314 -0.018249 0.449193 -0.167885 0.501783 -0.394838 0.379912 -0.554427 0.268560 0.483226 0.359016 -0.033060 0.758684 -0.055583 -0.336756 -0.797203 -0.006818 1.231992 0.115517 0.294541 0.002949 0.049718 -0.027807 -0.044532 0.071592 -0.002070 -0.481886 -0.603016 -0.112354 0.487807 0.929721 -0.277641 -0.441807 -0.160786 0.483080 0.022178 -0.294790 0.325404 -0.515963
as</w> -0.004678 0.460496 0.076839 -0.144525 -0.156035 0.383524 0.304828 -0.018464 -0.466558 0.272106 -0.715540 0.546660 -0.234992 -0.359917 -0.380590 0.097464 0.102270 -0.426292 -0.342787 0.190991 0.070994 -0.073091 0.225782 0.125472 -0.067973 -0.279632 -0.012052 -0.450510 -0.044939 0.363785 0.482940 0.399562 0.240983 -0.161319 0.596764 -0.506592 -0.173037 0.114535 -0.300329 -0.267831 0.148690 0.166381 0.279530 -0.074598 0.087400 0.084560 -0.175961 -0.274355 -0.387579 -0.317237
with</w> 0.210679 0.174947 0.018976 0.267338 0.037191 0.176706 -0.134647 -0.053840 -0.296488 0.381149 -0.527807 0.530476 -0.088837 -0.291509 0.130808 -0.135413 0.030420 -0.439606 -0.281391 -0.058504 0.032338 0.124239 0.010896 -0.030215 0.023035 -0.738596 -0.268734 -0.182147 0.180410 0.429227 0.123348 0.245639 0.173956 0.055746 0.076864 -0.975866 -0.059063 -0.394229 -0.300408 -0.099458 0.406598 0.056027 0.508774 -0.430147 0.161668 0.186836 0.304079 -0.100308 0.420727 -0.122459
ing</w> -0.052928 0.043291 0.322986 0.306991 0.684242 0.875329 0.405833 -0.637127 -0.196349 -0.039224 0.130931 0.233020 0.073759 0.798000 -0.176227 0.614971 -0.174749 0.136080 -0.443486 -0.150679 0.303339 0.076718 -0.232453 0.739355 -0.283507 -0.369343 -0.910801 -0.396686 1.260448 0.087770 0.587149 0.117046 -0.142265 0.136143 -0.007996 -0.162113 -0.219242 -0.578245 -0.346037 0.154610 0.098302 0.633760 -0.199668 -0.932202 -0.158466 0.413545 -0.323810 -0.067171 -0.118527 0.156830
!</w> 0.559316 0.043019 0.275231 0.680687 -0.722362 0.099885 0.474523 -0.420116 -0.463376 0.076528 0.464863 0.987996 -0.168631 0.256555 0.062263 -0.222350 0.266500 0.362957 0.286342 0.064066 0.496986 -0.117310 -0.420818 0.339633 -0.267939 -0.599792 -0.013240 0.322460 -0.045529 -0.088027 0.289270 0.251661 -0.066048 0.050753 0.672477 -0.560664 0.085177 -0.161510 0.176126 0.416893 -0.338993 0.006683 0.789012 -0.000679 0.291995 0.254956 0.181668 0.003205 0.049693 -0.620775
d -0.061510 0.057730 0.027394 -0.281622 0.017399 0.461970 0.224116 -0.338338 -0.716572 0.469244 -0.070809 -0.237209 -0.284441 0.227209 0.721081 0.011837 -0.327019 -0.308978 -0.689160 0.329618 -0.744256 -0.510675 -0.288092 0.082742 0.014689 -1.373432 -0.355953 0.493243 -0.670382 0.141797 -0.311291 -0.037442 0.310801 0.315538 -0.470889 0.339063 0.901153 0.377928 -0.213565 0.141253 0.459067 -0.119050 0.079270 -0.824882 -0.104091 0.237121 -0.423596 0.410239 0.359481 -0.835528
b -0.202183 -0.411699 0.635695 -0.080884 -0.117690 0.489533 0.320949 0.224217 0.115953 0.372516 0.435053 0.026016 -0.222029 0.388096 -0.287208 0.694824 0.065370 -0.310212 -0.850372 0.369033 -0.383384 -0.733194 -0.126747 0.119579 -0.453508 -0.666459 0.512872 0.510226 0.592069 0.508974 0.064496 0.151765 -0.107718 0.385799 0.343478 -0.455599 0.358075 -0.149908 0.101285 -0.449101 0.002636 -0.393212 0.899262 -0.992795 0.201635 0.200242 0.438089 -0.206945 -0.116828 0.010813
e 0.522938 -0.198602 0.240468 0.541724 -0.324005 0.494168 0.010965 -0.443845 -0.611124 0.289755 0.265110 0.335828 -0.130537 -0.584222 0.504866 0.441917 -0.245724 0.118785 -0.297632 0.377982 0.323341 -0.120803 -0.188848 0.060616 -0.269960 -0.641124 -0.386627 -0.106477 0.583083 0.285450 -0.407245 0.181320 0.903219 0.040010 0.690295 -0.189845 -0.159252 0.291748 -0.003501 -0.132935 0.231694 -0.548475 -0.670552 -0.998038 -0.361241 0.574883 -0.611806 0.220756 0.656460 0.061025
es</w> 0.071633 0.458468 0.163414 0.724268 0.347669 -0.315435 0.178169 -0.085716 -0.217720 0.212658 0.301577 0.219179 0.125616 0.148633 -0.603355 0.378668 -0.764843 -0.187014 -0.454689 0.402959 0.050195 0.000761 -0.338754 0.257610 0.262377 -0.942952 -0.614672 0.006227 0.925567 -0.113667 0.481441 0.129483 0.522360 -0.532374 -0.202541 -0.141401 -0.295883 -0.237604 -0.530154 -0.327083 -0.032439 0.764904 0.029618 -0.051475 -0.341433 0.857694 -0.566950 -0.038178 0.016168 -0.024339
you</w> 0.710786 -0.323218 0.374421 0.450360 0.240133 0.560580 0.689513 0.169580 -0.370756 0.190421 0.222227 -0.569390 0.066453 -0.094791 -0.253525 0.240028 0.129341 -0.163933 -0.127796 0.660502 0.009464 -0.452797 0.027913 0.115534 -0.153043 -0.824737 0.039968 -0.095119 -0.957364 0.079957 0.170817 0.355804 0.714175 -0.442676 -0.529747 -0.059771 0.146797 -0.141924 -0.173089 0.481155 -0.780646 0.360260 0.469161 0.219522 0.632628 0.852781 0.502925 -0.205443 0.234006 -0.544682
re 0.252128 -0.049626 0.350871 0.706538 -0.594926 -0.180547 0.054159 0.502018 -0.027425 0.634926 -0.340980 -0.292159 -0.034507 0.278771 0.066997 0.142788 0.344343 -0.385991 -1.454828 0.766520 0.593840 0.420975 -0.000774 0.083329 0.279627 -0.733006 -0.866682 -0.275192 0.421757 0.681885 -0.530409 -0.265723 0.258695 -0.459679 -0.160277 -0.476354 0.200402 0.316915 0.299218 -0.623650 -0.236033 -0.182678 0.188675 -0.136163 0.544753 0.100188 0.179652 0.044023 0.389642 -0.048802
in 0.406885 0.311819 0.272054 -0.049455 0.239330 0.167069 -0.055957 0.208662 -0.827546 -0.036377 -0.102267 -0.546560 -0.416954 0.007432 0.726002 0.326257 0.066519 0.657299 -0.545562 0.127086 0.241725 0.067571 -0.885201 0.230409 -0.101498 -1.131648 -0.349398 -0.041504 0.324657 -0.186118 -0.330902 0.895238 -0.075858 -0.592692 -0.307908 -0.393028 -0.830958 0.104676 0.301809 -0.217324 -0.006214 0.005340 0.107567 -0.128284 0.052070 -0.304045 -0.223080 0.175283 -0.113998 0.088161
g 0.027293 1.053010 0.476118 0.418504 -0.114668 0.453363 0.686308 -0.148631 -0.527090 -0.059499 -0.052314 0.251063 0.072460 -0.445337 -0.266714 0.297159 0.193824 0.158114 -0.716660 0.286948 -0.575133 -0.427312 0.284944 0.672729 -0.500553 -0.385866 0.078233 0.228004 0.145035 -0.008960 -0.553426 -0.240644 0.108907 -0.134008 -0.206810 -0.047719 0.308931 -0.361523 0.122916 0.241729 -0.173432 -0.790320 0.403685 -0.508457 -0.351305 0.041766 0.297473 -0.117943 -0.139727 -0.931175
p -0.096156 0.499986 -0.023764 0.501424 -0.112184 0.642705 0.567432 -0.395982 0.005906 0.477571 0.307405 0.372960 0.210099 -0.484929 0.261096 0.179203 -0.682878 -0.339438 -0.695610 0.551855 -0.121666 -0.603642 -0.815756 0.214304 -0.095248 -0.430950 0.053302 0.308669 -0.369392 0.872803 -0.553889 0.667792 0.298885 -0.005884 0.099557 -0.657762 0.543045 -0.076909 -0.227668 -0.803889 0.355993 0.110702 0.057193 -0.335511 0.175283 0.349921 0.096869 0.374468 -0.257091 0.182393
i 0.947622 0.005312 0.307815 -0.004661 0.271750 0.555644 0.547958 -0.546456 -0.716599 0.521394 -0.454367 -0.018931 -0.069385 -0.849044 0.541134 -0.095955 1.020494 0.458951 -0.813218 -0.063642 0.271526 0.716657 0.036083 -0.038584 -0.892790 -0.769487 -0.500172 0.547115 0.294204 0.208027 0.059133 0.160931 0.260687 -0.642223 0.590196 0.153702 -0.196338 0.381697 0.336452 -0.104864 0.081308 0.065383 -0.411337 -0.232768 -0.142377 0.303032 0.087501 0.200402 0.530744 -0.309760
m 0.098659 -0.019834 0.604622 0.072233 -0.277841 0.860017 0.247258 -0.388314 -0.910147 0.308527 -0.486448 0.481822 -0.146244 -0.095974 0.777997 -0.071739 -0.475687 -1.054726 -0.627702 0.598273 0.091791 -0.727796 -0.572179 0.034777 -0.645091 -0.692652 -0.015124 -0.126445 0.640896 0.329152 0.117000 0.329084 0.108688 -0.122009 0.052767 0.747926 0.361104 -0.673635 0.346510 -0.645029 -0.058218 0.511665 0.020718 -0.214411 -0.556728 -0.389286 -0.017420 0.350309 -0.668485 -0.165865
not</w> 0.500065 -0.265831 0.482914 -0.209220 -0.255677 0.336836 0.419243 -0.172797 -0.535247 0.417938 -0.587923 0.271623 0.307874 0.019847 -0.260217 -0.020339 0.536611 0.378824 -0.318277 0.951024 0.272583 -0.541442 0.115799 0.486338 0.183681 -0.537267 0.570142 0.067444 -0.047263 0.539743 -0.045961 0.070354 -0.211844 0.015582 -0.020681 -0.030595 -0.001235 0.044533 -0.370899 -0.163011 -0.877316 0.662548 0.053101 -0.307131 0.569872 0.144800 0.099956 -0.096314 -0.260305 -0.713105
st 0.204886 0.259837 0.415653 0.225608 -0.455646 0.233720 0.094820 0.319993 -0.130213 -0.065490 -0.178600 0.285025 -0.353412 -0.052767 -0.008369 0.703660 -0.343722 -0.389178 -0.947428 -0.251684 -0.313065 -1.400847 -0.531723 0.078529 -0.462475 -0.882493 -0.374356 -0.148055 -0.486069 -0.060018 -0.684540 0.945774 0.204555 0.200727 0.423680 -0.537049 0.412086 -0.045012 -0.022854 -0.058418 0.218279 0.163417 -0.064965 -0.218568 -0.185384 0.161834 -0.024694 0.643959 0.233954 -0.915998
are</w> 0.178253 0.601704 0.719693 0.191400 0.246393 0.441621 -0.831478 0.102404 -0.318529 0.125288 0.175588 -0.301885 -0.137894 0.507617 0.135002 -0.078870 0.432048 -0.008757 -0.392251 0.634949 0.085927 -0.430536 -0.453821 0.009399 -0.074557 -0.194769 -0.228959 0.192290 -0.133393 0.409757 0.687530 -0.035706 0.437961 -0.098784 0.524785 -0.601462 -0.003951 0.412093 -0.972825 0.243283 0.083538 0.359433 0.595138 -0.181800 -0.074257 0.150732 -1.131466 -0.270758 0.145911 -0.286378
an</w> -0.263602 0.032588 0.417826 0.432410 -0.239367 0.213863 0.609438 -0.016440 -0.607735 0.008361 -0.283963 0.135433 0.040862 -0.225455 -0.320760 0.345928 -0.242800 0.113946 -0.551505 0.316261 -0.350988 0.129916 -0.164941 -0.120662 -0.258116 -1.054334 0.148751 -0.161139 -0.050572 0.084544 -0.039987 0.055733 -0.555279 -0.471430 0.021512 -0.574261 0.289451 -0.126908 -0.409244 0.743085 0.293717 -0.045637 -0.330077 0.102892 0.391843 0.141539 -0.534125 0.176183 0.244701 0.163102
y</w> 0.481639 0.239487 0.349989 -0.156299 -0.173147 -0.008425 -0.102904 -0.836733 -0.760390 0.089258 0.505859 0.155395 0.644768 0.074714 -0.206166 0.523296 0.487693 0.081880 -0.727270 -0.057562 -0.087168 -0.283423 0.081344 0.669260 -0.059583 -1.017940 -0.259373 0.288015 1.093349 0.494365 0.145811 -0.428853 -0.003193 0.127839 -0.452553 -0.626298 0.165694 0.713933 0.339246 -0.276527 0.036027 0.674458 -0.122196 0.033149 -0.232994 0.099615 -1.100540 -0.076606 0.237171 0.296895
f 0.551097 0.191854 0.769464 -0.103997 -1.088379 -0.168767 0.417937 -0.049822 -0.873827 0.377245 0.402901 -0.062418 -0.217647 0.092143 0.556139 0.133597 -0.175730 0.043066 -0.330121 0.268650 0.187204 -0.917400 0.364806 0.271749 -0.790082 -0.147278 -0.078571 0.486102 0.751373 0.411770 -0.225471 0.349829 0.127579 -0.222251 -0.420192 0.121192 -0.206815 -0.551232 0.207029 -0.036708 0.177357 -0.278549 0.299841 -0.365054 -0.239912 0.198408 0.039937 0.064118 -0.202340 -0.431650
)</w> -0.005035 0.072957 0.220269 0.122611 -0.073227 0.551673 0.304030 -0.376569 -0.569456 -0.366105 0.205295 0.675098 -0.299581 0.272714 -0.034803 0.019374 -0.118652 -0.201334 0.037381 0.353683 0.245264 -0.088096 0.140275 -0.051075 -0.321896 -0.469107 0.107995 0.000546 -0.365463 0.203573 0.209129 0.049172 0.469888 -0.049574 0.181514 -0.151912 -0.270409 0.380859 0.007669 -0.324055 -0.261809 0.079606 0.237410 0.057755 0.044275 -0.014564 -0.201642 -0.362086 0.482409 -0.134271
have</w> 0.430754 0.604210 0.433988 -0.070057 0.357214 -0.283105 0.487735 0.344292 -0.420169 -0.013179 0.162696 0.240260 -0.815598 0.346190 0.320576 0.098373 0.157728 0.317554 -0.847673 0.374299 0.517469 0.015174 0.190223 0.132028 0.769385 -0.448650 -0.223680 -0.581034 -0.022618 0.744472 0.552327 0.722202 -0.023181 0.208999 0.236155 0.034825 -0.072636 0.577316 -0.112880 0.295443 0.174350 0.427469 0.192342 -0.663026 0.902496 0.328125 -0.390525 -0.315979 -0.309610 -0.966477
er</w> -0.288902 -0.194872 0.720820 0.502264 0.054486 0.043104 -0.112575 -0.280922 -0.493803 -0.340760 0.285418 0.037684 -0.043970 0.651385 -0.707135 0.944213 -0.102751 0.155928 -0.976469 0.188933 0.451033 -0.386216 -0.580855 0.476565 0.352979 -0.503316 0.303069 -0.650502 0.341296 0.775779 0.444960 -0.640399 0.137181 0.002583 0.055943 -0.701806 -0.101977 0.110010 -0.269447 0.048895 0.593125 -0.011322 -0.332439 -0.191011 0.294034 0.748836 -0.418262 0.291269 0.011810 -0.412184
(</w> 0.202938 -0.059944 0.292980 0.256899 -0.021169 0.390501 0.171689 -0.212720 -0.477631 -0.008497 -0.217535 0.483072 -0.322595 0.195213 -0.208039 -0.367778 -0.465471 0.091373 -0.468990 0.127840 0.239630 -0.104501 -0.142527 -0.271184 -0.438039 -0.184616 -0.261295 -0.016055 -0.119335 0.618385 0.003261 0.148124 0.226853 -0.158657 0.273852 -0.236519 0.174376 -0.015038 -0.143991 0.277466 -0.254003 -0.291672 0.287238 -0.107573 -0.207859 0.097544 -0.188507 -0.391279 0.048532 -0.110702
one</w> 0.392527 -0.079418 0.285023 0.636403 -0.542590 0.471597 0.010228 0.284561 -0.205323 -0.612333 0.017905 0.610943 0.056485 0.200498 -0.294499 -0.570574 -0.001515 0.123807 -0.332817 0.192522 -0.541452 -0.044546 -0.182778 0.312746 -0.007544 -0.724019 -0.465852 -0.331285 0.329738 -0.067420 0.009178 -0.181220 -0.277825 -0.555974 -0.633643 0.080310 -0.327721 0.120314 -0.183292 -0.019023 -0.128512 0.459601 0.108096 -0.544086 0.373876 0.042580 -0.153036 -0.425208 0.013420 -0.681706
r 0.134538 -0.260782 0.105037 0.424483 -0.024746 0.258459 0.545949 -0.956313 -0.857362 0.606562 0.422660 0.063306 -0.275455 -0.489529 -0.152678 -0.161012 -0.001284 -0.061156 -0.718596 0.834262 -0.194091 0.062956 -0.239620 0.355467 -0.706270 -0.601436 -0.143658 0.126702 0.035638 0.082844 -0.428281 -0.041502 0.253683 0.959764 -0.159662 -0.335355 0.470957 -0.478438 0.645498 0.112918 -0.123447 0.596490 0.009276 -0.518032 0.129555 -0.387927 -0.183481 0.373379 -0.344408 0.482031
at</w> 0.457240 -0.240222 -0.164575 0.017719 0.207345 0.573649 0.346574 0.011273 -0.749868 -0.368556 -0.205137 0.019449 -0.263033 -0.278232 0.406325 0.156210 -0.097377 0.002333 -0.212420 -0.193947 0.003271 -0.255029 -0.136371 0.196084 -0.075323 -0.367765 -0.118595 0.219201 -0.016221 0.419424 0.296974 0.181958 -0.245746 0.144254 -0.227481 -0.630619 0.043796 -0.038991 -0.426833 -0.436236 0.235529 0.384710 0.710190 -0.716918 0.110221 0.108154 0.088592 -0.587421 -0.353492 0.024762
be</w> 0.573510 0.580011 0.577750 -0.020809 0.283520 -0.034967 0.290499 0.224137 0.086379 0.445528 0.261713 -0.382158 -0.359520 -0.174516 0.632090 -0.252282 0.371687 0.338915 -0.898204 0.771312 -0.141873 -0.242422 0.184761 0.221354 0.587893 -0.346475 -0.399396 -0.533243 0.007336 0.642333 0.252307 0.501008 0.118952 0.252106 0.177385 -0.221642 -0.213053 -0.119124 -0.172987 0.099832 0.393039 0.505439 -0.024287 -0.061905 0.564936 0.628006 0.128317 -0.275615 -0.313838 -0.910970
n 0.320303 0.350110 0.202667 -0.038900 0.554419 0.649324 0.682573 -0.965837 -0.314739 0.269790 0.842051 0.387206 -0.414212 -0.268626 -0.722779 0.026149 -0.144723 -0.294005 0.006210 0.828285 -0.717760 -0.277835 -0.098470 -0.412217 -0.030762 -0.692285 -0.173150 -0.290358 0.649903 0.366616 -0.424981 0.282179 -0.162114 -0.383208 0.038461 -0.300368 0.134363 -0.174820 0.601139 0.335576 0.509341 0.192946 0.372005 0.028602 0.116344 -0.064546 0.566650 -0.096736 -0.151495 -0.457406
movie</w> 0.441647 -0.152235 0.376463 0.200132 -0.078279 0.171046 0.196746 -0.618354 -0.592117 -0.711646 0.034078 0.555714 0.092766 0.176603 0.032808 -0.807232 -0.085592 0.230077 -0.544104 0.865135 -0.183070 -0.133989 -0.028543 0.189526 0.362113 -0.172596 0.046521 -0.354146 -0.132540 -0.354531 0.102111 0.134682 -0.373497 -0.409090 -0.403327 -0.449797 -0.079016 -0.135346 -0.583812 -0.224284 -0.088172 0.819049 -0.415603 -0.214836 0.352083 0.125654 0.082682 -0.103318 0.415477 -0.366147
a 0.899882 -0.710534 0.101814 -0.298183 -0.046119 0.706097 0.518583 0.463525 -0.237580 0.352123 0.057521 -0.169295 -0.965104 -0.197738 -0.096337 0.307947 -0.165247 0.386308 -0.493348 -0.078095 0.086470 0.069451 -0.699877 0.404886 -0.361940 -1.202608 -0.386599 0.520399 0.024063 0.437961 0.177404 -0.390107 -0.042638 0.095974 0.483235 -0.583957 -0.178719 -0.171432 -0.232495 -0.551066 -0.300255 -0.309459 -0.780003 -0.360193 -0.504626 0.521135 -0.355893 0.082180 0.461349 -0.405945
e</w> -0.011156 0.374392 0.217480 0.463562 0.207690 0.516527 0.695778 -0.295519 -0.328952 -0.016783 0.563434 0.368147 0.162369 0.227467 -0.097039 0.511516 -0.278998 0.183667 -0.920755 0.858774 0.338829 -0.292192 -0.621780 0.289095 0.228877 -0.414857 0.079399 -0.314470 0.506256 0.103097 0.501282 -0.372873 -0.009892 -0.453060 -0.351974 -0.383674 0.626123 0.202102 -0.359304 -0.115172 -1.016675 -0.269938 -0.606281 -0.257866 0.084174 0.870087 -0.538294 0.298049 -0.350519 0.278740
my</w> -0.001923 -0.654795 -0.046903 0.322650 0.034065 0.634853 0.625697 -0.013647 0.204399 -0.305589 0.064852 0.248690 -0.349659 -0.006673 0.092690 -0.204425 0.089091 -0.243360 -0.233036 0.008338 -0.208195 -0.054590 0.161361 -0.376070 -0.562347 -0.903629 -0.871793 -0.038459 -0.242955 0.040623 -0.121621 0.138608 0.163901 -0.223830 -0.339280 -0.722597 0.389497 -0.175493 0.325438 0.245000 -0.205482 0.026534 -0.326649 0.261923 0.653226 0.587079 -0.072159 -0.066155 -0.417482 -0.102657
h 0.167629 0.024236 0.328249 0.356731 -0.665587 0.295344 0.804858 -0.047856 -0.780580 0.598534 0.382204 0.292796 -0.577354 -0.073151 -0.078717 0.484763 0.083911 -0.838527 -0.580274 -0.109865 0.006333 -0.129779 -0.165679 -0.340672 -0.584399 -0.563773 -0.037085 0.108144 -0.427584 0.058799 -0.373560 -0.230187 0.064544 0.283425 -0.279138 -0.616424 -0.122759 -0.677183 0.170906 0.459473 -0.358617 -0.151233 0.166179 -0.620340 -0.525754 0.133311 0.274683 0.062361 -0.099681 -0.631474
all</w> 0.005076 -0.338086 0.122592 0.420705 -0.081143 0.446404 0.012819 -0.042201 -0.597803 -0.184860 0.572621 0.034191 0.068879 0.628172 0.017412 0.046843 0.504761 -0.438296 -0.462902 0.313194 -0.766249 -0.102336 0.204401 0.409841 -0.378229 -0.435217 -0.034350 0.073589 0.540261 -0.199439 0.019236 -0.177829 -0.176883 -0.183483 0.158932 -0.444051 -0.095003 -0.142603 -0.333334 0.195302 -0.270221 0.559432 0.409739 -0.356903 0.152231 0.034333 0.235938 -0.088290 0.178069 -0.426125
o 0.169511 -0.439779 0.703902 0.082660 0.080730 0.307533 -0.049530 0.103659 -1.306872 -0.290345 1.246357 0.883044 0.184825 -0.523355 -0.469992 -0.061162 -0.073096 0.470641 -0.713080 0.133974 0.012166 0.039650 -0.717027 0.599262 -0.270719 -0.740503 -0.341158 0.376104 0.475925 0.309458 -0.391552 0.168000 0.326011 0.582016 0.866238 0.404025 0.452251 -0.222289 0.042142 -0.136782 -0.167456 -0.449481 -0.402312 -0.453928 0.612736 0.543370 -0.417560 -0.324069 0.065580 -0.045425
an 0.251476 0.993141 -0.242282 -0.094653 -0.507647 -0.071599 0.176750 -0.847970 0.142998 0.221788 0.006655 0.395345 -0.728649 -0.364142 0.341642 0.615946 -0.551984 0.186681 -1.021613 0.852457 0.444043 0.408075 -0.730293 0.497996 -0.462994 -1.110735 -0.422195 -0.153987 0.041881 -0.020943 0.479806 0.131578 0.365697 -0.626612 -0.145960 -0.290239 0.322516 -0.145436 -0.331864 0.215474 -0.555768 -0.738555 0.093584 -0.530581 -0.009051 -0.037515 -0.230884 -0.418391 -0.033288 0.189080
or</w> 0.060775 0.086121 0.336898 -0.126473 0.333123 0.380756 -0.228145 -0.071581 -0.449864 0.338603 0.090322 0.689190 -0.009569 0.081373 0.090117 -0.203588 -0.139510 -0.211241 -0.443122 0.432351 -0.056944 -0.090016 0.182515 0.301859 -0.383535 -0.753505 0.021517 -0.023592 -0.201078 0.158194 0.331552 0.140620 0.230039 -0.061733 0.012055 -0.310114 0.240386 0.199286 -0.015731 0.241459 0.079823 -0.004611 -0.005878 -0.129147 0.003504 0.727684 0.201068 -0.178960 -0.140474 -0.161677
y 0.699550 0.791809 -0.422693 0.034023 -0.619951 0.690206 0.270890 -0.551971 -0.255588 -1.468671 0.237663 -0.136162 -0.882809 -0.477117 -0.285957 0.143348 -0.007765 -0.033585 -0.379520 -0.166868 -0.257556 0.038371 -0.099421 0.096676 -0.174959 -1.007380 0.269082 0.577369 0.571570 0.290120 -0.295500 0.137163 0.882436 -0.758588 0.126433 -0.588899 -0.213367 -0.179520 0.190596 0.336407 0.112568 -0.692836 0.041604 -0.397542 -0.463492 0.534590 0.084588 -0.018809 -0.462886 -0.208031
film</w> 0.436708 -0.293491 0.171009 0.294525 -0.218181 0.309036 0.458703 -0.524443 -0.490914 -0.623707 -0.003278 0.345191 0.188746 0.177199 -0.154375 -0.508474 0.098267 0.231169 -0.391708 0.894956 -0.121962 -0.168691 -0.010136 0.067880 -0.046010 -0.245199 -0.008848 -0.644380 0.079579 -0.263753 -0.000865 0.287622 -0.416309 -0.364696 -0.363958 -0.522792 0.124198 -0.004979 -0.687477 -0.271427 0.059051 0.796921 -0.261995 -0.374515 0.202252 0.122662 0.002000 -0.132578 0.095562 -0.389539
they</w> 0.596943 -0.327610 0.031977 0.379037 -0.098528 0.566945 0.524323 0.035300 -0.923553 0.107745 -0.102001 -0.594303 0.386847 -0.009641 -0.194133 0.205768 0.074994 0.373302 -0.013897 0.671722 0.155411 -0.367350 -0.058391 0.424205 0.096533 -0.630991 0.063386 0.027823 -0.379922 -0.085144 0.311516 0.303608 0.726993 -0.248203 -0.525416 -0.239480 -0.308022 0.140878 -0.280722 0.103586 -0.488917 0.203453 0.683359 0.388265 0.846912 0.826660 -0.229649 0.085372 0.154671 -0.620038
k -0.596673 0.326327 0.070078 -0.433600 -0.270466 0.388929 0.313495 -0.544244 0.071832 -0.440961 0.519216 -0.041112 -0.534067 -0.045185 -0.209449 0.456694 0.136918 0.155645 -0.363775 0.146749 0.442337 -0.531020 -0.236786 0.253593 -0.166705 -0.893439 -0.337146 0.506559 0.466665 -0.024518 -0.161267 0.760304 0.494891 0.305689 0.679108 -0.041713 0.235321 -0.789351 -0.465428 0.042335 -0.664502 -0.065842 -0.018029 -0.304945 -0.678077 0.570781 0.368547 -0.064917 0.044749 -0.774824
en -0.008892 -0.076809 -0.380780 -0.127623 -0.336199 0.112584 0.744140 -0.365980 -0.135036 0.015663 -0.139497 -0.166551 -0.588114 0.696879 0.358909 -0.075202 0.217838 0.889322 -0.804455 0.633591 -0.150119 0.363688 -0.234792 0.248301 -0.464171 -0.922402 0.407595 -0.888451 0.501488 0.194945 0.075264 0.732948 0.227486 -0.755775 0.356181 -0.269582 0.237508 -0.564359 -0.513223 -0.253665 -0.060063 -0.486384 -0.334773 -0.369985 -0.011008 0.454836 -0.163146 0.443751 -0.141857 0.621968
like</w> 0.165534 0.590270 0.443057 -0.133457 0.180101 0.450774 -0.184529 0.036063 -0.737656 0.557539 -0.043399 0.222768 -0.030721 -0.084644 0.184955 -0.251610 0.526603 -0.004173 -0.128808 0.187988 0.544962 -0.184498 -0.191786 0.447939 0.192073 -0.724871 0.008439 -0.245340 -0.008324 0.343974 -0.028979 0.286558 -0.448331 0.147298 -0.197730 -0.345846 -0.182816 0.143979 -0.388443 -0.046889 -0.156384 0.406257 0.506874 -0.676278 0.359979 -0.048671 0.125921 0.007581 -0.337150 -0.389053
de 0.450517 0.124375 -0.123003 0.288351 0.532620 -0.068717 -0.255641 0.461292 -0.573543 0.170413 -0.025614 0.375606 0.557715 -0.637764 0.407170 0.054655 0.513188 -0.044244 -1.018431 0.393662 0.048211 -0.596351 -0.142791 -0.037162 -0.108521 -0.143267 0.062826 0.238478 0.599142 0.851116 -0.452159 0.730638 -0.155628 -0.596121 0.215807 -0.583908 -0.060600 -0.485203 0.612938 -0.151036 0.274358 0.080570 0.299973 -0.178268 0.340443 0.419746 -0.703406 -0.170631 0.589073 -0.191025
at 0.862666 0.085969 -0.404511 -0.148463 0.304438 0.302928 0.174535 -0.807482 -0.783736 -0.624697 -0.089884 -0.380487 0.309665 0.234903 0.272561 -0.038220 -0.026028 0.214509 -0.649737 0.803977 0.089560 -0.483835 0.080543 0.409023 -0.203989 -0.945450 0.190722 0.363908 0.504833 0.853267 -0.784886 0.783856 0.167164 -0.507863 -0.041875 -0.201507 0.300262 -0.728196 -0.184648 0.283879 0.099921 -0.445179 -0.097919 -0.373527 -0.264220 0.354194 -0.360343 -0.444902 0.086456 1.023017
al</w> -0.195228 0.676991 0.451402 0.061154 0.396036 -0.091538 0.161239 -0.537329 -0.121160 0.165287 -0.643772 0.252865 -0.154847 0.306215 0.197771 0.279112 -0.159123 0.057034 -0.953818 0.419707 -0.632423 -0.179158 -0.271510 0.176584 -0.455914 -1.106576 -0.299722 -0.059498 0.707675 0.295934 0.354894 -0.508416 0.068737 0.090906 -0.531549 -0.446973 -0.357081 0.172261 -0.205558 -0.191359 -0.031440 0.167659 -0.196703 0.306856 0.458460 0.506118 -0.124336 0.084532 -0.594903 0.018391
he</w> 0.314704 -0.356597 0.714441 -0.390656 -0.241130 0.697486 0.204567 -0.158821 -0.785188 -0.059208 0.272220 0.105145 0.389344 0.033447 -0.092413 0.443175 0.462367 0.663651 0.002899 0.544583 -0.088154 0.209414 0.042315 -0.342861 0.138473 -0.427907 -0.193441 -0.695775 -0.369931 0.137312 -0.086055 0.041031 0.563607 -0.408116 -0.232425 -0.502055 -0.048327 0.094972 -0.421453 -0.192307 0.148438 0.202641 0.403990 0.463528 0.076808 0.945321 -0.340773 0.013336 -0.057774 -0.931025
w 0.225404 -0.107110 0.182386 0.396737 -0.351354 0.087781 0.522825 -0.565082 -0.460012 0.092042 0.587103 -0.055164 -0.586742 0.367299 -0.508038 0.433215 -0.155361 0.001030 0.205013 -0.012840 0.108969 -0.309641 0.519522 0.490870 -0.496547 -0.771827 0.392650 0.285086 0.344801 1.207582 -0.221296 0.136082 0.401728 -0.464097 -0.450058 0.057895 0.055378 -0.099069 -0.597870 -0.416875 -0.418319 -0.244683 0.196394 -0.579122 -0.232245 -0.098151 0.599681 0.520169 -0.283152 -0.509807
ly</w> 0.697289 -0.072128 0.672555 0.149209 -0.660198 0.470186 0.311362 -0.392940 -0.482853 -0.099278 -0.081931 -0.098046 0.103025 0.193479 -0.411788 0.828111 0.660352 0.286606 -0.844097 0.364709 -0.750262 0.015607 0.250245 0.621186 0.069969 -0.542628 -0.295235 0.080139 0.666666 0.046341 -0.002955 0.961020 -0.055643 0.487122 0.313185 -0.219299 0.199715 0.284308 -1.183133 -0.330524 0.292390 0.703726 -0.255190 0.461123 0.297556 1.080090 -0.062821 0.810680 -0.434679 0.126409
l -0.609380 0.430529 0.611076 0.687459 -0.482496 0.432711 0.075016 -0.437019 -0.982980 0.058996 0.019630 -0.033378 -1.020456 0.133198 -0.098106 -0.034222 -0.076449 0.010553 -0.339373 0.061671 -0.190283 0.090385 0.129304 -0.143272 0.160497 -0.877558 0.117093 0.360549 -0.066385 0.473425 -0.512645 0.759906 0.798530 0.222290 -0.423847 -0.118773 0.225841 -0.343219 0.294431 -0.686892 0.167793 -0.017364 0.053774 -0.960142 -0.686333 -0.338650 0.064913 0.312902 0.092212 -0.040834
d</w> -0.205532 0.494459 0.329893 0.235759 -0.207671 0.462036 0.099288 -0.286616 -0.590958 -0.351642 -0.468493 0.521986 0.013025 0.245061 -0.485458 -0.179492 0.066504 0.057680 -0.728515 -0.140254 -0.216442 -0.094224 0.272965 0.130960 0.576422 -1.025918 -0.177075 -0.014029 -0.043903 0.357750 -0.104585 -0.308208 0.461292 0.170596 -0.022306 0.446714 0.326705 0.450125 -0.142991 0.504964 -0.247792 0.648127 -0.491056 -0.959073 -0.481463 0.952368 -0.302558 0.170775 -0.247733 -0.395536
sh 0.127977 -0.038926 0.073048 -0.474166 -0.646145 0.236542 0.993344 -0.167852 -0.406014 -0.184608 0.682358 -0.407658 0.012287 0.276157 -0.301844 -0.145464 -0.108289 0.131118 -0.520521 -0.234525 0.328222 -0.569072 -0.100905 0.421723 -0.797273 -0.561929 -0.615182 -0.030860 -0.478425 0.343632 0.506135 0.446204 0.257152 0.168076 0.105610 -0.352827 0.133931 -0.154616 -0.292809 0.039350 -0.197127 0.390341 0.034482 -0.426134 -0.298411 -0.097232 -0.028839 0.853294 -0.226834 -0.909467
so</w> -0.264137 0.371027 0.330199 -0.081911 -0.225716 0.491227 0.607109 -0.051745 -0.603728 -0.083424 -0.032590 0.643802 -0.268996 -0.061213 -0.091228 0.104539 0.477398 -0.245017 0.234967 0.663613 0.175844 -0.297149 -0.014708 0.718342 -0.394317 -0.311970 0.034068 -0.055540 0.014065 0.157813 0.306600 0.613638 -0.295407 -0.072681 0.122811 -0.312325 -0.432318 0.243955 -0.210859 0.172368 -0.193185 0.750760 0.520994 0.416757 0.057345 0.305041 -0.585730 -0.140866 0.041760 -0.278496
ar 0.576252 0.051253 -0.056352 0.144619 0.212527 0.520546 -0.035142 0.159892 -0.560263 0.746516 0.484186 -0.562503 0.198165 -0.635458 -0.331826 0.281860 -0.390917 0.489179 -0.425980 0.306904 -0.917829 -0.022604 -0.114989 0.634749 -0.918933 -0.953687 -0.232484 -0.300669 -0.031582 0.761419 0.043252 0.000441 0.375623 -0.253588 0.469169 0.236830 -0.456269 -0.245694 -0.371572 -0.278218 -0.360610 -0.047118 0.403406 -0.660427 -0.267641 0.469015 -0.481041 0.205568 -0.512534 -0.131795
u 0.607241 0.077868 0.391660 0.139934 -0.118672 0.042871 0.307101 -0.188167 -1.002909 0.062787 1.519140 0.288697 -0.096658 -0.532230 1.588717 0.144535 -0.076289 0.200399 -0.792205 -0.068887 0.585156 0.344954 -0.079955 0.490853 -0.002365 -1.413108 -0.173149 0.211727 0.522705 -0.057633 -0.024127 -0.159430 -0.047191 -0.920846 0.575337 -0.569816 -0.102870 0.158105 -0.362591 -0.079495 0.295887 -0.375658 -0.080725 0.231992 -0.359271 -0.415743 -0.574018 0.342027 0.055684 0.022473
v 0.006137 0.387841 0.826340 0.190007 -0.079565 -0.191212 0.690406 -0.510416 -0.421457 0.502525 0.198841 0.155070 0.050691 -0.006911 0.303262 -0.202924 -0.072285 0.100406 -0.799110 0.377050 0.075019 0.025661 -0.178222 -0.411290 -0.115956 -0.528609 0.554798 0.061692 -0.299693 0.670499 -0.168202 0.399079 0.063672 -0.483034 0.314064 -0.279464 -0.349080 -0.735829 -0.549491 -0.503598 0.448895 -0.059486 -0.117810 -0.183412 -0.840424 0.296723 -0.579006 1.168357 0.079915 -0.431192
n</w> -0.281452 0.577198 0.652699 0.879443 0.224379 0.566791 0.003766 -1.036110 -0.148372 0.203275 0.009324 -0.284994 -0.365493 -0.125226 0.055006 -0.359689 0.165201 0.083635 0.036015 -0.077400 -0.215485 -0.586095 -0.564529 -0.197552 -0.259324 -0.894098 -0.132238 -0.109810 1.098117 0.289195 -0.153392 -0.368609 0.615082 -0.500682 -0.020774 -0.596039 -0.356613 0.339965 0.462878 0.239061 0.102637 0.567074 0.195432 -0.511487 0.176718 0.708632 0.216499 -0.342258 0.321029 -0.339441
just</w> 0.297994 0.043834 0.234241 0.112237 -0.336597 0.194022 0.444600 -0.030852 -0.328686 -0.338557 -0.233600 0.227554 -0.085347 -0.080929 -0.380431 0.113557 0.394881 0.261980 -0.380884 0.743638 0.131578 -0.021346 0.314947 0.420014 -0.164629 -0.448002 -0.056998 -0.318898 -0.049158 0.339205 0.237682 0.229818 -0.457435 -0.210427 -0.079200 -0.333397 -0.350924 0.377973 -0.162463 0.386827 -0.148262 0.411962 0.477166 -0.141172 0.252184 -0.082243 0.109120 -0.043268 -0.048746 -0.477731
</w> 0.044105 -0.244096 1.004222 -0.252358 -0.431180 0.132177 0.137423 -0.684620 -0.302316 -0.363731 0.101378 0.023349 -0.980350 0.144331 -0.171613 -0.188032 -0.069454 0.466004 -0.756812 0.097374 0.453076 -0.374787 0.004335 -0.702789 -0.431918 -1.482210 0.839916 0.375812 1.053909 -0.017123 -0.167050 -0.222259 0.121671 0.131889 0.367395 0.044286 -0.010297 0.080397 0.626777 0.438877 -0.736873 0.083455 0.319395 -0.444572 0.776892 0.588713 -0.293269 0.144751 0.217854 0.265904
ts</w> 0.608684 -0.621567 0.172397 -0.292704 -0.331421 0.118089 0.655283 -0.548780 -0.553127 0.297955 0.301042 -0.048645 0.238324 0.483668 -0.252816 0.240492 -0.164954 -0.273970 -0.939129 0.050643 0.054282 -0.678811 0.718317 -0.248536 0.307273 -0.538362 -0.534928 0.640874 0.971777 -0.145276 -0.058294 -0.107091 0.744519 -0.560614 0.336402 -0.546852 -0.237072 0.032158 -0.389534 0.798769 -0.732585 0.964423 0.424627 -0.454902 0.045214 0.253436 -0.071974 -0.526631 0.002312 0.344381
un 0.162011 0.472574 -0.633352 -0.736610 -0.241812 0.615391 -0.189154 0.210940 -0.025130 0.170908 0.089864 0.291333 -0.505153 -0.190329 -0.115962 0.485351 0.666649 0.170608 -0.823004 0.593507 -0.623069 -0.059596 -0.339693 -0.424535 -0.067811 -0.940407 -0.018795 -0.392489 -0.077929 0.232701 0.037351 0.685037 0.129908 -0.419141 -0.039281 -0.026733 0.016348 -0.393377 -0.125757 -0.066509 0.046105 0.340117 0.075204 0.100792 0.085911 0.182307 -0.218332 -0.205638 0.163897 -0.407043
by</w> 0.371349 0.413374 0.257306 -0.036400 -0.193817 0.400424 0.044423 0.026522 -0.301063 0.271967 -0.448921 0.236381 -0.673416 -0.115122 0.279805 -0.362018 -0.028665 0.315360 -0.330085 -0.171665 -0.137229 0.468001 -0.111950 0.188186 0.040524 -0.526148 -0.110342 -0.268689 0.448406 0.399003 0.154462 0.257498 0.422254 -0.151453 0.544626 -0.526399 0.086692 -0.494058 -0.307821 -0.574363 0.429762 0.236266 0.619940 -0.357123 0.077306 0.311550 -0.082508 0.218847 -0.201043 -0.316775
ch 0.327973 0.465921 0.612993 -0.505008 0.161930 0.199008 0.356492 -0.661746 0.132738 0.048201 0.320298 0.314858 0.398488 -0.222398 -0.250983 0.169587 -0.000169 -0.548166 -0.691198 0.142663 0.014826 -0.151809 -0.365941 0.928806 -0.979563 -0.699273 -0.353952 -0.433072 -0.019474 0.542560 -0.429119 0.445684 0.539391 -0.632263 0.456376 -0.515888 0.746299 -0.222610 -0.426458 0.159799 -0.403180 0.027717 0.636280 -0.433896 -0.455168 -0.486147 0.397049 0.562795 0.085543 -0.382027
ro 0.081141 -0.183838 -0.272461 0.878870 -0.126649 -0.143371 0.388182 0.066791 -0.968079 -0.758348 0.348643 0.079711 -0.615716 -0.094275 0.250454 -0.251075 0.437221 -0.529730 -0.605490 0.359799 -0.356708 0.334695 -0.925682 0.189994 0.049181 -0.931143 -0.455143 -0.018304 0.236775 0.127839 -0.928222 0.767014 0.503577 -0.032227 0.219141 -0.276934 -0.188824 0.372613 -0.143711 -0.309012 -0.089652 -0.311197 -0.033884 -0.308055 -0.562599 0.466222 0.459380 -0.200250 -0.292494 -0.035177
on -0.035991 0.572313 0.019890 -0.160922 0.285013 -0.216045 0.777375 -0.714250 -0.020995 0.133314 0.138868 -0.241207 -0.394215 -0.138591 0.658088 -0.070389 0.088626 -0.154228 -0.642003 -0.440691 -0.176068 0.353325 -0.374526 1.099876 -0.551660 -1.162430 -0.664309 -0.138510 0.285191 0.208145 -0.207856 0.845243 -0.038346 -0.707489 -0.259780 0.092183 -0.223325 -0.431836 0.318725 -0.462883 -0.375808 -0.710568 0.348797 -0.080653 0.539073 0.593519 -0.443528 0.336078 -0.625669 -0.453128
li 1.110638 -0.010167 -0.162722 0.634426 -0.159633 0.163043 0.448034 0.246276 -0.721039 -0.643241 0.027679 -0.035614 -0.203589 -0.418696 -0.282894 -0.567777 0.762009 -0.321235 -1.362588 0.200038 0.177974 -0.237945 -0.095948 0.103644 -0.153938 -0.283045 -0.578004 0.109934 -0.388980 0.468820 0.329380 0.005951 0.437722 -0.014438 0.501131 0.299466 0.050370 -0.261665 -0.103848 -0.716727 -0.305626 0.073916 0.081705 0.190057 -0.272011 0.283870 -0.429009 0.281899 -0.079194 -0.087238
from</w> 0.125400 0.027120 0.179781 -0.004940 -0.006070 0.305465 -0.183275 0.281081 -0.624029 0.028138 -0.387772 0.324844 -0.246870 0.444502 -0.100717 -0.224333 -0.100865 0.199795 -0.319754 -0.122240 0.195607 -0.209882 -0.007359 0.143541 0.109272 -0.648115 -0.379847 -0.137077 0.202486 0.227956 0.470429 0.133318 0.204831 0.225754 0.398229 -0.668199 -0.106765 -0.326139 -0.219166 -0.203126 0.276627 -0.100910 0.705336 -0.352292 0.000208 0.231173 0.095234 0.225349 -0.077085 0.139920
if</w> 0.601562 0.387620 0.345510 0.253234 -0.266854 0.755357 0.571693 -0.105218 -0.640343 0.006493 0.003479 0.544701 0.208213 -0.014769 -0.021242 -0.105362 0.411912 -0.375621 0.313008 0.384141 0.049798 -0.349360 -0.135339 0.355219 0.052718 -1.236994 0.008019 -0.659602 -0.429274 0.373372 0.338118 0.453405 0.003217 0.089718 -0.265400 0.083066 -0.434598 0.408542 -0.523231 0.050369 -0.505594 0.127983 0.637895 0.344702 0.423274 0.165050 -0.468343 -0.280286 0.768954 -0.004204
er -0.048286 -0.114627 -0.568251 -0.034997 0.497717 0.188715 -0.304298 -0.276887 -0.465283 0.382001 0.613589 0.310637 -0.405756 -0.391863 -0.330736 0.722730 -0.072463 0.214613 -1.559556 0.053588 0.499372 0.019338 0.176580 0.040830 -0.533672 -1.352640 -0.107293 -0.609537 0.326546 -0.091423 -0.404109 0.467303 0.744184 0.002000 -0.547171 0.135244 0.264041 -0.739024 -0.011442 -0.447757 0.135478 -0.512099 0.291440 -0.700690 0.218285 0.237757 -0.821972 0.485436 -0.012229 -0.255345
out</w> 0.684588 -0.249374 0.296250 0.553602 -0.930692 0.230121 0.169519 -0.047654 -0.018853 -0.436449 0.776270 0.117889 -0.517512 -0.034303 0.042851 -0.533554 0.024900 -0.141727 -0.435088 -0.213655 -0.053165 0.188641 0.185999 -0.103967 -0.014418 -0.652909 -0.387844 -0.152117 0.111958 0.304018 0.099493 -0.141171 -0.058783 -0.134839 0.045466 -0.351582 -0.477180 -0.208668 -0.102555 0.501509 -0.121042 0.671666 0.682622 -0.434171 0.369824 -0.017346 -0.100811 0.205834 0.413761 -0.080013
his</w> -0.078841 -0.360782 0.517916 0.310543 -0.029354 0.557881 0.211126 0.252453 -0.173135 -0.077334 -0.366287 -0.146445 -0.514433 -0.038295 0.005670 0.151154 0.110668 0.173446 -0.385057 0.087574 -0.238050 0.226254 0.056447 -0.293315 -0.575958 -0.350906 -0.791869 0.047705 -0.164700 0.695269 0.005774 0.129454 0.589180 -0.470913 -0.235107 -0.699202 0.143862 -0.303169 -0.187793 0.338674 0.115280 0.223302 -0.248899 0.396638 0.128933 0.359618 -0.491974 0.015180 -0.136182 -0.276108
ve</w> -0.174229 0.493756 0.096153 -0.104104 0.345133 -0.563770 1.166045 -0.073527 -0.668539 -0.132482 -0.371727 0.200770 -0.104468 0.176623 0.309905 -0.339022 0.017368 0.696059 -0.865400 -0.259312 0.402988 -0.548206 0.544557 -0.010170 0.384433 -0.504806 -0.532986 -0.242000 0.163063 0.525396 1.045656 0.780733 -0.466101 -0.479302 -0.188065 0.078491 0.264286 0.352730 0.572463 0.125215 -0.086266 0.329766 -0.192966 -0.715433 0.490420 1.171043 -0.449558 0.336700 -0.016366 -0.596309
or -0.180673 -0.071623 0.219440 -0.198270 -0.973783 0.864683 0.037235 -0.406593 -0.401009 -0.088034 0.511198 0.263258 -0.941594 -0.687554 -0.523337 0.194636 -0.341673 0.572457 -1.247115 0.649932 -0.197492 0.403207 0.104498 0.328823 -0.468291 -0.756773 -0.436601 -0.150110 0.122107 -0.346666 -0.113660 -0.020062 0.317985 0.065432 -0.145263 -0.077330 -0.074380 -0.546402 -0.236981 0.319310 -0.068047 -0.924494 0.309319 -0.358498 0.889392 -0.020107 0.147736 -0.136478 -0.220185 0.386309
#</w> 0.241677 0.028922 0.494928 0.232305 1.019821 0.155330 -0.035217 -0.457799 0.366260 -0.366920 0.151720 0.512917 -0.810972 0.148872 0.480746 0.049425 0.272596 0.355181 -0.760391 -0.254248 -0.668878 -0.636428 -0.638286 -0.139581 -0.603843 -1.545099 -0.232242 0.145943 0.334724 0.198161 -0.253457 -0.013186 0.002641 -0.626859 0.449862 -0.596835 0.312256 -0.386330 0.296289 -0.004158 0.058810 -0.035711 0.120210 0.371447 0.507231 0.011541 0.741369 -0.385242 0.184586 -0.117641
chatgpt</w> -0.238407 -0.443816 0.171407 0.161820 0.238871 -0.141937 0.374736 -0.640083 -0.086206 -0.351314 0.475555 0.194005 -0.682407 -0.382772 0.010093 0.366198 0.254478 0.525738 -0.371227 0.274624 -0.179386 -0.467889 -0.170703 -0.015584 0.061565 -1.183279 0.178944 -0.223738 -0.260293 0.190280 -0.323356 -0.413158 -0.139693 -1.320902 -0.190052 -0.474473 -0.032932 0.182313 -0.040594 0.344687 -0.096441 0.734567 0.279057 -0.152126 0.803997 0.102342 0.456613 -0.252411 0.835645 -0.983856
st</w> -0.114909 0.434187 0.708025 -0.056992 -0.200811 0.619625 0.326225 0.437627 -0.245917 0.058417 -0.408414 0.759638 -0.131622 -0.057590 0.135236 0.237424 -0.441305 -0.163961 -0.683059 -0.679784 -0.511775 -0.766443 -0.119111 -0.109321 -0.282979 -0.718239 -0.359035 0.014629 0.214454 -0.082167 -0.020983 0.043622 -0.312536 -0.045792 -0.003751 -0.426748 -0.190612 0.417774 -0.014398 0.155420 -0.365030 0.227478 -0.457561 -0.465762 -0.032790 0.791610 -0.021727 -0.188433 0.249891 -0.395756
en</w> 0.348507 0.695145 0.138630 -0.165214 0.090298 0.242749 0.620194 0.005412 -0.690606 -0.197852 0.701960 -0.009381 0.187611 0.770125 -0.552870 0.514037 0.594993 0.067819 -0.463184 -0.047603 0.351939 -0.298526 -0.044727 -0.143405 0.390074 -0.982981 -0.491064 -0.554871 -0.180142 0.587672 0.314443 0.274973 0.211140 -0.522104 0.015805 -0.908414 0.566522 -0.083228 0.284352 0.009975 -0.052692 0.049832 -0.704215 -0.762517 -0.161369 0.753870 0.285067 -0.187726 -0.156002 0.399690
ers</w> -0.210822 0.012655 -0.040843 0.884126 0.325971 0.185166 0.181389 -0.470678 -0.531082 -0.079328 0.387425 0.249562 -0.024756 0.695104 -1.012045 0.694449 -0.051860 -0.199564 -0.941741 -0.130160 -0.196955 -0.122881 -0.144603 0.572842 0.280195 -0.886401 0.171573 0.037436 0.456295 0.125725 0.190280 -0.322663 0.607621 -0.108876 -0.300091 -0.311795 -0.052298 -0.064365 -0.123356 0.112633 0.045723 -0.016655 -0.099379 -0.343191 0.446677 0.536261 -0.086323 0.240893 -0.312972 -0.109971
can</w> 0.367188 0.251971 0.463542 0.472047 -0.462108 0.510906 0.778900 0.008639 -0.641627 -0.203060 -0.120419 0.213892 0.037634 -0.317585 -0.052063 -0.119717 0.258735 -0.061467 -0.105073 -0.377462 0.302669 -0.309333 -0.332730 -0.193144 -0.125470 -0.774044 -0.035666 -0.256435 -0.036223 0.163404 0.201676 0.903860 -0.395576 -0.650404 -0.315733 0.481978 0.357353 0.487689 -0.179664 0.296066 -0.704522 0.217451 0.823220 0.049623 0.241033 0.524124 -0.123186 -0.438387 0.507763 -0.164233
me</w> 0.703559 -0.066149 0.428085 0.393582 -0.568338 0.119492 0.619727 -0.267211 -0.087261 -0.088945 0.240526 0.018284 0.106961 -0.079647 0.630192 0.109178 -0.046903 -0.307783 -0.034115 0.566807 -0.007515 0.380298 0.129367 -0.056016 -0.087311 -0.661009 0.185581 0.133412 0.231607 0.705916 0.349291 -0.127421 0.295869 -0.790766 -0.376130 -0.240955 -0.042908 -0.304707 -0.486254 0.539668 0.310654 0.390020 -0.116306 0.092285 0.332016 0.195075 0.532733 0.009755 -0.101637 -0.311119
?</w> 0.431710 -0.085885 0.432978 0.253574 -0.083793 0.576898 0.085038 -0.559495 -0.364350 0.027024 0.225354 0.986500 -0.247313 0.389859 0.076444 -0.013659 -0.091415 0.325021 0.032545 0.114667 0.618244 -0.355643 -0.225901 0.090843 -0.490477 -0.502909 0.325517 0.023147 -0.131203 0.009228 -0.004902 0.454577 0.055107 -0.340532 0.339231 -0.508117 0.050700 0.189152 -0.065230 0.488409 -0.286368 -0.229917 0.553180 0.224307 0.286595 0.151382 0.309001 -0.307599 0.348212 -0.124295
m</w> -0.479202 0.298056 0.866291 0.277206 -0.281218 0.022065 0.390629 -0.710129 0.184707 -0.304576 0.291722 -0.061374 -0.164074 -0.474281 -0.353648 -0.603487 0.023001 -0.231892 -1.059069 -0.003400 -0.228791 -0.313835 0.080852 -0.101343 0.054148 -0.690810 0.278723 -0.869278 0.708733 0.586842 0.272951 0.379568 -0.784045 -0.407813 0.193422 0.188168 0.529903 0.327840 -0.207813 -0.146519 -0.082853 0.631080 -0.253621 -0.476238 0.104454 0.788835 -0.388700 0.058416 -0.480065 -0.753887
le -0.178959 -0.313660 -0.537186 0.641393 -0.094164 0.163679 0.198790 0.091716 -0.320010 -0.586536 0.567044 0.436365 -0.315969 -0.044736 -0.470599 0.089852 0.090994 -0.266177 -0.986616 0.116501 -0.088907 -0.240360 -0.566106 0.130406 -0.275831 -0.175387 -0.854795 0.100204 0.565456 0.147728 -0.104476 0.458100 0.469320 -0.565195 0.126194 -0.044588 -0.064648 0.098692 0.396188 -0.420069 0.503270 -0.140127 0.523399 -0.303720 -0.043827 0.955322 0.063238 0.438703 -0.253011 -0.357321
sp -0.273542 -0.326744 -0.151072 -0.134684 -0.534412 0.476660 0.960783 -0.430355 -0.399642 0.822974 0.309159 -0.045716 -0.249844 0.261418 -0.282677 -0.717161 0.197230 0.059888 -0.858762 0.656510 0.194295 -0.387290 0.185545 0.175473 -0.747934 -0.482125 -0.135235 0.004856 -0.074074 0.581154 -0.823725 0.695147 -0.126056 0.232924 0.203583 -0.324255 -0.677878 -0.182341 -0.288148 0.602711 -0.054905 0.557811 -0.450942 -0.189290 -0.220466 0.130002 0.184008 1.197441 0.088375 0.133895
\</w> 0.163812 0.126207 0.501288 0.409096 0.085418 0.886762 0.172640 -1.315151 0.022492 -0.080687 0.357356 0.481519 -0.915785 -0.350338 0.546818 -0.390658 -0.144782 0.508942 -0.248362 0.143035 0.146276 -1.163066 -0.266272 -0.195540 -0.803288 -1.710916 0.221755 0.137333 0.287271 -0.332678 0.058735 -0.332974 0.723298 -0.720551 -0.237492 0.005161 -0.607070 0.557108 0.232973 0.197247 -0.123439 -0.181658 1.137165 0.063418 0.750220 0.108085 0.186143 -0.460051 0.299842 -0.818834
k</w> 0.099095 0.746497 0.640338 0.172494 -0.050446 -0.000412 0.420510 -0.623498 -0.599669 -0.115669 0.490433 0.109423 -0.314192 0.025104 -0.569695 0.023206 -0.100127 -0.540866 -0.436978 0.130351 -0.150963 -0.460416 -0.499848 0.482356 0.432264 -0.576624 0.104979 0.090913 0.160710 0.434074 0.792851 -0.339550 0.327048 -0.333432 0.314971 -0.639819 -0.263627 0.022149 0.239576 0.369627 -0.986421 0.768901 -0.266765 0.303694 -0.340007 0.531978 -0.076839 -0.154547 0.244504 -0.206635
al -0.057561 0.394089 -0.150144 0.219925 0.248390 0.610293 0.875508 0.149419 -0.370680 -0.004801 0.290056 0.209022 -0.161650 -0.664004 -0.670014 -0.092615 0.147522 0.332702 -1.170711 -0.241478 -0.371690 -0.271989 -0.374621 0.136791 -1.170779 -0.889258 0.206715 0.091476 0.449369 0.085107 -0.076526 0.074552 0.797968 0.227656 0.474528 -0.317593 0.240770 -0.083511 0.084014 -0.208943 -0.059327 0.072953 0.418640 -0.134152 0.324554 -0.000068 0.460687 -0.279424 -0.392774 0.415996
el 0.009823 -0.568791 -0.133281 -0.159530 0.073461 0.345035 0.499323 0.329251 -0.602670 -0.277462 0.481144 0.016979 0.217965 0.012996 -0.098843 -0.399001 -0.682527 0.524266 -1.459514 0.145723 -0.085473 0.715752 -0.234108 0.197452 -1.142151 -0.814921 -0.617732 -0.227283 0.531014 0.121693 0.499729 0.650692 0.065146 0.020520 -0.471312 -0.211244 0.286494 -0.398618 0.261325 -0.186000 0.518102 -0.309306 0.357200 0.214637 -0.408627 0.278618 -0.044919 0.049194 -0.007456 -0.435427
ri 1.049668 -0.099535 0.286036 0.421278 0.039587 -0.524067 0.690324 0.075066 -1.136849 0.141192 -0.045261 -0.437524 -0.566913 -0.477911 -0.369105 -0.389405 0.950770 0.007989 -0.247719 1.124701 -0.278273 0.115327 0.157080 -0.246492 -0.375585 -0.685866 -0.433117 0.365461 0.649708 0.410211 -0.056636 -0.041440 0.270799 -0.159954 0.511654 -0.442327 0.242122 -0.181720 0.212811 -0.529676 -0.199012 0.435010 0.034907 0.021331 0.154146 -0.211457 0.454929 -0.299227 -0.257856 0.016100
it 0.314450 1.042710 -0.131617 -0.071182 -0.319572 0.361750 0.820444 0.279462 -0.588109 -0.764271 0.189132 0.400570 0.135912 0.009584 0.041314 -0.374503 0.843487 0.642780 -0.923311 0.458213 0.105815 -0.345107 -0.258657 -0.172483 -0.381434 -1.100777 0.420471 -0.133314 0.211229 -0.187221 -0.716784 1.012110 0.273909 -0.207222 0.165161 -0.111055 0.146695 -0.797690 0.348763 -0.274896 0.957674 0.024460 -0.018305 -0.620825 -0.053703 -0.068770 -0.388693 0.170310 -0.066958 0.789960
some</w> -0.004908 -0.204211 0.130274 -0.061604 -0.129312 0.347451 0.280359 0.087477 -0.239456 -0.148181 0.186763 -0.266524 0.152309 0.199821 -0.213015 -0.182057 0.144496 0.320034 -0.076130 0.211441 -0.691951 -0.299007 0.203855 0.247858 -0.205343 -0.634145 -0.758670 0.298991 -0.083147 0.459107 0.355222 0.103017 -0.160322 -0.640929 -0.007227 -0.732838 -0.496211 -0.012926 -0.429130 0.566026 -0.248871 0.274171 0.043504 0.039473 0.338176 0.165989 -0.654525 0.261080 0.058748 -0.051794
good</w> -0.015918 0.142585 0.531765 -0.257371 0.065230 0.438361 0.040000 -0.196529 -0.520843 -0.361128 -0.328603 0.195750 0.239681 -0.362879 -0.036394 -0.025489 0.530810 -0.010108 -0.225530 0.205559 0.061103 -0.039831 0.491921 0.219047 -0.366616 -0.800458 0.229001 0.139795 -0.183953 0.188296 0.683825 0.286432 0.090012 -0.111317 -0.533346 -0.546855 -0.059533 0.107571 -0.199649 -0.446469 -0.456784 0.449710 0.032207 -0.517317 0.500436 -0.684960 -0.140968 -0.620998 -0.069847 -0.724531
who</w> 0.271884 -0.272405 0.507826 0.004530 -0.418285 -0.006809 -0.256164 0.336707 -1.028317 0.105512 -0.283413 0.176407 -0.533540 0.318101 -0.477702 0.464075 0.536431 0.324108 0.298936 0.489798 -0.250007 -0.617548 -0.229786 0.325600 0.171408 -0.503950 -0.607398 -0.540261 -0.000033 0.420678 0.415594 0.366045 0.494031 -0.624595 -0.079638 -0.391958 0.116005 0.474203 0.082304 0.010398 0.179903 0.076136 0.283052 -0.064454 -0.000714 0.405374 -0.142920 0.554577 0.097798 -0.494485
about</w> 0.289026 -0.212144 0.708500 -0.145110 0.002688 0.184532 -0.249072 0.423792 -0.496395 0.010325 -0.195409 0.576726 -0.432976 0.137695 0.117279 -0.052743 -0.112080 0.238679 -0.290539 -0.002218 0.275038 0.062945 -0.004050 0.315320 0.409843 -0.812784 0.248533 -0.509009 0.046593 0.306311 0.228199 0.419384 -0.338595 -0.211068 -0.168606 -0.729115 -0.233889 -0.755621 0.173609 0.414169 -0.126565 0.192121 0.653395 0.093794 -0.064673 -0.071257 0.278806 -0.050394 0.322362 -0.421200
di 0.652916 0.049555 0.086208 -0.061738 0.534718 -0.578567 0.553511 -0.157920 -0.457032 -0.411182 -0.390351 -0.601278 -0.785945 -0.074069 -0.205891 -0.486176 0.340660 -0.091945 -1.230266 -0.224861 -0.016935 0.228826 -0.061408 0.595025 -0.526555 -1.138731 -0.061808 -0.269067 -0.040862 0.243926 -0.532364 -0.030477 0.286373 -0.272316 0.223224 -0.272313 0.157159 0.301346 -0.721068 0.064372 -0.004144 -0.254964 -0.239323 0.087493 -0.016080 -0.158623 -0.419837 0.585082 0.495994 -0.160102
am -0.565315 0.030555 -0.444950 -0.062703 0.240532 -0.064264 0.616511 -0.073784 -0.491773 -0.175125 -0.178349 0.292090 -0.044940 0.256588 0.349106 -0.132877 0.207663 -0.065068 -0.628623 0.601162 0.508753 -0.074339 -0.733853 0.490341 -0.857255 -1.231136 0.011444 -0.662281 0.328155 0.973255 -0.090984 0.017347 0.510817 -0.431076 0.103533 -0.200316 0.562133 -0.535014 -0.353460 0.403465 0.202190 -0.391464 0.344734 -0.306478 -0.526437 -0.291059 0.472616 0.118016 -0.485510 0.422168
there</w> -0.336469 -0.542167 0.287290 0.166036 -0.062923 0.341422 0.254922 -0.313591 -0.932546 -0.124674 -0.152674 -0.018888 0.066847 0.075196 -0.217063 0.124701 0.317620 -0.045168 0.268120 0.726752 0.617652 -0.181423 0.126237 -0.154403 -0.461724 -0.710036 0.074798 -0.441604 -0.335145 0.047682 0.075719 0.460994 0.727771 -0.555725 -0.558334 -0.636877 -1.050337 0.494792 0.262641 -0.549154 -0.239235 0.452652 0.636279 -0.688438 0.386459 0.027328 -0.089538 -0.130530 0.369192 -0.533501
j -0.329788 0.183290 0.782454 -0.252257 0.314471 0.655576 0.648215 -0.729126 -0.249609 -0.070844 0.409560 -0.248955 0.080368 0.161989 -0.508320 -0.208323 -0.066554 -0.563583 -0.385807 0.431535 -0.200845 -0.113497 -0.638038 0.224765 -0.771162 -0.686512 0.137055 0.126668 0.081165 0.799300 -0.287842 0.050087 0.190544 -0.271083 0.169918 0.040204 0.356558 -0.139390 -0.350949 0.034703 0.127663 -0.396825 0.023450 -0.305859 -0.558007 -0.104500 -0.082083 0.000673 0.892179 -0.491386
ac -1.092220 0.005549 -0.194034 0.132392 -0.246782 -0.462696 0.161288 0.450499 -0.747797 0.198260 0.202273 0.069985 -0.074071 -0.002811 0.447713 0.371675 0.069892 0.825958 -0.973018 0.109723 -0.020545 0.154620 -0.709921 -0.179714 -0.763885 -1.032069 0.233442 -0.110106 -0.126697 0.199800 -0.286937 0.641926 0.368857 -0.140943 0.819824 -0.650387 -0.558481 -0.509761 -0.221095 0.157512 -0.057145 0.295836 0.685798 -0.033273 0.111693 0.487194 -0.653417 -0.217452 -0.005589 0.287900
has</w> 0.703391 0.173421 -0.097897 0.304675 0.147893 -0.023836 -0.107002 0.451830 -0.567988 0.078058 -0.290309 0.444271 -0.659390 0.063584 -0.252314 -0.247089 -0.287481 0.127139 -0.689516 -0.298365 0.772225 -0.069927 0.394525 -0.001012 0.117148 -0.611426 0.404980 0.179861 0.305957 0.732258 0.335699 0.906582 0.374397 0.114636 -0.548905 -0.201964 -0.219668 0.267366 -0.247746 0.084140 0.706026 0.038416 0.123948 -0.274753 0.405593 0.134236 -0.144786 -0.420454 0.063798 -0.437724
se</w> 0.069414 0.673383 0.695432 -0.260119 -0.185126 0.466258 0.244833 -0.685953 0.618899 0.038906 -0.107853 0.210331 -0.171291 0.270745 0.062058 0.226610 0.136799 0.444298 -0.794137 0.353182 0.233713 -0.404599 -0.641325 0.554975 -0.461645 -0.381860 -0.512204 0.377999 0.312747 -0.189600 -0.309757 -0.054904 -0.434575 0.550554 -0.231274 -0.475355 -0.421816 0.050275 -0.143086 0.389034 -0.536562 0.973577 -0.248667 -0.588293 0.141189 1.067956 -0.214029 -0.186918 0.463445 -0.623224
o</w> -0.168963 0.261287 0.341028 -0.219753 0.024199 0.259726 0.889785 -0.348700 -0.919549 -0.137956 0.245871 0.444873 -0.080065 -0.102781 -0.223612 0.249804 -0.098656 -0.122232 -0.443298 0.005951 0.097213 -0.091674 -0.449682 0.319675 -0.208213 -0.558483 0.405494 -0.074053 0.522455 0.026921 0.003609 -0.058597 0.393614 -0.377747 0.420411 -0.441010 0.194063 -0.228711 0.213612 0.147814 -0.042583 0.440085 -0.489882 -0.380080 -0.224206 0.818568 -0.716732 0.267772 -0.492261 -0.116315
se 0.073056 -0.075812 0.257847 0.235335 -0.324320 0.053797 0.779196 -0.140198 0.247866 -0.737479 -0.012174 -0.065416 -0.750384 -0.369770 0.164247 0.009146 0.075818 -0.464714 -0.907384 0.129539 0.264526 -0.165862 -0.834233 0.478717 -0.161762 0.266644 -0.946483 -0.045016 0.319733 0.038972 -0.402279 0.447043 0.325257 0.008486 -0.147595 -0.304597 -0.181673 -0.255794 0.256500 -0.126336 0.375101 -0.332065 0.648233 -0.338308 -0.480724 1.041103 -0.578694 -0.400358 0.444812 -0.430854
what</w> 0.519721 -0.431534 0.587388 0.006673 -0.298171 0.424863 0.434327 -0.376550 -0.454656 -0.157660 0.089913 0.326180 -0.217092 0.226233 0.045494 0.268269 0.552949 0.086249 0.053777 0.574330 0.129495 -0.008909 0.065110 0.059922 -0.172198 -0.672047 -0.037128 -0.821074 -0.049951 0.428991 -0.046377 0.213157 -0.491705 -0.443687 -0.331853 -0.206081 -0.540278 0.441028 -0.143489 0.280776 -0.418057 0.266960 0.533233 -0.331803 0.266097 -0.231880 0.005180 0.154966 0.139497 -0.317995
very</w> -0.098638 0.099151 -0.077339 -0.592391 -0.376180 0.252450 0.064936 -0.386301 -0.177193 -0.062465 -0.540796 0.225169 -0.201909 -0.138731 -0.077480 -0.019457 0.484777 -0.029790 0.020698 0.510623 0.143695 0.089942 -0.138102 0.551509 -0.210536 -0.382263 -0.073480 0.150117 0.054895 0.654007 0.731790 0.790963 -0.107592 -0.014651 -0.064321 -0.913175 -0.098206 -0.077444 -0.115007 -0.261610 -0.074172 0.500437 -0.188130 -0.221053 0.372716 -0.026891 -0.245499 0.101512 -0.451970 -0.637679
ad 0.301856 0.062311 -0.731403 0.126472 -0.505078 0.099590 0.780181 0.288369 -0.061274 0.622372 -0.108388 0.209643 0.117703 -0.119541 -0.190631 -0.067867 0.554731 -0.143166 -0.741426 0.620500 0.067451 -0.034675 0.317792 0.355613 -0.450495 -0.405109 -0.287790 0.296658 0.436929 0.957029 -0.178227 -0.063761 0.476289 0.394408 -0.255531 -0.744771 -0.036514 0.283750 -0.179717 -0.707071 -0.070368 -0.393130 -0.126788 -0.525094 -0.042467 0.277892 -0.546967 -0.533449 -0.527006 -0.622025
when</w> 0.205315 -0.089999 -0.156073 0.295313 -0.337231 0.460821 0.443426 -0.102859 -0.654488 -0.039232 -0.186406 0.365411 -0.206261 0.048126 -0.080678 0.021736 0.043513 -0.432947 -0.083080 0.198648 0.071192 -0.110022 0.132468 -0.008486 -0.187738 -0.926942 -0.249363 -0.624362 -0.135989 0.389833 0.146983 0.340673 -0.307797 0.559554 -0.034728 -0.222969 -0.197344 0.373835 -0.241755 -0.231474 -0.415539 0.315800 0.718772 0.001060 -0.118746 0.376072 -0.080314 0.214180 0.353856 -0.217888
more</w> 0.004779 0.023519 0.430377 -0.009204 -0.054945 0.062324 -0.024502 -0.080090 -0.112018 -0.123468 -0.323038 0.523971 0.050808 -0.037577 -0.518694 0.414236 0.135482 0.253849 -0.439452 0.532855 -0.104009 -0.246375 -0.396471 0.381653 -0.005495 -0.695744 -0.118763 -0.015769 -0.402652 0.370955 0.444881 0.321036 -0.033881 0.003187 -0.270391 -0.293632 -0.752214 0.243530 -0.220305 0.404882 0.009544 0.365996 0.075461 -0.328870 0.432505 -0.083680 -0.248582 -0.062715 0.293311 -0.080170
up</w> -0.102720 -0.333796 -0.185700 0.407190 -0.748502 0.136416 0.392511 -0.201870 -0.132812 -0.308694 0.299649 -0.097787 -0.346688 -0.100642 0.453143 -0.154650 -0.199879 -0.006900 -0.474716 0.278385 -0.088025 0.195397 -0.235837 0.413843 -0.080446 -0.699257 -0.283742 0.044131 -0.318876 0.753897 0.140197 -0.285363 0.461961 0.067358 0.195451 -0.577573 0.095297 -0.215645 -0.460363 -0.089937 0.120994 1.129969 0.495479 -0.098417 0.083888 0.093236 0.408105 -0.194530 0.113785 -0.369230
ds</w> 0.666288 0.402844 0.216684 -0.135446 -0.340431 0.243032 0.442945 -0.254343 -0.746351 0.383973 -0.392365 0.149568 0.403736 0.428431 -0.089758 -0.198840 0.023043 -0.697700 -0.646061 0.070297 -0.266479 -0.540124 -0.225577 -0.349361 0.017950 -0.542306 -0.823176 0.386709 0.566204 0.571707 0.279967 -0.006975 0.873231 0.136641 -0.644287 0.312214 -0.662153 -0.124958 -0.181460 1.250719 0.057901 0.762462 -0.288066 -0.669721 0.771052 0.511357 0.212469 0.024865 0.214928 -0.015807
would</w> 0.555630 0.013599 0.143934 0.605105 -0.362721 0.634088 0.519331 0.381767 -0.056560 -0.524017 -0.329369 0.599663 -0.234749 0.090378 -0.243729 0.019670 0.454835 -0.171706 -0.245095 0.323417 0.625694 -0.452606 -0.022300 0.100161 0.069872 -0.765725 0.099341 0.176785 0.302275 0.419571 -0.071571 1.029260 -0.223159 -0.129732 -0.339567 0.265273 0.152408 0.358857 -0.868827 0.384693 -0.283589 0.234831 0.706393 0.198625 0.568721 0.283354 -0.068160 0.031933 0.510634 -0.348706
we</w> 0.536849 -0.358818 0.031709 0.156009 -0.009256 0.528011 0.765833 0.254938 -0.587821 -0.247016 -0.192229 -0.461955 -0.139201 0.128561 -0.140728 0.028381 0.127721 0.037533 0.176852 0.314320 0.182976 -0.332693 0.143599 0.169761 0.199485 -0.675861 0.038232 0.227690 -0.089735 -0.119890 0.231014 0.248310 0.844270 -0.207013 -0.544182 -0.411865 0.010988 0.104645 -0.127942 0.104180 -0.784256 0.259636 1.011630 0.253519 0.948132 0.960118 -0.137146 0.024085 0.348438 -0.781235
si 1.076858 0.070181 0.079198 0.424603 0.035976 -0.023972 0.719476 0.380180 -0.831725 -0.950290 -0.329929 -0.153468 -0.897697 -0.222361 0.466523 0.786874 0.272097 -0.364861 -1.014997 0.092804 0.069596 -0.055232 -0.164655 0.712962 -1.066870 0.113091 -0.293912 0.774431 0.430268 0.538060 -0.373088 0.124618 -0.188621 -0.474902 0.188201 -0.146939 -0.944240 0.042684 0.453827 0.353958 0.264368 -0.154242 0.037978 0.051436 -0.694712 0.821605 -0.149093 0.028142 0.302927 -0.351578
her</w> -0.032733 -0.579768 0.040388 0.257328 -0.063741 0.630887 0.449268 0.039601 -0.067707 -0.185726 0.048084 -0.042624 -0.163961 -0.006791 0.186095 0.421997 0.068540 -0.240553 -0.591901 0.034163 -0.166821 0.301651 0.266729 -0.280405 -0.376273 -0.612257 -0.752024 0.054332 -0.128845 0.540279 0.327935 -0.010305 0.502926 -0.549408 -0.176211 -0.584868 0.209860 -0.280729 -0.292761 0.059461 0.379196 0.124606 -0.058962 0.167138 -0.090860 0.174832 -0.151248 0.053710 -0.349113 0.058190
ma 0.555488 -0.346733 0.255264 -0.296558 0.382404 -0.084014 0.182708 -0.337060 -0.914810 0.456884 0.060783 0.619468 -0.361201 -0.424739 -0.292866 -0.379277 0.058198 0.717397 -0.546987 0.539041 0.299003 -0.682053 -0.492314 0.097411 -0.678555 -0.342534 -0.138196 -0.007041 0.149526 0.839232 0.197267 -0.195903 -0.397390 -0.194945 -0.250997 0.044355 0.312195 -0.854974 0.147190 -0.563858 -0.052656 -0.191573 -0.651086 -0.100664 0.087142 0.931148 -0.380452 -0.463766 0.361528 -0.123789
be 0.280842 0.473995 0.152910 0.573560 -0.577834 0.638898 0.252852 0.579212 -1.089256 -0.410027 0.446583 -0.236944 -0.156967 -0.036326 -0.091658 0.270023 0.133980 -0.815845 0.144272 0.362454 -0.790272 0.327022 -0.288097 -0.300169 -0.472320 -1.046675 -0.058214 -0.103476 0.056984 0.367233 -0.030047 0.477153 0.314865 0.410680 -0.148365 -0.551874 -0.154892 0.321228 -0.228913 0.020884 0.132624 -0.350914 -0.355702 -0.078462 -0.076585 0.299135 0.809074 0.101862 0.110011 -0.558182
ic</w> 0.072403 0.342193 0.502439 0.130386 0.519681 0.529217 0.126915 -0.439801 -0.732553 -0.092112 -0.114020 0.751280 0.442015 0.059199 -0.425878 0.009315 0.198360 0.630882 -1.014236 0.005916 -0.485756 0.048156 0.045914 0.507331 -0.561403 -0.548956 -0.577078 0.355035 0.774227 -0.091672 0.024680 0.204991 0.072574 0.095093 -0.011338 -0.320021 0.217346 0.441420 0.120953 -0.028141 0.811952 0.520294 -0.343316 0.019221 0.095857 0.328521 -0.326785 -0.260410 -0.465288 0.196670
mi -0.004719 0.339048 0.405346 0.026833 -0.136718 -0.126699 0.536608 0.552992 -0.178517 -0.168735 0.720558 0.784875 -0.675696 -0.061909 0.169550 -0.537567 0.640357 0.523845 -0.208521 0.758909 0.563161 0.434910 -0.566079 0.045924 -0.387212 -0.617069 -0.196550 0.329956 0.308323 0.509032 -0.003170 0.417830 -0.836475 -0.405097 0.028218 0.066330 -0.198785 -0.214934 0.115138 -0.959546 0.268608 -0.140728 0.339403 -0.821878 -0.086471 1.007962 -0.202931 -0.231825 0.383451 -0.357712
su -0.408751 0.162383 0.285212 0.821978 0.299909 -0.040631 0.040296 -0.253781 -0.126894 -0.317332 0.277418 0.231339 -0.216854 -0.248532 0.112538 -0.440925 1.005764 0.839346 -1.217992 0.687941 0.603449 -0.292681 0.149511 0.324554 -0.545483 -0.457088 -0.110440 -0.211949 0.322045 0.388167 0.176666 -0.466074 0.465040 0.101767 -0.536506 0.180911 -0.812576 0.051105 0.170377 -0.618297 -0.108086 0.006972 0.966554 0.142840 -0.802854 -0.101158 -0.472914 0.849677 0.620549 -0.596866
th -0.142112 0.389202 0.783232 -0.224838 -0.134521 0.501522 0.411049 -1.027647 -0.644393 -0.073016 -0.228582 -0.481892 0.232697 -0.040311 -0.445815 0.155248 0.103379 -0.049826 -0.282662 -0.603912 -0.516832 -0.738622 -0.408094 0.269284 -0.729827 -0.538306 -0.777253 0.710376 -0.177861 -0.051962 -0.049803 0.366157 0.363076 0.202549 0.121617 -0.726975 -0.074633 -0.279862 -0.112312 -0.341564 -0.185354 -0.178620 0.161171 -0.524658 -0.295658 -0.004082 -0.233673 -0.336237 0.149093 -0.442813
ic -0.283123 0.129978 -0.038103 -0.242332 -0.082704 0.122922 0.472346 -0.214719 -0.486936 -0.193289 0.500020 -0.680960 -0.686394 -0.642722 -0.260610 0.098286 0.172119 0.709042 -1.414505 -0.036669 0.143189 0.241798 -0.039532 0.026224 -0.116461 -1.445917 -0.534310 -0.265901 -0.297412 -0.034463 -0.131411 0.146135 0.875687 -0.183834 -0.319926 -0.349257 -0.779464 -0.871690 -0.467085 -0.661542 0.673171 0.293150 0.983327 0.167936 -0.535988 -0.680355 -0.942143 0.005941 -0.636108 0.163334
ar</w> -0.022185 -0.116438 -0.433842 0.322606 0.114350 0.439544 0.082536 0.186426 -0.547480 0.362386 -0.005549 0.205661 -0.121881 0.282809 -0.027603 0.597595 -0.334555 0.504613 -0.852723 0.189683 -0.192053 -0.200564 0.067996 -0.364590 -0.124654 -0.450520 0.601661 0.135189 0.649730 0.295779 0.530825 0.103146 0.048832 -0.364934 0.053571 -0.731371 0.402087 0.017160 -1.022789 -0.334513 -0.470646 0.433879 -0.299279 -0.596739 0.184741 0.406192 0.047102 -0.003197 -0.470569 -0.236768
z 0.006930 0.664244 -0.103406 -0.538672 0.403563 0.289764 0.805557 -0.236128 -0.414314 -0.063130 -0.010878 -0.144848 -0.121616 -0.018268 0.040698 0.354350 -0.196186 0.059803 -0.731287 0.402361 0.127311 -0.230880 -0.267700 0.069359 -1.095255 -0.997476 0.068466 0.165274 0.068842 0.099881 0.399169 0.480523 0.108885 -0.487163 0.770835 -0.689278 0.393494 -0.153878 -0.334966 -0.093765 -0.240498 -0.852933 -0.279069 -0.814393 -0.787095 0.023218 0.204229 0.673161 -0.019893 -0.973256
p</w> -0.118691 0.900319 0.245160 0.176010 -0.338425 0.542178 -0.058734 -0.627209 0.003632 -0.720407 0.302136 0.305075 0.158185 -0.023048 0.083081 0.211518 0.134025 -0.047368 -0.769589 -0.230665 0.450837 -0.734083 -0.740621 -0.190950 -0.457655 -0.525221 0.041589 0.343850 0.175742 0.563251 -0.174673 -0.604379 -0.146017 -0.257681 -0.163578 -0.712300 -0.026623 0.046649 -0.139316 -0.299507 -0.480538 0.929824 -0.013426 -0.204436 -0.016463 1.041000 -0.299029 0.116868 -0.280219 -0.246101
ent</w> -0.294698 0.494067 0.621399 0.180755 0.439232 0.338753 0.236384 -0.337077 -0.725252 0.095401 -0.132134 0.643080 -0.075779 0.594186 -0.152832 -0.166420 0.211984 0.204210 -1.159630 0.110392 -0.015597 0.262563 -0.246257 0.967385 0.181625 -0.515967 -0.028638 0.350664 -0.345362 0.053001 -0.151920 -0.295899 -0.201550 -0.454777 -0.263265 -0.115812 -0.414332 -0.430557 -0.074917 0.090022 -0.600902 0.217622 0.032392 0.309395 -0.070981 0.749635 -0.322281 0.087221 -0.207826 0.531484
will</w> 0.421964 0.223876 0.183883 0.258141 -0.427207 0.579504 0.310371 0.194800 -0.416780 -0.347878 -0.205514 0.467844 0.048330 0.252006 0.228041 0.146399 0.635106 -0.323843 -0.333081 -0.165250 0.195893 -0.746387 -0.133274 -0.009227 0.296183 -0.939357 -0.009238 0.146953 0.045606 0.632235 -0.035956 0.529921 -0.101763 -0.013930 0.021032 0.370171 0.108363 0.233549 -0.571124 0.196188 -0.397055 0.146463 0.690531 0.703594 0.532437 0.529717 -0.176530 0.054941 0.351654 -0.283609
no</w> -0.428044 0.140374 0.117692 0.005603 0.009116 0.787998 0.490991 -0.102912 -0.295384 0.158755 0.243649 0.390606 -0.154718 0.146456 -0.365067 0.109046 0.446278 0.462486 0.015700 0.435878 -0.265452 -0.080578 0.242483 0.198248 -0.046888 -0.287471 0.201825 0.414023 0.247694 0.036931 0.537995 0.405025 0.148553 -0.774944 -0.537436 -0.739206 -0.072252 0.317182 -0.316676 0.172865 -0.036323 0.274822 0.269269 0.130620 0.459533 -0.034418 -0.259931 0.078337 -0.130157 -0.505447
:</w> 0.160656 0.068308 0.374130 0.411092 0.096559 0.246807 -0.177582 -0.477503 -0.499873 0.093385 -0.092919 0.502672 -0.364535 0.118706 -0.034834 -0.404877 -0.277094 0.198432 -0.234288 0.091669 -0.134667 -0.460341 0.018451 -0.171427 -0.075920 -0.734384 0.058833 -0.182717 0.018286 0.166461 0.223713 0.146437 -0.165292 -0.158117 0.564909 -0.461273 -0.065585 -0.076177 0.538380 0.229224 -0.081877 -0.119784 0.671722 0.174344 0.032653 0.070767 0.038275 -0.026427 -0.053954 -0.367277
ex -0.028322 0.009571 0.650562 0.125236 -0.814225 0.391894 0.216685 0.530283 -0.092146 0.311358 -1.055383 -0.269346 -0.216959 0.187726 -0.213530 -0.498346 -0.815722 0.307819 -0.885903 0.702272 -0.126895 0.300045 -0.674317 0.819967 -0.211932 -0.595293 0.413888 -0.321721 0.358174 0.165689 -1.320609 0.542980 0.563064 -0.617828 -0.197723 -0.656241 -0.368870 0.380082 0.031453 0.332702 0.506840 0.263526 0.241016 0.296072 0.247906 -0.026012 0.035491 -0.878192 0.137564 -0.353004
il 0.376350 0.932106 -0.884192 -0.020692 -0.587761 0.353081 0.319808 0.229309 -0.723535 -0.807841 0.336302 -0.640871 -0.105265 0.099272 -0.216621 -0.157112 0.013388 0.227935 -0.755847 -0.359524 -0.063028 0.573623 0.135509 -0.348794 -1.061801 -1.611254 -0.131041 0.174730 0.563522 0.703500 0.405252 0.392063 0.231970 -0.288831 0.270341 -0.451668 0.278820 -0.407842 0.155331 -0.327698 0.713942 -0.431259 -0.017715 -0.535522 0.356511 0.032456 -0.385491 0.143825 0.693427 -0.012177
get</w> 0.304853 0.245062 0.647300 0.173588 0.070661 0.322311 0.295799 0.101429 -0.504529 0.355529 0.528073 -0.239857 -0.000179 0.205164 0.323767 -0.130290 0.359493 0.036514 -0.364532 -0.109613 0.159021 -0.138054 0.139700 0.093047 0.472152 -0.381187 -0.539023 -0.579847 -0.092974 0.715953 0.184234 0.529234 0.028199 0.055527 0.128462 0.063008 -0.174359 0.053633 -0.203802 0.468001 0.027465 0.559961 0.426735 -0.530982 0.250656 0.622879 0.504963 -0.914888 0.066360 -0.612488
even</w> 0.181439 0.243161 0.193517 -0.022081 -0.138753 1.070805 0.355161 -0.198781 -0.544158 -0.016366 -0.026739 -0.377530 0.072071 -0.110948 -0.195846 0.234433 0.187231 -0.001451 -0.387507 0.411901 -0.120718 0.369115 -0.147401 0.198157 -0.099961 -0.361220 -0.097345 -0.294563 -0.232344 0.502536 0.180609 0.370337 0.059436 -0.451725 -0.202115 -0.066379 -0.024960 0.386298 -0.063930 0.290433 0.079404 0.392251 0.077101 0.062802 0.037471 0.332810 0.142070 -0.634804 0.678808 -0.400453
ted</w> -0.474435 0.101860 0.227012 -0.157929 0.416719 0.500433 0.893639 -0.068322 -0.235996 0.369540 -0.417717 -0.056882 -0.222278 -0.109929 0.047935 0.661817 0.212211 -0.261970 -1.353405 0.406926 0.143527 -0.046352 0.432125 -0.003002 0.201069 -0.090313 -0.546736 0.085203 0.841318 -0.108905 0.161858 0.641443 0.266838 0.096405 0.212174 -0.771686 -0.135656 -0.351467 -0.696147 0.397765 -0.686080 0.635819 0.076083 -0.019419 0.039204 0.168924 -0.134944 -0.161261 -0.455062 -0.030289
as 0.417774 -0.040870 0.576950 -0.650120 0.571139 0.345793 0.869345 -0.427829 -0.057922 0.287375 0.716608 0.223378 -0.609593 0.152950 0.641079 0.193931 0.296968 -0.519114 -0.806065 0.837725 0.081092 -0.150009 -0.619157 -0.026475 0.061429 -0.401763 -0.069872 -0.542543 0.573004 0.945978 0.241955 0.080002 0.061720 -0.198774 0.360245 -0.179957 0.282455 -0.722595 0.466598 -0.369509 -0.574492 0.017060 0.623889 0.639372 -0.058940 0.151139 -0.074341 -0.146370 0.343532 0.049198
them</w> 0.087539 -0.438634 0.244724 0.399028 -0.551348 0.232152 0.589747 -0.069313 0.002207 -0.557803 0.540927 -0.132616 -0.011866 0.019406 0.354507 0.258772 0.203927 -0.291936 -0.209597 0.472333 -0.171727 0.073758 0.251279 -0.197755 -0.010159 -0.717137 -0.656930 0.175833 -0.327191 0.199206 0.015712 0.154702 0.137562 -0.528105 0.060767 -0.236741 -0.342735 -0.220116 -0.509100 0.154713 -0.494104 0.604554 0.565152 -0.472254 0.564259 0.187589 0.100831 -0.050148 0.063635 -0.198414
mo 0.110236 -0.760541 0.422478 0.360959 -0.303159 0.022135 0.427094 -0.497263 -0.760097 0.217595 0.208509 0.097325 -0.235081 0.115133 0.466089 -0.108415 0.529476 0.464813 -0.576608 0.178409 0.014762 -0.247370 -0.747449 0.755468 -1.095531 -0.298591 0.317426 -0.117040 0.025704 0.494906 0.267686 0.312470 0.263331 0.040052 0.130372 -0.146768 -1.305954 -0.245401 -0.520435 -0.413311 -0.202791 -0.771108 -0.520938 0.347501 0.019482 0.595022 0.368015 -0.541728 -0.114334 0.127836
con -0.038780 0.773405 -0.077795 0.440727 0.009160 -0.071462 0.038661 0.248052 -0.604428 0.234263 -0.623706 -0.557112 -0.340017 -0.100824 0.954088 -0.216241 0.244500 0.538095 -0.865708 0.961576 -0.404398 -0.163677 0.167824 0.144673 -0.022746 -0.351303 -0.081497 -0.460444 0.932855 0.315160 -0.946649 0.598222 0.107955 -0.138091 -0.530041 -0.819777 -0.523234 -0.333155 0.142281 -0.029558 -0.395252 -0.228322 0.228762 -0.129117 0.014924 0.051230 0.050212 -0.440118 -0.212463 -0.248045
had</w> 0.027196 -0.005816 0.193225 0.094126 0.243523 0.112190 0.188173 0.369211 -0.275390 0.022429 0.023755 0.628167 -0.755427 0.210808 -0.016902 0.194082 0.188532 -0.355978 -0.745430 0.242257 0.904419 -0.020745 0.401687 -0.184552 0.219580 -0.422511 -0.209860 0.152249 0.113653 0.504301 0.125097 0.911126 0.205919 -0.049134 0.017516 0.107044 -0.432051 0.252702 -0.285144 0.264820 0.012737 0.312251 0.220852 -0.328724 0.255656 0.156086 -0.069863 -0.259480 0.007902 -0.497136
th</w> -0.553077 0.161983 0.453918 -0.430142 0.491946 0.240242 0.242252 -0.387609 -1.086810 -0.726820 -0.166391 0.523153 0.549178 0.308802 -0.106329 -0.132107 0.160010 -0.211238 -0.847439 -0.845703 -0.186259 -0.586816 -0.284047 -0.121373 -0.465510 -0.524868 -0.182783 0.342195 -0.028133 0.464034 0.227734 0.035697 0.009708 0.231206 -0.680631 -0.712038 0.141258 -0.463330 0.002771 0.329804 -0.630028 0.867480 -0.298680 -0.522002 0.162200 0.935834 -0.087907 -0.119220 -0.101275 -0.252232
time</w> 0.193340 -0.039111 0.474168 0.371291 -0.464863 0.602225 0.601474 -0.217177 -0.634726 -0.347270 -0.376798 0.449830 -0.095942 -0.127081 0.486735 -0.546010 0.015890 -0.858664 -0.455492 0.381883 -0.028586 -0.031779 0.272691 0.242589 -0.009761 0.156829 -0.441417 0.177229 -0.298946 0.430010 0.366432 0.112692 -0.430251 -0.143686 -0.285118 -0.022946 -0.242024 -0.112164 -0.409077 -0.045639 -0.215069 0.471173 -0.131790 -0.454509 0.134919 0.280828 -0.014490 -0.510451 -0.065075 -0.244980
@</w> -0.168397 0.385726 0.202828 -0.000537 0.157691 0.266521 0.374113 -0.498312 0.041455 -0.135629 0.506692 -0.154285 -0.214585 -0.351484 0.068859 0.195444 0.248421 0.360969 -0.847410 -0.287914 0.188533 -0.395233 -0.636163 -0.147714 -0.141891 -1.419639 -0.134024 0.231467 0.708412 0.773709 0.417730 -0.216229 0.281612 -0.232037 0.083689 -0.288348 0.370565 -0.292449 0.237816 0.253159 -0.082053 0.058965 0.073026 0.130397 -0.257884 0.407749 0.135304 -0.025557 -0.029506 -0.168524
ate</w> -0.074938 0.294916 0.425383 0.146174 -0.021547 -0.087905 0.423114 -0.242264 -0.651882 -0.050063 -0.283996 0.611147 -0.430064 0.183840 0.126680 -0.206610 -0.318339 -0.071664 -1.150717 0.303711 -0.128616 0.092032 -0.340675 -0.003022 0.306895 -0.771056 -0.254304 0.220397 0.588575 0.193063 -0.015699 0.108359 -0.222681 0.297790 -0.128605 -0.196866 -0.197417 -0.355946 -0.382784 0.162618 0.564016 0.971555 -0.284067 0.223394 -0.242973 0.567019 -0.539680 -0.338569 -0.209978 0.543682
only</w> 0.010514 0.210651 0.019000 0.019537 0.000331 0.600094 0.376865 0.600520 -0.495279 -0.469253 -0.141936 0.517695 -0.365320 0.512921 -0.552566 -0.286897 -0.096964 0.359554 -0.547904 0.335844 -0.222420 -0.350481 0.340196 0.283502 0.044026 -0.424257 -0.132118 -0.228907 -0.199679 0.352365 0.465926 -0.203483 -0.420108 -0.243954 0.322390 -0.240294 -0.449959 0.454469 -0.382384 -0.003789 -0.122859 0.312485 0.375636 -0.161039 0.290381 0.238706 0.226314 -0.014361 -0.072717 -0.580525
ti 0.842285 -0.327628 -0.095075 -0.443627 0.583184 0.495932 1.074018 -0.014541 -0.513409 -0.135864 -0.526799 -0.438349 -0.108923 -0.694122 0.560081 0.373754 0.004427 -0.265914 -1.035611 1.353491 0.164576 0.300553 0.119239 -0.389820 -0.254689 -0.767854 -0.125885 0.735100 0.490718 0.266246 -0.389661 0.202957 0.827175 -0.390226 0.011086 -0.750575 -0.478995 -0.057008 0.472166 -0.278770 0.122460 0.095194 0.249714 0.569642 -0.528938 0.026929 -0.337872 0.563171 0.223172 -0.080986
ation</w> -0.199661 -0.023866 0.988103 0.033493 0.700817 -0.062609 0.587999 -0.614883 -0.220685 -0.162168 -0.236858 0.535868 0.007895 0.202525 -0.350082 0.552209 0.099735 0.134798 -1.059976 0.471536 -0.094626 0.258616 -0.097881 0.153948 0.055514 -0.967406 0.368531 0.207705 0.759041 -0.137187 -0.449919 -0.095726 -0.365535 -0.551190 -0.561807 -0.417086 -0.869404 -0.069099 -0.289182 -0.407468 -0.124755 0.523947 -0.303456 0.086558 -0.358188 0.496758 -0.411103 -0.526601 0.104245 0.490703
me 0.483793 0.630348 0.363928 0.307236 -0.362335 -0.017713 0.299927 -0.165330 -0.541965 -0.433359 0.490127 -0.014213 -0.161059 0.319481 -0.027706 -0.158243 0.192220 -0.259408 -0.413124 0.878919 -0.201798 0.211671 -0.416248 0.063620 -0.683292 0.201528 -0.294416 -0.170212 0.460414 0.661715 -0.434731 0.803557 0.348992 0.375568 -0.030855 -0.631943 -0.430234 -0.095576 -0.315982 -0.234157 0.392821 -0.412148 -0.363399 0.513456 0.585081 0.445178 0.159111 -0.554189 0.250697 -0.642774
qu -0.186025 0.636715 0.079619 -0.077199 -0.892234 -0.202537 0.469282 -0.358633 -0.450917 -0.093005 0.506009 0.000878 0.467332 -0.240661 -0.339271 -0.267982 0.104570 0.469777 -0.709898 0.815659 -0.022554 -0.710184 -0.474138 0.479152 -0.827968 -0.316030 0.216494 0.220925 0.022324 0.970755 -0.078653 0.964194 0.289815 -0.392406 0.279103 -0.195453 -0.082624 0.116978 -0.522301 -0.261521 -0.432943 -0.004960 -0.067320 0.079309 0.207254 0.611129 0.761165 0.747509 0.420084 0.030844
she</w> 0.327894 -0.488373 0.490985 -0.332336 -0.472446 0.421850 0.129035 -0.283704 -0.862827 -0.309191 0.007512 0.016425 -0.079159 0.014995 -0.209974 0.466032 0.465680 0.543058 -0.073578 0.386155 0.098928 0.227925 0.069858 -0.180202 0.047952 -0.416349 -0.056073 -0.683785 -0.298889 0.029123 0.051362 0.004538 0.575443 -0.217250 -0.450306 -0.567048 -0.108263 0.270090 -0.393064 -0.427095 0.102492 0.290830 0.568375 -0.013349 0.306444 0.828901 -0.363434 -0.006027 -0.286374 -1.005900
their</w> -0.047073 -0.385997 0.494771 0.352984 -0.011679 0.434967 0.272409 0.020106 -0.244550 -0.380949 -0.149948 -0.444766 -0.139430 0.078611 0.113399 0.161033 0.077513 0.179809 -0.432127 0.080691 -0.234321 0.291054 0.275663 -0.129652 -0.253104 -0.602336 -0.987548 0.204485 0.180433 0.983274 0.093126 0.248558 0.723598 -0.537207 -0.120982 -0.479577 0.272331 -0.345666 -0.324593 0.446752 0.040389 0.010647 -0.010440 0.362597 0.233594 -0.008165 -0.110385 0.222036 -0.284464 0.068770
im 0.258117 0.265791 0.167543 0.139891 0.436698 -0.126928 0.839561 0.179334 0.044497 0.522666 -0.599318 1.219190 -0.133133 -0.126723 0.220317 -0.134015 0.602384 0.193720 -0.952541 0.865746 -0.001294 0.807488 -0.341140 0.632062 -0.313278 -0.644129 0.346672 -0.184238 0.161677 0.644444 -0.363956 -0.001065 -0.085574 -0.110210 0.018096 0.105250 -0.007148 -0.085981 -0.204125 0.126102 0.328310 0.502911 0.403191 -0.069888 -0.284067 -0.103856 -0.634399 -0.132501 0.483613 -0.178846
ne -0.110617 -0.231023 0.449221 0.525237 0.261239 0.671821 0.497423 -0.019720 -0.346858 -0.084416 0.504953 -0.231839 0.379804 -0.299958 -0.154019 -0.259429 0.591423 -0.054493 -0.465959 0.118115 -0.749980 0.127851 -1.236681 -0.203712 -0.214449 -0.645629 -0.093835 -0.514744 0.795709 0.361569 -0.203098 0.492573 0.208357 0.087045 0.282474 -0.534051 -0.139625 -0.046888 -0.315963 0.002583 0.119227 -0.716642 0.042710 -0.405806 0.115591 -0.006414 -0.058518 -0.509267 0.533621 -0.311101
sc 0.252407 0.768616 -0.136621 0.139146 -0.111075 -0.057836 0.866466 -0.096955 -0.646214 -0.047882 0.482230 -0.174022 0.069009 -0.386178 -0.238258 -0.416963 -0.573245 -0.203614 -1.045995 0.460161 -0.386329 -0.428695 -0.038896 0.407007 -0.960725 -0.294276 -0.706034 -0.059326 0.084363 0.126784 -0.766761 0.271759 -0.069685 0.184340 0.191507 -0.920230 0.126412 0.129131 -0.022246 0.119537 -0.146781 0.190698 -0.262226 -0.337386 0.234657 -0.133435 -0.132932 0.481095 -0.077079 -0.391417
really</w> 0.016491 0.256174 0.271673 -0.033565 -0.578503 0.391631 0.222391 -0.107241 -0.224892 -0.221066 -0.003898 0.269959 -0.013168 0.081700 -0.165539 0.271059 0.779638 0.090227 -0.100144 0.772805 0.126848 -0.088496 -0.048480 0.327686 -0.031093 -0.473817 0.288016 -0.276812 0.014150 0.287379 0.310389 0.754593 -0.071247 0.006377 -0.307553 -0.403192 -0.086070 0.540382 -0.458830 0.349918 -0.028772 0.422947 0.355136 -0.074487 0.241557 0.231850 -0.031714 0.144730 -0.334172 -0.596260
l</w> 0.462740 0.458864 -0.060710 0.246492 -0.327340 0.273253 0.861891 -0.576860 -0.210935 -0.013303 -0.025875 0.387687 0.144290 0.336314 0.110531 0.423045 0.215810 0.115933 -0.587727 -0.329844 -0.239633 -0.722964 -0.031962 -0.232619 0.082299 -0.817767 0.289186 0.496293 -0.029916 0.150690 0.120690 -0.059979 0.231591 -0.376697 -0.247364 -0.346676 -0.027246 0.357563 -0.161171 -0.325294 -0.392052 0.134806 -0.411040 -0.381313 0.035771 0.739341 0.120852 -0.232686 -0.743843 -0.101100
ks</w> -0.055506 -0.091991 0.414768 -0.413751 -0.145631 0.306323 0.433495 -0.421836 -0.410247 -0.249246 0.607555 0.235420 -0.463576 0.111209 -0.446272 0.539547 -0.361424 -0.383191 -0.203048 -0.272461 0.017817 -0.281219 -0.009580 -0.065564 0.371889 -0.686064 0.191993 0.336167 0.584125 0.257004 0.154320 0.613409 0.691485 -0.841445 0.803117 -0.469886 -0.671705 -0.421169 -0.292688 0.540956 -0.453061 1.327121 0.115512 0.295923 -0.702701 0.585219 -0.178899 -0.114263 0.562341 -0.099425
great</w> -0.135714 0.187042 0.280424 -0.113639 -0.097387 0.248540 0.077412 -0.038065 -0.551762 -0.440604 -0.091416 0.684610 0.343617 -0.232669 0.021079 0.155365 0.562962 -0.013034 -0.389188 0.294550 0.508443 -0.011541 0.178413 0.095825 -0.338328 -0.624523 0.196231 0.080816 -0.231464 0.036946 0.488173 0.238672 0.061778 -0.173414 -0.367419 -0.976194 -0.206585 0.024847 -0.144874 -0.299117 -0.247770 0.502306 -0.122092 -0.427297 0.646511 -0.363616 0.208353 -0.329916 -0.313109 -0.284723
don</w> 0.237887 0.924061 0.678938 0.001615 -0.375849 0.878031 0.759732 -0.473364 -1.081233 0.143385 0.930024 0.048111 0.150642 0.236468 -0.242308 -0.388834 0.750281 0.069277 -0.340304 -0.082768 0.775018 -0.178955 0.250615 -0.235236 -0.557755 -0.522222 -0.138696 -0.405416 -0.500949 0.063038 -0.076559 1.043747 0.236235 -0.644917 -0.150779 -0.187646 0.407144 1.376971 0.380548 0.224983 -0.802432 -0.141144 0.501496 -0.439520 0.094271 0.406813 -0.986044 -0.307208 -0.061132 -0.375629
le</w> -0.259749 0.086442 0.752607 0.352192 0.242714 0.093106 0.424419 0.353943 -0.797590 -0.311355 0.346961 0.426481 -0.207837 0.381713 -0.413847 0.413908 0.038471 -0.064518 -0.430644 -0.048398 -0.223362 0.491559 -0.311645 -0.508535 0.437541 -0.869028 -0.041724 0.270448 1.133752 0.122126 0.137286 -0.283634 -0.387325 -0.725321 0.007208 -0.810225 0.105302 -0.510304 -0.185434 -0.359085 -0.289012 0.059272 0.160100 -0.587535 -0.520214 0.739762 -0.229029 0.452216 -0.094872 -0.347993
pre 0.094853 0.251971 -0.542419 0.432482 0.378183 0.297449 0.754159 0.378503 -0.646332 0.414769 -0.319849 0.323709 0.065778 0.314249 -0.026857 0.352655 0.520426 -0.093732 -1.293924 1.259317 0.139608 0.755069 -1.192032 0.044050 0.013980 -0.423378 -0.335355 0.291681 -0.183226 0.549233 -0.597107 0.362740 -0.548657 -0.066643 -0.439026 -0.573193 -0.144536 0.443463 0.198535 -0.194557 0.406162 0.360491 0.612757 0.138990 0.796810 0.045503 -0.401967 0.181787 -0.396263 -0.531193
lo -0.117343 -0.464768 0.050728 0.979106 0.103489 0.401083 0.657901 -0.364212 -0.839543 -0.437517 0.094534 -0.007350 -0.082723 0.265882 -0.114866 0.135025 0.624275 -0.553398 -0.173318 0.420945 -0.126431 0.521719 -0.871328 0.064097 -0.324579 -0.828408 0.401812 0.765525 0.187510 0.581615 -0.423488 0.606923 -0.262795 -0.189848 0.177971 0.224020 0.187338 0.484187 0.029701 -0.395799 -0.009104 -0.382643 0.302855 -0.431204 -0.070539 0.097504 0.024726 -0.356310 -0.114985 -0.169581
ch</w> -0.246201 0.636869 0.703630 -0.236637 0.303196 0.179562 -0.241000 -0.804871 -0.116531 0.413784 0.489790 0.688033 0.283528 0.091498 -0.059817 0.078393 0.206532 -0.291924 -0.971160 -0.076976 -0.431108 -0.646473 -0.211829 0.141617 -0.426866 -1.163616 0.134086 -0.528152 0.436285 -0.228053 -0.054357 -0.146873 0.529401 0.031370 -0.271986 -1.137736 -0.074215 0.060122 -0.324180 0.097512 -0.818016 0.434889 -0.150389 -0.526292 -0.820899 0.098980 0.053780 -0.065990 -0.495468 -0.056006
its</w> -0.038550 -0.195931 0.408887 0.244484 0.015452 0.169199 0.301103 0.016353 -0.025060 -0.387604 -0.184196 -0.220097 -0.098989 0.373579 0.211753 -0.241628 0.390176 0.108096 -0.839129 0.170393 -0.180203 0.172933 0.147788 -0.134312 -0.493229 -0.455784 0.029825 0.322048 -0.351469 0.293066 0.109683 0.123929 0.100175 -0.364078 -0.224410 -0.845746 -0.137267 -0.215607 -0.335896 0.094146 0.234430 0.381792 0.238577 0.036954 0.060262 0.334970 -0.279790 -0.082593 -0.434222 -0.105347
for -0.374965 -0.243790 0.332201 -0.493582 -0.183259 0.900034 0.930213 0.759602 -0.565363 -0.013093 0.298559 -0.212778 -0.092546 -0.108321 0.220466 -0.076712 -0.097538 0.225156 -1.035703 0.601637 -0.509198 -0.166560 0.347636 -0.119826 0.232430 -0.407052 0.259515 -0.233621 0.010819 0.963417 0.057849 0.828997 0.164298 -0.692880 0.035025 0.282865 -0.167291 0.243864 -0.248099 -0.166141 -0.495927 -0.664253 -0.165600 -0.431400 -0.070827 0.059767 0.650128 -0.100078 -0.472461 -0.019939
ir -0.170421 -0.453346 -0.443148 -0.075259 -0.560783 0.626691 0.022236 -0.324167 -0.058223 -0.019011 0.063031 -0.891101 -0.037620 -0.578352 0.140125 -0.465113 0.153804 -0.058009 -1.541925 0.264043 0.049678 0.195178 -0.268081 0.370410 -1.026697 -1.308703 -0.012013 0.483997 0.032941 -0.011452 0.068797 0.502742 -0.007893 0.289710 -0.098063 -0.569989 -0.584150 -0.425659 0.137494 -0.269914 0.107405 0.096273 -0.098921 0.180508 -0.489204 0.206942 -0.150003 -0.355887 0.180604 0.285469
these</w> 0.304774 0.133423 0.149129 0.321536 0.106405 0.278515 -0.162420 0.196785 -0.154790 -0.401274 0.102730 -0.139595 -0.180697 0.281489 0.133911 0.175093 0.184452 -0.390989 -0.319222 0.768426 0.032846 -0.444923 0.212482 -0.166911 0.004625 -0.287731 -0.941745 0.378514 -0.010252 0.195592 0.427091 0.150445 0.642542 -0.666301 0.158295 -0.354030 0.152328 -0.049189 -0.321323 -0.108393 -0.966012 0.310272 0.520553 -0.581396 0.560868 -0.127260 -0.662521 0.433192 -0.403728 -0.003234
were</w> 0.373884 0.538710 0.693581 0.058611 0.143803 0.221825 -0.437186 -0.034416 -0.272378 0.046865 0.000890 -0.037581 -0.419139 0.412763 0.229983 0.077349 0.272216 -0.207796 -0.364402 0.617143 -0.074825 -0.385063 0.104416 -0.067174 0.003481 0.159799 -0.296653 0.124027 0.083035 0.671167 0.748126 0.540308 0.267646 -0.224026 0.610719 -0.308160 0.225611 -0.182048 -0.671209 0.122356 0.295720 0.365964 0.715780 0.001539 -0.026148 0.344340 -0.923191 -0.381347 0.031468 -0.556583
ag 0.181496 0.371115 -0.625572 0.189255 0.826290 0.110610 1.004555 -0.011188 -0.517355 -0.132805 0.550304 -0.074575 -0.444936 0.086955 0.215621 -0.181064 0.719211 -0.096372 -0.626556 -0.323587 0.035098 0.028847 0.172786 -0.172500 -0.931560 -0.464696 -0.537398 -0.377491 0.557831 1.023846 -0.711976 -0.008872 0.319566 -0.505375 0.164435 -0.374913 0.140094 -0.191491 -0.587389 -0.205707 0.050488 0.216474 0.457053 -0.235766 0.135563 -0.020800 -0.359434 0.620123 0.413998 -0.421766
bu -0.362351 -0.369093 0.143521 0.349968 0.043687 -0.097927 -0.196159 -0.025329 -0.277799 -0.286033 0.493416 -0.022948 -0.331843 -0.585484 0.306085 -0.702978 -0.131335 0.583548 -0.666211 0.430050 0.043733 -0.400529 -0.252600 0.249655 0.534535 -0.673590 -0.106983 -0.096874 0.935836 0.131405 -0.069453 1.012810 0.185427 -0.592519 -0.072289 -0.376185 -0.589195 -0.319415 0.390503 -0.261048 -0.761529 -0.409397 0.498194 -0.565777 -0.416328 -0.346355 -0.417684 -0.494044 -0.373857 -0.738710
ous</w> -0.025660 1.130540 0.516657 0.340374 0.126172 0.135938 0.068754 -0.121469 -0.759926 0.353619 -0.559554 0.423095 -0.075175 0.370200 -0.521169 0.374728 -0.050603 0.401096 -1.062307 0.432503 0.077393 -0.102993 0.147249 0.192224 -0.581783 -0.682527 -0.001520 0.353690 0.263512 -0.096778 0.084466 -0.459691 0.160349 -0.080302 -0.186771 -0.783725 -0.124626 0.425070 -0.405463 -0.105154 0.289798 0.452549 -0.452518 0.757215 -0.138454 0.424203 -0.869841 0.114133 -0.549230 -0.246256
vi 0.578239 0.701805 0.212279 0.166508 -0.189385 0.003430 0.259574 0.080596 -1.250416 -0.144248 -0.057708 0.499842 -0.740849 -0.153277 0.153544 0.039130 0.293976 -0.436496 -0.984170 0.468954 0.373643 0.155900 -0.125409 -0.659675 -0.134611 -0.744664 0.487740 0.177532 -0.349069 0.847672 -0.440189 -0.126993 -0.197887 -0.297319 -0.416405 0.404890 -0.472839 -0.367314 0.051803 -0.373560 0.355174 -0.138354 -0.175030 -0.138132 -0.112375 0.615404 0.059337 1.001444 0.072097 -0.387274
tr -0.890097 0.052661 0.658259 0.151862 0.205410 0.392585 0.192651 -0.871709 -0.892985 0.261961 -0.204564 -0.084771 -0.283388 0.158839 0.036569 0.185537 0.266435 0.247395 -0.818904 0.533846 -0.241749 -0.306426 -0.023540 -0.318603 0.014723 -0.181861 0.669863 0.454924 0.100592 0.264314 -0.742212 0.708960 0.781693 0.366749 0.425384 -0.716431 -0.046630 -0.065355 -0.335132 0.000397 -0.005907 -0.072835 0.017535 -0.441392 0.331226 -0.194874 0.485425 0.008587 -0.010135 -0.294674
able</w> -0.600808 0.582388 0.371228 0.361793 0.169728 0.717760 0.645400 0.252027 -0.249494 -0.111085 -0.009802 -0.323833 -0.183795 0.316034 -0.719518 0.654026 0.286732 0.155763 -0.501458 0.354753 0.214521 0.050118 0.034959 0.444759 0.619155 -1.067388 -0.568208 0.205145 0.379171 0.125108 0.357006 0.219687 0.419997 -0.085012 0.056611 -0.078591 -0.659289 -0.113124 -0.682425 -0.296685 -0.236591 0.118192 -0.736287 0.067661 0.139540 0.213380 -0.127835 -0.067002 -0.410338 -0.215617
op 0.483270 -0.381318 -0.220871 -0.536418 -0.117761 0.239238 0.255161 0.029421 -0.142205 0.348918 -0.413473 0.796075 0.010843 -0.579194 -0.030969 -0.053928 0.282588 -0.149699 -0.908570 0.346425 0.042338 -0.330903 -0.880055 0.758681 0.005300 -0.592536 -0.271522 0.048911 0.406396 1.105772 -1.172328 0.034028 0.233024 -1.019262 0.427119 -0.076304 0.246420 -0.237458 -0.764648 0.059428 0.328292 0.085857 0.280430 -0.150534 -1.044392 0.120797 -0.224059 -0.678190 -0.208053 -0.164431
than</w> -0.212316 0.621757 0.124341 -0.352367 0.216654 0.828152 -0.172369 -0.022898 -0.340394 0.215344 -0.332063 0.461953 -0.250499 0.646384 -0.072962 -0.862681 0.414217 -0.293054 -0.144397 0.380073 0.431459 -0.360242 -0.184252 0.561494 -0.412508 -0.424581 -0.354285 0.141684 -0.080471 0.672968 0.401384 0.922280 -0.418670 0.029824 0.054773 -0.196932 -0.397928 -0.318946 -0.051141 0.660529 0.568115 0.153337 -0.061710 -0.321217 0.300516 0.229834 -0.027496 0.257618 0.171877 -0.462199
gr 0.247574 -0.053389 0.374277 0.361164 -0.452619 -0.202367 0.696898 -0.590923 -0.087056 0.333608 0.311406 0.121618 -0.262589 0.840047 -0.023713 -0.525595 0.011868 -0.567879 -0.560266 0.154318 -0.415026 -0.840250 -0.288082 0.038118 -0.388863 -0.398681 0.105654 0.224885 -0.337202 1.000002 -0.513012 0.265081 0.880805 0.447245 0.018104 -1.033741 0.356333 -0.020279 0.006361 -0.295366 -0.077247 0.600154 -0.129165 -0.589722 0.102874 -0.108109 0.271829 0.361765 -0.359600 -0.236869
la 0.454640 -0.482747 -0.068476 0.866030 -0.051258 -0.040114 0.431662 -0.251806 -0.427112 0.268989 0.342386 0.130919 -0.857344 0.302046 -0.222768 -0.237553 0.674280 -0.002175 -0.239461 0.125506 0.247759 0.246198 -0.824425 0.460404 -0.434984 -0.668349 0.202553 1.100187 -0.218068 0.290030 -0.114024 -0.075016 0.053987 -0.527295 -0.079541 -0.184423 0.256267 -0.656832 -0.350192 -0.949881 -0.169233 -0.016122 0.150222 -0.677587 -0.585874 0.597541 0.147067 -0.238623 0.022259 -0.374300
te 0.360279 -0.477094 0.057196 0.496953 0.274402 0.252003 0.219416 -0.223205 0.049040 -0.016791 -0.433703 -0.196878 -1.089860 -0.537110 0.209461 -0.109104 0.603115 -0.761031 -0.622610 0.709615 -0.096148 -0.995460 -0.352081 0.214021 -0.336449 -0.054463 -0.175760 -0.493590 0.503326 0.612081 -0.327328 0.357093 0.318094 -0.239145 0.392929 -0.761432 0.030680 -0.274603 -0.210434 -0.197138 -0.367490 -0.367417 -0.259226 -0.212295 0.199449 0.511209 0.053333 -0.322860 0.066086 0.070306
well</w> 0.157908 0.214817 -0.035680 -0.202828 -0.613901 0.633521 0.326945 -0.456756 -0.360750 0.164730 -0.205752 0.174242 -0.413498 -0.292873 0.142181 0.293981 0.059251 0.069704 -0.043751 0.499687 0.157496 -0.133622 0.343453 0.416036 -0.316961 -0.511358 0.107352 -0.196932 -0.016373 0.149822 0.566399 0.095674 0.431961 -0.335309 -0.007667 -0.081708 -0.069801 -0.039998 -0.483807 -0.536216 -0.257285 0.789549 0.194187 -0.018287 0.646867 0.103307 -0.641156 -0.746347 0.407133 -0.696350
too</w> -0.056841 0.268674 0.293391 0.101062 -0.579540 0.926594 0.312508 -0.165469 -0.461614 0.301927 -0.275322 0.410565 0.456438 -0.062427 0.267231 0.062546 0.507365 -0.047652 0.488721 0.634615 0.103672 -0.351891 -0.107259 0.648593 -0.616522 -0.316493 0.131902 0.126265 -0.201560 0.288214 0.610464 0.579226 0.253200 -0.258461 -0.091194 -0.770176 -0.533302 0.263463 0.126424 -0.250230 -0.021972 0.469241 0.316948 0.057523 0.298518 0.242863 -0.506902 -0.000411 0.029069 -0.481524
which</w> 0.108809 -0.171445 0.085657 0.170558 -0.229773 0.159557 0.230391 -0.035851 -0.523002 -0.052135 0.159661 0.643349 -0.585747 0.507771 -0.184143 0.333835 0.389469 -0.143065 0.056067 0.773740 -0.194234 -0.221895 -0.001710 0.352169 -0.344509 -0.219415 -0.643331 -0.484533 -0.050074 0.051097 0.059003 0.343313 -0.044129 -0.695602 -0.215263 -0.659323 0.007295 0.388220 -0.136340 -0.129412 -0.014161 0.292427 0.378253 0.178956 0.251296 0.362034 0.114669 0.284288 0.076038 -0.025069
do</w> 0.436544 0.435662 0.520692 0.113363 -0.086336 0.501499 0.849381 -0.322742 -0.294755 -0.136028 0.151673 -0.174876 0.121609 0.345659 0.384714 0.269847 0.204554 -0.166480 -0.284113 0.135756 0.171053 -0.407078 -0.071506 0.343237 0.116489 -0.394919 -0.179857 -0.424198 -0.196498 0.402651 -0.194757 0.335096 0.226317 -0.233100 0.195179 0.036224 -0.208019 0.546138 -0.598409 0.584346 -0.126958 0.578844 0.353656 -0.090977 0.696867 0.178414 -0.065858 -0.712992 -0.004934 -0.699528
br -0.003728 0.021219 0.819642 0.057608 -0.320124 -0.465067 1.172483 -0.605585 -0.008074 0.187458 0.519919 0.370711 -0.266131 0.326652 -0.131263 -0.267457 -0.126246 -0.311257 -0.458800 0.531188 0.372061 0.000357 0.114504 0.380972 -0.166971 -0.515206 -0.436467 0.232586 -0.493664 0.728009 0.372359 0.542561 1.132426 0.326356 -0.176865 -0.404176 -0.409993 -0.438913 -0.131979 -0.036858 0.230932 -0.539921 0.028514 -0.509350 0.084871 -0.601194 0.039515 0.531900 -0.093738 -0.479775
ra 0.131326 -0.506727 0.473792 0.496752 0.427456 -0.004671 0.538986 0.246617 -0.018046 -0.038778 0.322413 0.117701 -0.553023 -0.087747 -0.271762 -0.633079 0.526538 0.341683 -0.817026 0.640108 0.625785 0.193604 -0.975666 0.590680 -0.294323 -0.754655 -0.165140 0.318032 0.183360 -0.058003 -0.216581 -0.274974 0.157037 -0.187385 0.528072 -0.082067 0.486072 -0.078755 -0.044915 -0.578351 0.180777 0.017576 0.131687 -0.548973 -0.065961 0.239361 -0.588499 0.428949 -0.088021 -0.358964
bl 0.062457 0.106314 0.425833 -0.128541 -0.019455 -0.270327 1.003142 -0.512055 -0.681264 0.118777 0.073819 -0.074258 0.200271 0.129415 -0.148951 -0.166866 0.401605 -0.523845 -0.411451 -0.224064 -0.465799 -0.413476 0.198294 -0.098060 -0.448568 -0.634205 -0.393990 0.292774 -0.390385 0.375024 -0.732142 0.329992 0.500115 -0.133256 -0.023056 -0.975170 0.312729 -0.663736 0.203028 0.018645 -0.074422 -0.198082 0.783590 -0.734471 -0.021210 -0.317500 -0.091266 0.029776 -0.211975 -0.401949
ou 0.243626 0.102060 -0.073660 0.305485 -0.239003 -0.058377 -0.571493 -0.039122 0.084878 -0.435747 0.487388 0.328120 -0.697756 -0.596711 0.272225 -0.715461 0.165629 0.125448 -0.758121 0.715557 -0.362674 -0.158190 -0.350221 0.729922 -0.789564 -0.912146 0.258587 -0.299577 0.246857 0.809135 -0.352986 -0.071729 0.391680 -0.517273 0.504527 -0.161285 -0.001260 -0.157804 0.342497 -0.445061 0.228719 0.153243 0.611211 -0.438045 -0.433456 0.878429 -0.540435 -1.053765 -0.665271 0.295442
other</w> 0.125493 -0.213974 0.414015 0.087529 0.442713 0.571262 0.099484 0.224404 -0.531391 -0.297409 -0.302138 0.306094 0.024128 0.498011 -0.308182 -0.082489 -0.324012 0.165506 -0.552167 0.122727 -0.361819 0.130327 -0.045548 0.028566 -0.047858 -0.491719 -0.814581 0.185490 -0.019364 0.582768 0.453540 -0.083186 0.252417 -0.305458 -0.145104 -0.177248 -0.781721 -0.273135 -0.332471 0.241179 0.068714 0.445979 0.226317 -0.873722 -0.031167 -0.254842 -0.311203 0.096632 0.087196 0.288352
ap 0.491257 0.063048 -0.679593 -0.625692 0.241484 0.873032 0.341974 0.087775 -0.112960 0.324362 0.693486 0.936467 -0.958782 -0.434878 0.156117 -0.126614 -0.251934 0.201135 -1.023330 0.826250 0.639826 0.008800 -0.854193 0.183112 -0.407582 -0.330515 -0.308356 -0.325917 0.752200 1.136154 -0.370017 -0.374110 0.491848 -0.573156 0.080103 -0.418620 0.039093 0.485590 -0.670100 -0.368687 -0.028180 0.331372 -0.257454 0.094605 0.208070 -0.357282 -0.694478 0.268696 -0.396732 -0.483175
mar 0.082948 0.098904 -0.012493 -0.274824 -0.417588 0.048801 0.308820 0.357282 -0.312647 0.448068 0.910408 -0.024309 -0.003778 -0.461585 -0.065907 -0.325894 -0.187184 0.071143 -1.278696 0.337520 -0.169777 -0.861893 -0.604004 0.069054 -0.413537 -0.602472 0.375761 -0.012945 -0.368819 0.699797 0.103025 0.306782 0.182185 -0.952318 -0.308324 -0.283238 -0.120599 -0.587639 -0.036731 -0.565166 -0.263919 0.010455 0.430236 0.334291 -0.345812 0.480820 -0.346098 -0.264565 -0.113525 -0.131106
we -0.322386 0.234706 -0.009496 -0.058438 0.093689 0.270697 0.354925 -0.137700 -0.470664 -0.046830 0.126735 -0.323544 -0.107644 -0.139110 -0.180434 -0.414425 0.762956 -0.419842 0.045977 -0.045941 0.010616 -0.419372 -0.877399 0.038819 -1.154618 -0.501188 -0.283893 0.625717 0.619056 1.038205 0.022784 0.389728 -0.229604 -0.457175 0.086505 -0.301323 -0.616752 0.162321 0.080781 -0.411534 -0.195641 -0.060245 -0.041669 -1.176196 0.344675 0.148006 0.148273 -0.546270 0.582635 -0.423093
ha 0.371707 0.187632 -0.358166 0.880547 -0.130637 0.175274 0.810750 -0.281297 -0.617913 0.040515 -0.066491 -0.142722 -0.322458 -0.558665 -0.571644 0.015181 0.442746 -0.193786 -0.492073 0.359477 -0.051176 -0.135723 -0.871896 -0.501424 -0.400072 -0.855682 0.531314 0.176292 -0.454573 0.275493 0.162578 0.050103 -0.329922 -0.217492 0.353701 0.212561 0.063404 0.036017 -0.179570 -0.064196 -0.295405 -0.048895 0.294480 -0.265643 -0.866109 0.615929 -0.397789 0.010353 -0.011753 -0.866034
then</w> 0.386202 0.109131 -0.133149 0.093146 -0.301310 0.677212 0.458813 -0.244322 -0.713438 -0.160085 0.503658 0.464846 -0.243328 0.194292 0.019004 0.065394 0.208929 -0.188715 0.116129 0.200570 0.106744 0.206969 0.329014 0.085821 -0.043702 -0.250706 -0.191373 -0.339089 0.134913 0.558486 0.167181 0.028634 0.001337 -0.076669 -0.300465 -0.131686 -0.390427 0.269313 -0.720474 -0.170916 -0.172786 0.475109 0.361235 0.016027 0.202227 0.609929 -0.330475 -0.239313 0.320973 -0.403557
de</w> 0.172890 0.771172 0.396095 0.081129 -0.234620 0.018048 0.218960 -0.064134 -0.661051 0.367093 -0.031055 0.488363 0.292289 0.586737 0.663052 0.416251 -0.487172 -0.093860 -0.843348 0.016527 -0.141021 -0.460399 -0.207564 -0.483124 -0.471702 -0.945461 0.562091 0.050365 0.190541 -0.347532 -0.384517 -0.273170 -0.229731 -0.461971 0.016052 -0.791824 -0.186747 0.041854 -0.054938 0.094694 0.361513 0.250185 -0.160979 -0.302573 0.041771 0.812752 -0.122346 -0.000445 0.128033 -0.342223
see</w> 0.487853 0.307915 0.426656 0.329928 -0.021404 0.486346 0.387743 0.269794 -0.394467 0.506398 0.309605 0.066864 -0.304519 0.236396 0.080575 -0.129489 0.024229 -0.242470 -0.570888 0.311518 0.242040 -0.232220 0.184902 0.576205 0.522896 -0.542838 -0.241220 -0.419128 -0.320530 0.133379 0.058795 0.285161 0.022139 -0.055349 -0.027755 -0.070951 -0.449887 -0.021302 -0.402819 0.510454 -0.133790 0.461710 0.391857 -0.202333 0.405372 0.374090 0.527120 -0.812193 0.134123 -0.733777
how</w> 0.559610 -0.117698 0.715816 0.032712 -0.439960 0.302853 0.103675 -0.489322 -0.378032 0.361398 -0.021981 0.519378 -0.453738 0.251720 0.101096 0.423381 0.337581 -0.007938 -0.032019 0.279849 -0.019812 0.002623 -0.179963 0.429421 -0.072892 -0.244993 0.006225 -0.357804 -0.301553 0.680803 0.142414 0.133020 -0.013625 -0.733329 0.082818 -0.205943 -0.509907 0.119629 -0.018455 0.280162 -0.045465 0.771756 0.370539 0.183202 0.255287 -0.257444 0.156911 -0.362554 0.268729 -0.178147
way</w> 0.055358 -0.264308 0.433017 0.215304 -0.605988 0.186918 0.323537 -0.354408 -0.592780 0.037878 -0.081243 0.276479 -0.091801 0.604678 0.018365 0.098121 0.105238 -0.440120 -0.360832 0.480598 -0.082357 -0.150097 0.051266 0.517085 -0.114692 -0.201245 0.031277 -0.166815 0.075856 0.257303 0.279817 0.475267 -0.263589 -0.076593 0.018012 -0.396804 -0.608628 -0.082943 -0.633069 0.033070 0.239675 0.683808 0.086147 -0.654790 0.481392 0.091606 0.177534 -0.289696 0.369379 -0.059970
co 0.399082 -0.459571 0.153777 0.756701 0.048055 0.068654 -0.028408 0.098357 -0.922851 -0.246525 -0.176687 -0.271404 -0.547659 -0.262258 0.294282 -0.280092 0.191754 -0.284818 -0.548380 0.013958 -0.591287 -0.516609 -0.273995 0.225660 -0.241092 -0.595899 0.453605 0.487445 0.192179 0.115467 -0.475999 0.149553 -0.159239 -0.475346 0.492252 -0.563560 -0.242729 -0.194233 -0.041023 -0.474855 -0.163977 0.016463 -0.237216 -0.191481 -0.240511 0.032480 0.031408 -0.312961 0.250975 -0.596338
ow 0.081602 0.273424 -0.237909 -0.159550 -0.438909 0.775994 -0.918642 -0.109026 -0.259448 -0.684022 0.316892 0.261166 -0.789541 0.525601 -0.381939 0.125100 0.412023 -0.159895 -0.599549 -0.310530 -0.029117 -0.288663 -0.143082 0.532519 -0.642687 -0.802267 -0.375276 -0.370962 1.027108 0.728951 -0.254107 0.037044 0.832009 -0.548546 -0.367455 0.308594 -0.422248 -0.459669 -0.069015 0.516940 -0.220552 -0.381718 0.431552 -0.249962 -0.113352 -0.029232 -0.005530 -0.225357 -0.693826 -0.921468
fi 0.597089 -0.287002 0.345748 0.196029 0.333611 -0.373133 0.626246 0.091991 -0.859448 0.120933 0.592383 0.257704 0.383798 -0.477327 0.874282 -0.534519 0.311581 -0.098472 -0.541168 0.345610 -0.418612 0.417629 -0.173926 0.013907 -0.499951 -0.568397 -0.672742 0.595430 0.753733 0.821493 0.226588 0.131302 0.070358 -0.334960 0.309492 0.332762 -0.336148 0.303303 -0.109290 -0.200823 0.159105 -0.228649 0.190245 -0.522892 -0.018700 0.190159 -0.022704 0.153675 -0.061000 -0.572797
pro 0.290969 0.183797 -0.087526 0.636183 0.631397 0.025534 0.113221 0.664548 -0.365539 -0.461208 -0.286321 0.418962 0.193363 -0.457536 1.028529 0.267217 -0.346253 0.034201 -1.156349 1.443854 0.084974 -0.133082 -0.681981 0.250205 0.053002 -0.367641 0.097708 -0.736306 0.550766 0.954513 -0.730529 0.442134 -0.303251 -0.212751 -0.093231 -0.583732 0.607855 -0.504510 -0.246054 0.142133 -0.206559 -0.112283 0.158521 -0.290504 0.152245 0.299721 -0.016562 -0.094043 0.441212 0.050493
ent -0.226451 0.523536 -0.036759 -0.063989 0.371334 0.102892 0.555011 -0.281758 -0.535364 -0.669086 -0.026101 0.362132 0.044458 0.109104 0.026672 -0.454644 -0.085135 -0.265331 -1.133357 0.390635 -0.290655 -0.015457 -0.272052 0.187810 -0.535020 -0.895676 -0.094938 0.542598 -0.012504 -0.213626 -0.659293 0.949940 0.508649 -0.449582 -0.425413 -0.431862 -0.187802 -1.551290 0.450138 -0.339035 0.758549 -0.303006 0.507710 0.297477 0.289087 0.699481 -0.799304 -0.010253 0.325101 0.713907
re</w> 0.241850 0.380276 1.308660 0.456833 0.342877 0.056740 0.128847 -0.051055 -0.710984 0.373441 -0.326344 -0.141509 -0.063077 -0.067109 0.545362 -0.247950 0.412296 -0.271950 -0.398991 -0.296941 -0.319242 -0.313826 -0.126882 0.759239 -0.361293 -0.560049 0.103672 -0.961423 0.084059 0.565102 0.417936 0.355433 -0.304410 -0.040617 0.717597 -0.477351 0.516791 0.351491 -0.117437 0.330765 -0.332769 0.598812 -0.242244 -0.568647 -0.213820 0.573614 -0.462730 0.040892 -0.262105 -0.004647
he 0.523823 -0.161341 -0.274081 -0.100327 -0.158608 0.253771 0.635402 0.259642 -0.763599 -0.165413 0.551708 -0.340747 -0.171194 -0.367556 -0.424418 -0.187267 0.319555 -0.865394 -0.245817 0.399088 0.151937 -0.372217 -1.180918 0.087595 -1.235343 -0.484903 -0.249810 -0.245931 0.415601 0.434453 -0.295822 0.361894 -0.459981 -0.106058 -0.095816 -0.170933 0.232493 -0.377597 0.028354 0.038643 -0.361323 0.513033 -0.074287 -0.819868 0.227978 0.264271 0.102659 -0.116101 0.404455 -0.363099
am</w> -0.008950 0.287622 -0.106554 -0.313486 -0.006506 0.072652 0.319447 -1.066027 0.113792 -0.241565 0.041246 0.363106 -0.266487 0.393108 0.136715 0.163813 0.104365 -0.009503 -1.213870 0.062292 0.185613 0.181492 0.073719 0.050064 -0.344673 -0.469988 0.329356 -0.138683 0.517723 0.810156 0.081115 0.220488 -0.313903 -0.131557 -0.568342 0.329837 0.527955 0.313022 -0.833918 0.167001 -0.225654 0.152100 -0.086392 -0.635396 0.371054 0.511144 -0.318229 -0.238487 -0.155566 -0.573574
been</w> 0.275176 -0.355011 0.590885 -0.161004 -0.072874 -0.182015 0.045426 0.284757 -0.321103 -0.240521 0.075286 0.477231 -0.022763 -0.495736 -0.102667 0.068993 0.439333 0.275980 -0.749982 0.680350 0.182472 0.102152 0.325889 0.547274 0.597467 -0.196567 -0.256467 -0.339855 0.551629 0.752660 0.390770 1.018936 0.196173 -0.125821 -0.126715 -0.148793 -0.385810 0.075656 -0.211716 0.962351 0.064801 -0.048171 -0.131153 -0.516162 0.253515 0.390825 -0.273028 0.540087 -0.170303 -1.430713
ol -0.129784 0.109522 -0.121834 0.433526 -0.466599 -0.419064 0.367329 -0.075294 -0.885015 -0.367104 0.263726 0.438388 -0.323167 -0.012481 0.063810 -0.176149 0.591765 -0.120009 -0.783878 0.318818 -0.513824 0.515529 -0.767337 0.061697 -0.396642 -1.271404 -0.180267 0.211057 -0.226529 0.006507 -0.155070 -0.147938 1.193285 -0.168069 0.428773 -0.011609 -0.335025 0.172132 -0.383811 -0.260211 0.350921 -0.401620 0.164121 0.319273 -0.396081 0.344447 0.039738 0.358285 -0.309685 -0.710261
oo 0.350139 -0.150401 -0.498023 -0.349633 -0.836122 0.499866 -0.514776 0.070776 -0.707975 -0.115179 1.010744 0.503704 -0.497101 0.072372 0.061111 -0.279933 0.849132 0.485261 -0.548847 -0.055753 -0.031871 0.710868 -0.868212 0.458038 -0.543993 -1.221768 -0.498199 0.310522 -0.348830 0.496404 -0.294797 0.134378 0.806580 -0.013142 -0.005975 0.061452 0.224462 -0.240086 -0.061707 0.281974 -0.313794 0.258535 0.315632 -0.615040 -0.679587 0.389225 -0.028037 -0.634652 -0.741016 -0.420969
much</w> -0.080898 0.039180 0.431828 -0.052000 -0.184907 0.374875 0.290822 -0.340383 -0.033706 -0.104981 -0.267138 0.009843 0.296830 0.018607 0.005843 -0.268015 0.431539 -0.001505 -0.938258 0.679727 0.026706 0.411137 -0.040722 0.146853 -0.301791 -0.213273 0.113917 0.212357 -0.205741 0.233764 0.668418 0.683962 -0.149577 -0.551597 -0.298969 -0.258135 -0.239056 -0.167854 -0.205449 0.271914 -0.343876 0.531750 0.204752 -0.204335 0.336759 -0.158206 -0.345047 -0.363449 0.472517 -0.801002
also</w> 0.179175 0.102907 0.183163 0.082102 -0.188584 0.104130 0.480201 -0.227882 -0.677711 -0.105398 0.090281 0.679653 -0.380578 0.074760 -0.224174 0.212721 0.418375 0.406230 -0.073408 0.569674 0.241803 0.037593 0.502009 0.070725 0.009549 -0.356868 0.246777 -0.325737 0.348862 -0.000091 0.205547 0.308760 0.029964 -0.088509 -0.293663 -0.449444 -0.683710 0.564277 -0.464485 -0.114674 0.183392 0.289917 0.189870 -0.040231 0.142086 -0.069536 -0.029602 0.113131 0.000914 -0.647140
du -0.102213 -0.285534 -0.602264 0.480288 0.548747 0.220123 0.275607 0.630979 -0.512080 -0.464939 0.183862 -0.390526 -0.458725 -0.229897 0.662480 -0.708685 0.383958 0.042480 -1.590661 0.365959 -0.251569 -0.536304 0.449941 0.107027 0.125979 -0.294479 0.511554 0.053868 -0.060805 0.266547 -0.737052 0.446576 0.496414 -0.270986 0.291666 -0.763464 -0.288431 0.118419 -0.050717 -0.284523 0.008993 -0.079099 -0.244188 0.507296 -0.203579 0.569636 -0.546351 -0.194648 0.106490 -0.599220
story</w> 0.381530 -0.395241 0.560842 0.216266 -0.331869 0.145281 0.122399 -0.456349 -0.533139 -0.433029 -0.163040 0.195731 0.190885 0.132224 -0.395930 -0.332748 0.051186 0.247465 -0.435223 0.521810 -0.340931 -0.053676 0.083763 0.143663 -0.066309 0.191235 0.255716 -0.393464 -0.088647 0.219944 0.039840 0.013493 -0.013796 -0.633957 -0.512981 -0.926353 -0.108095 -0.260961 -0.421378 -0.636183 -0.015217 0.496277 0.415347 -0.565645 0.402564 0.391754 0.282881 -0.013162 0.476571 -0.126479
ss</w> -0.095718 0.733491 0.267289 -0.202554 0.071358 -0.049595 0.281892 0.140894 -0.515239 -0.313639 0.126852 0.730851 0.244288 0.204126 0.939085 0.553568 -0.382359 0.153538 -0.408965 0.573022 -0.114908 0.058907 0.182487 -0.072999 -0.018510 -0.799084 -0.023982 0.559519 0.164382 0.771953 -0.034845 -0.005146 -0.120987 0.157738 -0.389271 -0.222292 0.237894 0.232910 -0.622021 -0.035038 -0.115311 0.792576 -0.130631 -0.818940 -0.130634 0.664108 0.053870 -0.318584 0.372843 -0.150550
po 0.062915 -0.083733 0.465650 -0.118937 -0.043820 0.322615 0.016522 -0.706273 -0.171025 -0.428017 -0.049395 -0.143820 -0.598605 -0.096394 -0.089053 -0.404935 0.160762 0.180083 -1.014687 0.824350 0.313112 -0.043112 -0.591219 0.845154 0.039757 0.069881 -0.414171 0.376636 -0.169754 0.535045 -0.453862 0.347568 -0.149168 -0.305116 0.160995 -0.300540 -0.391367 0.014551 0.264748 -0.306023 -0.409031 -0.226186 -0.444609 0.550822 0.501984 0.322051 -0.004537 -0.431620 -0.117429 -0.501028
bad</w> -0.026100 -0.173793 0.502170 0.010488 0.075613 0.538548 -0.047705 0.073480 -0.621608 -0.087472 -0.333147 0.051559 0.391814 0.071395 -0.094017 -0.033049 0.519720 -0.009533 -0.620769 0.393864 0.121824 -0.339730 0.299853 0.149345 -0.524952 -0.535135 0.343412 -0.106977 -0.079792 0.018516 0.537249 0.463017 -0.090011 -0.026330 -0.720480 -0.652587 -0.248241 0.220891 -0.343122 -0.221036 -0.782142 0.651225 0.362027 -0.183216 0.421941 -0.711167 -0.029548 -0.343124 0.197372 -0.476195
ever</w> 0.245346 -0.278651 0.156697 0.186710 0.346296 0.325460 0.474752 0.110298 -0.703942 -0.438881 0.205708 1.155083 0.341932 -0.082471 0.073587 0.081932 0.350464 0.342211 -0.267891 0.406392 0.017500 -0.228102 1.104928 0.367581 0.142005 -0.863966 -0.324879 -0.660257 -0.130209 0.323055 0.017607 0.671586 0.636187 0.577792 0.197701 0.165306 0.070803 0.487617 -0.709754 0.334179 0.104852 -0.357105 -0.112059 -0.304611 0.408538 0.577364 -0.374243 -0.078797 -0.076508 -0.117021
pe 0.001938 -0.138201 0.222215 0.002524 -0.261920 0.475611 0.774683 0.218029 -0.130273 -0.092145 0.931213 -0.238080 -0.398632 -0.122993 0.498455 -0.150385 0.434479 -0.337049 -1.055277 0.080806 -0.411507 -0.031975 -0.746312 0.642519 -0.226615 -0.068607 -0.525252 0.330208 0.250051 0.166727 -0.512090 0.701330 0.505676 -0.629528 0.497025 -0.873471 -0.133402 0.504004 -0.182744 0.426560 0.007106 -0.099771 0.200745 -0.048162 -0.000689 -0.198763 -0.022172 0.152711 -0.248056 0.060019
fe 0.204615 -0.174720 0.694864 0.714584 -0.296425 -0.555524 0.729873 0.422024 -0.858694 -0.286835 -0.137086 0.166264 0.734219 -0.295273 0.131985 -0.202758 0.350253 -0.556833 -0.709700 0.095324 -0.033997 -0.623760 -0.355023 -0.033613 -0.976193 0.029704 -0.558716 -0.756866 0.642588 0.987631 -0.159641 0.590391 -0.088937 0.161526 0.144837 -0.155246 0.063646 -0.330918 -0.224072 -0.682181 0.470357 -0.044479 0.161683 -0.301693 0.070449 0.429127 0.010480 -0.202048 -0.085401 -0.438285
par -0.055777 0.133035 0.103999 -0.362151 -0.501293 0.326751 0.344877 -0.055998 -0.646704 -0.020151 0.232176 -0.093722 -0.317917 -0.323496 -0.169732 0.056912 -1.124860 -0.106346 -0.529694 0.730621 0.003270 -0.103036 -0.575298 0.842291 -0.387375 -0.235748 -0.742072 -0.094083 -0.262793 0.787190 -0.280805 0.553056 0.080634 -0.590242 -0.134085 -0.184590 -0.292589 0.110570 -0.226452 -0.379962 0.037110 0.088936 0.341272 -0.072780 0.057804 0.034998 -0.433881 0.282880 -0.383283 -0.537017
make</w> 0.437383 0.179121 0.469270 0.469818 -0.019623 0.019442 0.008311 0.327277 -0.565415 0.642998 0.169418 0.228166 0.004694 -0.309246 0.563199 -0.391977 0.346130 -0.177462 -0.700117 0.065285 0.384311 -0.291148 0.042752 0.453592 0.116550 -0.280609 -0.190061 -0.599690 -0.563720 0.988142 0.087612 0.316800 -0.145790 0.243784 -0.153734 -0.445851 -0.371533 -0.014438 -0.379744 0.245289 -0.129476 0.715886 0.317286 -0.392001 0.586780 0.415941 0.382303 -0.283900 -0.236095 -0.454848
because</w> 0.330982 -0.320303 0.144741 0.253111 -0.806722 0.299635 -0.173251 0.050785 -0.571325 -0.057975 0.230609 0.566561 -0.460331 0.178475 -0.258297 -0.097398 0.150191 -0.421073 -0.145986 0.549258 0.007337 -0.272161 0.457502 0.416279 -0.211086 -0.506780 -0.569327 -0.201593 0.305230 0.112735 -0.053959 0.631641 -0.502469 0.107559 -0.162491 -0.213962 -0.320623 0.172293 -0.069549 0.120534 -0.391431 0.196652 0.513101 -0.314023 -0.242359 0.282344 -0.363749 0.270297 0.421624 -0.017505
ter</w> -0.478050 -0.549273 0.692812 -0.519435 0.044341 0.562358 0.421216 -0.735888 -0.145735 0.597505 0.398304 0.287311 0.152103 0.009249 -0.346315 0.682266 0.299205 -0.142998 -1.231529 0.290344 -0.040703 -0.201205 0.055139 -0.059731 0.461389 -0.430189 -0.491816 0.028210 0.293629 0.115428 -0.123647 -0.118632 0.351370 -0.269333 0.080490 -0.915352 -0.138997 0.475301 -0.094205 0.158285 -0.426512 0.091232 0.409789 -0.583775 -0.037118 0.397342 -0.087589 -0.065380 -0.425458 0.541942
ab -0.643862 0.062786 0.415230 -0.114759 -0.612988 0.364644 0.481148 0.206830 -0.862847 -0.012802 -0.146158 0.357809 -0.175464 0.210794 -0.304353 -0.259198 -0.039688 0.516079 -0.649196 0.030300 -0.018091 -0.081766 0.205752 0.436853 -0.262037 -0.575457 -0.103952 0.011349 0.701724 0.702140 -1.002971 0.243451 0.436418 -0.103067 0.454608 0.192470 0.057932 -0.236148 0.071953 0.230691 -0.017532 -0.246657 0.237607 -0.580562 -0.677179 0.466183 0.322804 -0.105037 -0.533773 -0.354257
g</w> -0.123880 0.979247 0.415725 0.257746 -0.194908 0.465947 0.561233 -0.620818 -0.459986 -0.136307 0.007372 0.325149 0.091559 -0.170470 -0.120538 -0.147333 0.004858 -0.099763 -0.270088 -0.187117 -0.225884 -0.207543 0.288597 0.340841 -0.195537 -0.530175 0.131399 0.085782 0.496054 -0.312216 -0.119329 -0.382393 0.118118 -0.376482 0.231826 -0.665421 0.300281 0.549435 0.102005 0.232035 -0.167166 0.015046 -0.004975 -0.574436 -0.349396 0.600728 -0.441631 -0.247945 -0.195457 -0.385909
over</w> 0.088580 -0.029749 -0.135709 0.158664 -0.161928 0.573859 0.209279 -0.200707 -0.791754 -0.224251 -0.120256 0.188259 -0.406206 0.170770 0.391723 -0.249131 -0.361954 0.118195 -0.476880 -0.191168 -0.272353 -0.141937 0.006799 0.052028 -0.047466 -0.390286 0.075382 -0.264693 -0.133568 0.235268 0.130660 0.036527 0.312727 -0.233032 0.143690 -0.449640 -0.475948 -0.613219 0.008415 0.300065 -0.273135 0.746442 0.526210 -0.379112 0.022684 0.102949 0.353445 -0.320457 0.227192 -0.428705
king</w> -0.263603 0.243534 0.449615 0.023179 -0.290979 0.317621 -0.169647 -0.257574 -0.450865 -0.596076 0.038631 -0.244548 -0.385016 -0.085052 -0.203684 0.113285 -0.045887 0.288865 -0.647970 0.072227 0.127723 -0.349681 0.024671 0.068707 0.306382 -0.565184 -0.205153 0.226736 0.758938 0.386500 0.201525 0.215737 0.337467 -0.467288 0.524643 -0.483103 -0.465015 -0.717818 -0.194019 0.669885 -0.657843 1.410796 -0.177984 0.100936 -0.644707 0.732369 -0.030699 0.050735 0.599629 -0.416069
no -0.312274 -0.350914 0.719143 0.323030 0.091362 0.274784 0.982273 0.031128 -0.392259 -0.009909 0.569082 0.339896 -0.443847 -0.699557 -0.491102 -0.647637 -0.023944 0.009459 -0.172997 0.405416 -0.112443 0.297949 -0.778928 0.036329 0.267162 -0.325682 0.554858 0.518387 0.512311 0.495211 -0.280704 0.729453 -0.103158 -0.791938 0.465313 -0.179062 -0.316483 -0.142175 -0.176277 -0.682945 -0.394241 -0.052490 0.452308 0.097206 0.394959 -0.222606 -0.289691 -0.599540 -0.198228 -0.053727
;</w> 0.252070 0.558892 -0.001332 0.770837 -0.498719 0.462043 0.174488 -0.371174 -0.565490 0.245234 -0.094205 0.343215 -0.109103 0.378523 -0.256200 -0.339133 -0.360697 0.123433 -0.501309 0.435594 0.078839 0.036522 -0.260396 -0.337243 -0.141710 -0.654944 0.017394 0.004958 0.073273 0.524055 0.183444 0.587550 0.145941 0.124161 0.029998 -0.283192 0.397396 0.575163 0.513108 -0.126022 -0.204292 0.192484 0.493306 0.133368 -0.217998 0.137516 0.198652 0.004686 0.487910 0.258613
ur -0.193290 -0.225502 0.234253 -0.501892 0.040867 0.111059 0.274377 -0.533704 -0.605872 -0.022735 0.715590 -0.197387 0.112796 0.017140 0.367175 -0.052145 0.186911 0.510991 -0.746060 0.078492 -0.108815 0.069814 -0.343689 0.067388 -1.336763 -1.284849 0.057311 0.260603 0.157735 0.442669 0.232654 0.808909 0.279235 -0.035410 0.400778 0.284497 -0.287793 0.064385 0.241510 -0.041219 0.821294 0.131076 0.259241 0.071159 -0.363317 0.153639 0.002364 -0.485414 -0.663461 0.130071
ated</w> -0.200381 0.186669 -0.031356 0.198943 0.254057 -0.143131 0.570741 -0.374718 -0.687877 -0.012384 -0.457280 0.328149 -0.469932 -0.064433 -0.059345 0.046779 -0.293164 -0.210703 -1.112554 0.155958 -0.144263 -0.059702 0.018541 0.330427 0.366294 -0.886746 -0.172207 0.138997 0.344814 0.007606 -0.732331 -0.119938 -0.326932 -0.093265 -0.157971 -0.306348 -0.233870 -0.438153 -0.611504 0.309677 0.339220 0.675234 -0.314837 0.264532 0.030538 0.583676 -0.207678 -0.443137 -0.516212 0.269953
ence</w> 0.428485 0.449269 0.405258 0.059582 0.623528 -0.013838 0.382975 -0.197549 -1.052757 -0.555942 0.056102 0.619041 -0.151810 0.488455 0.101192 0.169406 0.115410 0.251321 -1.288710 0.575550 -0.351886 -0.327660 0.075177 -0.019695 0.049035 -0.641960 -0.014210 0.445851 0.138765 0.022944 -0.334774 -1.110971 -0.451681 -1.034450 -0.431876 0.000964 -0.734681 -0.265904 -0.104691 0.123190 -0.195766 0.115130 0.169045 0.705104 0.061396 0.554807 0.298923 -0.136425 0.202294 -0.214672
own</w> -0.313640 -0.441080 0.181613 0.021144 -0.627539 0.338688 -0.565964 -0.464898 -0.591878 -0.224441 0.188824 0.509865 0.079649 0.161424 0.212304 0.108843 0.146935 -0.127913 -0.707487 0.085161 0.216192 -0.001268 -0.126049 0.787646 0.161584 -0.436407 -0.539901 -0.425604 0.486284 0.744797 0.307896 -0.371528 0.241816 -0.526524 -0.268348 -0.186961 -0.621746 -0.152761 -0.358882 0.211279 0.258400 0.458753 0.084709 -0.200799 -0.216151 0.237825 -0.233914 -0.514005 -0.115092 -0.052434
your</w> -0.095143 -0.374786 0.477258 0.491176 0.023799 0.640644 0.318546 0.100502 0.420596 -0.166269 -0.019221 -0.047305 -0.005602 -0.413448 0.305134 -0.192625 0.468240 -0.060456 -0.639765 0.116212 -0.097372 -0.222848 0.078079 -0.086032 -0.495774 -0.823228 -0.750889 0.124592 -0.577819 0.427612 0.240303 -0.086543 0.333258 -0.616553 -0.084783 -0.544938 0.378048 -0.347390 0.156528 0.519784 -0.285097 0.021070 -0.124501 0.537578 0.415604 0.542450 0.287070 -0.023135 -0.186363 -0.131395
first</w> -0.084719 -0.126197 0.020292 0.251012 -0.191065 0.558819 0.405096 0.277417 -0.543244 -0.549657 -0.116249 0.662331 -0.189542 0.430929 0.424898 -0.289070 -0.125984 -0.213040 -0.701030 0.263788 -0.570834 0.090983 0.640649 0.651953 -0.263551 -0.277322 -0.479291 -0.108886 -0.142946 0.088279 0.249742 -0.156508 -0.942705 0.186667 0.155402 -0.479819 -0.174260 0.216915 -0.350891 -0.074077 -0.419869 0.226534 0.300156 -0.544878 -0.167388 0.534257 0.006672 -0.184982 0.048289 -0.219256
ice</w> 0.042495 0.279943 0.210777 0.096596 -0.286572 0.471971 -0.160743 -0.605950 -0.476765 -0.314732 -0.069445 0.001257 -0.289151 0.331474 -0.491853 -0.138993 0.104492 0.147821 -1.208970 0.170560 0.312245 0.320476 0.236675 0.539717 0.281820 -0.960177 -0.235936 -0.204430 -0.000424 -0.379409 -0.476246 -0.417758 0.243368 -0.401221 -0.819210 -0.573033 -0.329382 -0.524360 0.165598 -0.091255 0.534688 0.623039 0.350256 0.103027 0.058086 -0.100932 -0.108209 -0.158864 -0.553468 -0.089586
ally</w> -0.122454 0.311136 0.348076 -0.163009 0.168992 0.197834 0.579168 -0.433612 -0.214462 0.193729 -0.412242 0.384120 0.003074 0.159371 -0.612058 0.459306 0.407780 -0.175951 -0.733214 0.604523 -0.445366 -0.289735 0.075293 0.255686 0.227061 -1.051754 -0.245279 -0.155712 0.931269 0.347641 0.338351 0.186460 -0.084610 0.608033 -0.255227 0.020147 -0.509289 0.200109 -0.336494 -0.102839 -0.089333 0.188466 0.192973 0.958526 0.301947 0.618066 -0.828317 0.207705 -0.477262 -0.454829
bo 0.013249 -0.047040 0.166761 0.573286 -0.204135 0.657217 0.660648 0.163848 -1.176935 0.158002 0.573261 -0.301631 -0.050414 -0.128331 -0.030119 0.005014 -0.000536 0.047475 -0.043266 0.004203 -0.115028 -0.158602 -0.354825 0.237272 -0.501976 -0.793883 -0.291436 -0.032619 0.011466 0.645888 -0.105415 -0.199285 0.070666 -0.091194 0.360532 0.018852 0.147488 -0.054567 0.049290 0.034243 0.368792 -0.688281 -0.122246 -0.819708 0.124845 0.454500 0.198057 -0.733678 -0.002304 -0.363465
into</w> 0.474962 -0.182281 0.108316 0.094860 -0.550657 0.492323 -0.263153 0.268481 -0.464868 0.314879 -0.656409 0.127019 -0.385608 -0.004366 0.451035 -0.279666 0.074115 0.156438 -0.644985 -0.202026 0.201188 0.100203 0.012286 0.026499 0.266307 -0.662235 -0.227408 -0.150788 0.358295 0.654522 0.165244 0.085898 0.165036 0.151562 0.207296 -0.608119 -0.304008 -0.408245 -0.097712 0.016095 0.327101 0.050582 0.791051 -0.216106 0.015856 -0.088316 0.539153 0.168124 -0.038268 -0.396081
em -0.303313 -0.394893 0.537474 -0.246690 -0.207660 -0.212635 0.679371 0.396489 -0.622064 0.234445 -0.264854 0.478877 0.268966 -0.444023 0.392609 0.108757 -0.041454 0.308212 -0.593951 0.691076 0.082472 -0.366295 -1.088659 0.422400 -0.241115 -1.149009 -0.385407 0.038683 0.315419 0.237499 -0.102008 0.008435 0.860733 -0.184928 0.062928 -0.565638 -0.417031 -0.805851 -0.649088 -0.315978 0.514091 -0.316655 0.006218 -0.137354 -0.560929 -0.292848 -0.185607 -0.387070 -0.817378 0.238967
ding</w> 0.069405 0.472754 0.223207 -0.077333 0.433010 0.374497 0.119677 -0.364975 -0.943931 0.706801 -0.342125 0.353765 0.477114 0.548276 0.278071 0.117889 0.027094 -0.029138 -0.856901 -0.405813 -0.457603 -0.453296 0.147643 -0.181458 -0.174444 -0.398819 -0.651999 0.179560 0.602934 0.233923 -0.057516 -0.171046 0.221070 -0.213379 -0.303475 -0.380961 -0.299340 -0.521193 -0.404204 0.798433 0.309181 0.568207 -0.202155 -0.534692 0.643404 0.673878 0.446915 -0.078686 0.037334 -0.202479
ta 0.364639 0.154203 -0.036585 0.729853 -0.099940 -0.211260 0.696701 -0.044239 -0.472387 -0.224947 0.179113 0.952641 -1.023702 -0.512860 -0.028925 0.361876 0.268128 0.825862 -0.441399 0.819054 0.025442 -0.233243 -0.673884 0.516312 -0.235405 -0.013833 -0.303938 0.373134 0.249053 0.714896 0.202006 0.228279 0.693627 0.168013 0.281536 -0.025189 0.556001 -0.482903 0.020860 -0.475641 0.093757 -0.030912 -0.452080 -0.398199 0.770929 0.310137 0.095892 -0.203684 -0.005318 -0.154724
ca 0.966158 -0.453749 0.262239 0.412349 -0.091532 -0.411630 0.924431 -0.117625 -0.602584 -0.405548 0.225433 -0.174682 -0.298510 -0.284814 0.548039 -0.310314 0.094312 -0.256632 -0.464443 0.477242 0.122831 -0.242276 -0.917849 0.243380 -0.749056 -0.285695 -0.473325 0.433866 0.329411 0.098935 0.086595 -0.068319 -0.135945 -0.138492 0.444246 -0.737914 -0.696076 0.114506 0.077587 -0.160399 -0.197420 0.149594 -0.266533 0.357189 -0.202699 0.318542 0.084624 -0.027994 -0.129953 -0.640509
after</w> 0.081476 -0.306201 0.262319 -0.513601 -0.059783 0.539050 0.093039 -0.298091 -0.526851 -0.066726 -0.101235 0.451717 -0.040636 0.112110 0.441365 -0.330010 -0.356184 -0.228389 -0.223687 0.066205 0.240258 -0.099437 0.085449 -0.031317 -0.377634 -0.531436 -0.200515 -0.036912 -0.015794 0.221901 0.453918 -0.057446 -0.076126 0.378763 -0.137014 -0.690101 -0.209417 -0.044692 -0.576175 -0.233952 0.305846 0.108103 0.518660 -0.214113 0.367369 0.204541 0.107857 -0.094494 0.335575 -0.279495
/</w> 0.065079 -0.341686 0.204105 0.339276 0.206967 0.356755 -0.266277 -0.444583 -0.179528 -0.017881 0.180542 0.680703 -0.777916 0.267895 0.033132 -0.382241 -0.423781 -0.065408 -0.320350 0.127527 0.420732 -0.088586 -0.398504 -0.096489 -0.458424 -0.741068 -0.268491 0.490709 0.136891 0.965243 0.248569 -0.026680 0.236409 0.053683 0.055038 -0.403810 0.168423 -0.125005 0.562226 0.714117 0.232767 -0.221558 0.367027 -0.285772 0.272278 0.408629 -0.590799 0.183521 0.068245 0.054703
old</w> -0.168384 0.035237 -0.108830 0.255240 -0.081497 0.502197 -0.155263 0.064956 -0.990501 -0.432671 -0.086691 0.018755 -0.400394 0.073823 0.090672 -0.011228 -0.135525 -0.560657 -0.517107 0.053065 -0.498519 0.169436 0.028964 0.204295 -0.501892 -0.040698 0.160729 -0.005835 -0.110904 0.451292 0.517964 0.026359 0.058704 0.065264 0.356738 -0.649973 -0.110249 -0.124255 0.125155 0.260916 -0.214935 0.640271 0.197354 -0.143693 -0.263670 0.525536 -0.285529 -0.649141 -0.077817 -0.434040
people</w> 0.343475 -0.331046 0.122722 0.323339 -0.157953 0.509196 0.211713 0.434156 -0.703582 0.104651 0.352323 0.065004 -0.142014 0.421413 -0.441764 -0.058684 0.361036 -0.097915 -0.204092 0.366322 0.067441 -0.364676 -0.161211 0.337852 0.107954 -0.225281 -0.488411 0.166409 -0.519722 0.111600 0.230553 0.178983 0.539426 -0.878991 -0.381920 -0.120807 -0.400434 0.172275 -0.283266 0.316892 -0.180886 0.184128 0.430421 -0.415956 0.157474 0.249130 -0.054175 -0.210304 0.208950 -0.014262
ke -0.227898 0.017916 0.160530 -0.076921 -1.112903 0.078014 -0.334003 0.042452 -0.346484 -0.601614 0.329867 -0.080155 0.256014 0.030644 -0.110241 0.264633 -0.168738 -0.379312 -0.796111 0.533087 1.062031 -0.477042 -0.376529 0.545497 -0.215062 -0.397985 -0.824734 -0.094539 0.411462 0.392077 -0.356671 0.662497 1.028818 -0.041538 0.470163 -0.694548 -0.676502 -0.137279 0.354084 -0.532053 -0.170567 0.161022 0.261641 0.242672 -0.253073 0.754892 -0.132446 -0.068249 0.126927 -0.019036
love</w> 0.317766 0.492587 0.032108 0.306433 -0.266739 0.424231 0.155253 -0.414197 -0.705389 -0.154936 0.657107 0.587331 -0.065219 0.558828 0.342624 0.144240 0.191758 -0.200701 -0.239883 0.265931 0.521460 -0.340025 0.238904 0.276405 0.009835 -0.472954 -0.186400 -0.169954 0.034466 -0.028146 -0.029464 0.282079 -0.433356 -0.352717 -0.005202 -0.291285 -0.244409 -0.074082 -0.563906 -0.065311 -0.636101 0.272012 0.262767 -0.459842 -0.004124 -0.087707 0.110515 -0.667721 -0.153426 -0.483476
cre 0.299209 -0.202856 0.005273 0.227626 -0.063181 0.139180 0.446874 -0.107577 -0.500048 0.039887 0.585374 0.301857 0.350582 0.364718 0.309350 -0.553540 0.321734 -0.264052 -0.904292 0.147149 -0.251842 0.152749 -0.099093 0.748407 -0.163402 -0.725588 -0.042652 0.016703 -0.208762 0.480358 -1.491861 0.420043 0.178982 0.472854 -0.381192 -0.897846 -0.139782 -0.323873 0.627101 -0.234222 0.389716 0.387884 0.111851 0.124643 0.499512 -0.128639 0.386343 0.167078 0.032408 -0.219327
om 0.445896 0.272866 -0.368107 0.193451 0.182900 0.269712 0.205651 -0.058102 -0.698019 0.086745 -0.028837 0.301286 -0.228117 -0.624718 0.041759 -0.164415 0.325451 -0.320065 -1.177934 -0.505233 -0.484509 -0.479303 -0.151262 0.297345 -0.958170 -1.245474 0.628864 0.099105 0.596042 -0.103934 -0.029807 0.574794 0.462234 -0.236421 0.630569 -0.518291 0.232091 0.093114 -0.241712 -0.292599 0.170980 -0.587527 -0.264186 -0.053265 -0.420065 -0.221146 -0.365329 -0.528744 0.016761 -0.094487
our</w> 0.355143 -0.287807 0.299496 0.158017 0.257642 0.123891 0.137938 0.139296 -0.922027 -0.623811 0.076938 -0.019756 -0.407891 -0.103162 0.264237 0.390423 -0.112595 -0.379286 -0.586687 0.159402 -0.298716 0.322734 -0.138761 -0.046331 -0.516928 -0.622780 -0.412953 0.488279 -0.110486 0.232329 0.233807 -0.257587 0.416957 -0.379411 -0.040223 -0.493941 0.430146 -0.187713 -0.001406 0.710634 0.171236 0.325635 0.107813 -0.021914 0.162944 0.505706 -0.080341 -0.502478 -0.543803 0.015086
any</w> -0.223553 0.195397 0.639787 0.204667 0.087399 0.395505 0.072924 0.522339 0.017715 -0.212829 0.021165 0.171890 0.136995 -0.209544 -0.192507 -0.409511 0.474531 0.497052 -0.308629 0.331773 -0.451675 -0.214119 0.240905 0.289825 -0.136573 -0.670330 -0.878835 0.603766 -0.055224 0.739766 0.145713 0.491931 -0.060806 -0.515377 -0.101633 -0.215994 0.162806 -0.022926 -0.202214 0.650780 -0.061729 0.159076 -0.059668 -0.094223 0.317786 -0.179908 -0.278517 -0.054274 0.033873 -0.002300
x</w> 0.056853 0.104848 0.468408 -0.426342 -0.058037 -0.121221 0.291153 0.096223 -0.617252 -0.299402 0.284080 0.498655 0.425277 0.000611 0.186375 -0.075417 -0.706056 -0.071359 -0.575225 0.143103 0.100298 0.243631 -0.027028 0.461497 -0.214585 -0.609146 -0.406751 0.642862 0.288015 0.448399 0.267780 -0.352312 -0.323273 -0.232361 0.063739 -0.383295 0.263964 0.604117 0.342542 -0.073828 -0.309768 0.606826 0.373973 0.027799 0.040126 0.982351 0.092709 -0.112291 -0.064781 -0.567369
now</w> 0.129814 -0.192108 -0.160247 0.098274 -0.362154 0.653529 0.583089 -0.363605 -0.669198 -0.047682 0.257379 0.573945 -0.434653 0.248934 -0.291002 0.008119 -0.040671 -0.170136 0.025697 0.330578 0.100425 -0.328432 0.265409 -0.028976 -0.424003 -0.511308 0.073926 -0.230051 -0.228692 0.340389 -0.046477 -0.157929 0.117545 -0.242865 0.088932 0.148025 -0.250046 0.386556 -0.339625 0.028742 -0.349750 0.478564 0.346756 0.266366 0.408502 0.376569 -0.104190 -0.441125 0.213720 -0.498253
is 0.030674 0.005815 0.237298 0.000109 0.146502 0.786612 1.075910 0.086319 0.078217 0.097950 0.037293 0.146599 -0.274960 -0.494508 -0.622673 -0.662318 -0.487843 0.448775 -0.597595 0.925468 0.281045 0.027115 0.284932 -0.123300 -0.494882 -1.064963 -0.327140 0.086319 0.697622 0.456227 -0.388650 -0.159262 0.357222 -0.532077 -0.152739 0.672148 0.329611 -0.836457 -0.217375 -0.793901 0.250311 0.487336 0.536682 -0.453969 -0.188870 0.033253 -0.242705 0.885647 -0.108991 -0.110833
made</w> -0.059164 0.012497 -0.029054 0.417838 0.039790 0.202693 0.141773 0.564748 -1.030659 -0.522458 0.033678 0.617439 0.121324 0.163072 -0.253598 0.367585 0.078878 0.044648 -0.304587 0.395882 0.688888 -0.331184 0.288516 0.398876 -0.068226 -0.462181 -0.258362 -0.203379 0.064225 0.061829 0.129832 0.420934 -0.051935 0.007364 -0.060533 -0.443382 -0.383654 -0.251252 -0.301551 0.287342 -0.100501 0.369833 -0.065549 -0.084890 0.140915 -0.099364 -0.066391 -0.417363 0.543537 -0.516343
tra 0.197926 -0.765330 0.377813 0.687145 0.077643 -0.445839 0.597361 -0.117544 -0.683511 0.424015 -0.483310 0.640798 -0.843445 0.114068 -0.279143 -0.498914 0.395493 -0.068427 -1.144953 0.048477 -0.114817 -0.063143 -0.214862 0.310975 0.215582 -0.739815 -0.340050 0.581098 0.026528 -0.002633 -0.693359 -0.021109 -0.044962 -0.324075 0.009258 -0.330650 -0.086097 -0.055446 -0.233471 -0.483634 0.271371 -0.255295 -0.330526 -0.031339 -0.117754 -0.174033 0.614559 -0.110649 0.049329 -0.449379
most</w> 0.468888 0.157392 0.505213 -0.104185 -0.361037 0.398098 0.173914 0.038884 -0.166717 -0.188735 -0.378519 0.313808 -0.066509 0.414929 -0.493321 -0.070944 0.229667 0.252139 -0.962646 0.599324 -0.626971 -0.224375 -0.160543 0.253726 -0.109504 -0.227764 -0.260749 -0.023851 0.195238 -0.047236 0.088583 0.196341 -0.336174 -0.055282 -0.273053 -0.386393 -0.419336 -0.080722 -0.401688 0.015740 -0.264547 0.426871 0.017070 -0.126294 -0.183747 0.255921 -0.299986 0.287815 0.064024 0.327384
think</w> 0.251230 0.413817 0.800046 0.261440 -0.106856 0.344697 0.547626 0.082033 -0.708254 0.044882 0.963920 0.432020 -0.261820 0.540055 -0.136413 -0.249047 0.564792 -0.033058 -0.675136 0.412994 0.296081 -0.462249 -0.080294 -0.081227 0.064659 -0.413083 -0.139898 -0.425570 -0.235111 0.094669 -0.063258 0.620961 -0.857897 -0.442982 -0.813028 0.061300 -0.325455 0.531547 -0.146715 0.352979 -0.488403 0.343898 0.288068 -0.181454 0.273233 0.285916 0.126821 -0.325474 0.375435 -0.491027
sh</w> -0.306956 0.880358 0.403768 -0.113372 -0.222136 0.256025 0.444766 0.021851 -0.243922 -0.258474 0.134160 0.424208 0.433576 0.149540 0.423493 0.148254 -0.037020 0.067122 -0.720050 -0.047128 0.292971 0.103646 0.505184 0.458341 -0.268166 -0.778818 -0.277846 0.564040 0.256391 0.380329 0.447808 -0.421800 0.136157 -0.272665 -0.258630 -0.756372 -0.288371 0.327923 -0.127358 0.175505 -0.205147 -0.062473 -0.294249 -0.493476 -0.058975 0.206796 -0.516177 0.436068 -0.036479 -0.661274
tion</w> 0.718071 -0.269797 0.764526 -0.260619 0.706138 -0.095976 0.425975 -0.933907 -0.253013 -0.275156 -0.396391 0.291595 0.168902 0.838916 0.282980 0.271052 0.241764 -0.097481 -1.141507 0.600783 0.483144 -0.457006 0.367920 0.064613 0.109817 -0.517948 -0.598030 -0.254970 0.317436 -0.306990 -0.398340 -0.014261 0.002797 -0.393809 0.001604 -1.262749 -0.791752 0.294454 0.073602 0.062790 0.168038 0.611249 -0.534380 0.237797 0.244272 0.282688 -0.069921 0.111531 0.349838 0.044529
pa -0.130548 -0.936887 0.182631 0.170741 -0.064204 0.013606 0.264071 -0.172848 -0.937840 -0.160055 -0.015515 0.361428 0.019030 -0.621753 -0.585510 -0.641922 0.209083 -0.484504 -0.417522 0.702029 -0.051553 -0.740272 -0.742963 0.082305 0.231319 -0.611842 -0.782204 0.287952 -0.179187 0.305680 -0.093542 0.728019 -0.354489 -0.367886 0.617912 -0.269393 0.023060 -0.500613 0.252364 -0.736207 -0.224785 -0.129187 -0.452521 -0.342200 -0.337636 0.133917 -0.031938 -0.728483 0.110789 -0.363617
ant</w> 0.232594 0.527332 0.624750 0.132455 0.568146 0.072345 0.641895 -0.376948 0.068612 -0.595849 -0.332497 0.965061 -0.075095 -0.004296 -0.007357 1.023621 0.210553 0.320952 -0.623266 0.095769 -0.072777 0.316366 -0.345764 0.827019 0.147186 -0.975377 -0.019711 0.007431 0.207305 0.489769 0.411694 0.277494 0.294560 -0.187176 -0.564685 -0.024717 -0.236528 -0.264405 -0.280345 0.077724 0.108905 0.111177 -0.201129 0.377997 0.001319 0.230106 -0.228234 -0.397263 -0.035239 0.195579
ves</w> 0.232370 0.840531 0.329234 0.383441 -0.466752 -0.064170 0.295651 -0.125467 -0.277316 0.475681 0.103363 0.674650 0.765556 -0.003298 0.167325 0.166771 0.343420 -0.346072 -1.125628 0.150694 0.318606 -0.741391 0.106868 -0.343624 0.048805 -0.786579 -0.492061 -0.061133 -0.335260 0.478655 1.061484 -0.048750 0.391768 -0.626629 0.033211 0.207601 -0.829554 -0.168885 0.279912 -0.387128 0.148073 1.003485 0.007948 -0.056396 -0.242557 0.764801 0.288472 0.352135 0.297773 -0.448600
could</w> 0.543624 0.082094 0.144951 0.401470 -0.496800 0.333413 0.545785 0.324615 -0.164884 -0.327425 -0.258864 0.637663 -0.260862 0.049083 -0.225186 0.093676 0.270318 -0.053893 -0.298909 -0.008108 0.542799 -0.483665 0.061855 0.250210 -0.021315 -0.747745 -0.021275 0.157682 0.200380 0.647380 0.168499 0.821781 0.103471 -0.255461 -0.307289 0.434996 0.023461 0.524788 -0.870137 0.665413 -0.333793 0.087792 0.840201 0.198701 0.727588 0.321328 -0.361251 0.149882 0.531098 -0.445965
2</w> -0.218659 -0.425394 0.249643 0.003135 0.157480 0.568840 0.417114 -0.351042 -0.736992 -0.595357 0.271527 0.684761 -0.384500 0.136493 0.093312 -0.279457 -0.624097 -0.585656 -0.226734 0.076544 0.205496 -0.276302 0.191410 0.137269 -0.017442 -0.901908 0.378112 0.159040 -0.014748 0.471277 0.144360 -0.578674 0.237658 -0.493241 0.038998 -0.385657 0.060208 -0.323065 0.582059 0.515306 -0.474937 0.132252 0.437621 -0.280469 0.416786 0.545896 -0.117788 -0.356185 0.254563 -0.041151
ge</w> 0.109380 0.960635 0.629550 -0.163882 -0.331494 0.448738 0.201138 -0.470065 -0.200146 0.039605 -0.388705 0.212023 0.140657 -0.051161 -0.108208 -0.176065 0.354643 -0.270775 -0.962201 -0.251779 -0.074068 -0.080567 0.637607 0.669226 -0.382006 -0.273073 -0.052412 0.521719 0.741252 0.381267 0.519550 -0.308876 0.433068 -0.094317 -0.157267 -0.689184 0.166152 -0.264996 -0.028975 0.244295 -0.541647 -0.095183 -0.529665 -0.858673 -0.021102 0.756042 -0.093998 0.419775 -0.258812 -0.193921
*</w> 0.352058 -0.266856 0.452756 0.545295 -0.491322 0.258955 0.530552 -0.633186 -0.458179 -0.723628 0.658437 0.516319 -0.117416 0.197858 -0.356541 -0.289384 -0.655830 0.051619 -0.275841 -0.005311 0.544888 -0.533207 -0.192365 0.201351 -0.044115 -1.574708 -0.103525 0.775260 -0.594923 0.455766 0.120707 -0.271865 0.355506 -0.130318 0.176732 -0.055758 -0.589753 0.038116 0.659286 0.425867 0.277992 -0.145813 0.399784 -0.586878 0.532832 0.307206 -0.422248 0.572417 0.039205 -0.336044
ter 0.209331 -0.173933 0.267618 -0.211022 -0.051111 -0.169016 0.192781 -0.124326 -0.278251 0.612762 -0.325174 -0.286952 0.187321 -0.377675 -0.446935 -0.024286 -0.630547 0.658177 -1.164098 0.561966 0.040201 -0.656519 0.255170 0.323592 -1.188124 -0.871538 -0.200224 0.028261 0.483954 -0.121884 -0.563611 0.202618 0.557216 -0.052689 -0.194067 0.133627 -0.197159 -0.017382 -0.265581 -0.296857 0.160941 0.179929 0.665207 -0.753505 0.439476 -0.247256 -0.092661 -0.028416 -1.083310 -0.094522
man</w> 0.064370 0.052563 0.144589 0.157301 0.022951 -0.014734 0.346560 -0.369779 -0.547820 0.384715 0.505470 0.473087 0.034179 0.283388 -0.594367 0.139157 0.246469 -0.010082 -0.616673 0.003595 -0.547767 0.057400 0.053939 0.316535 -0.220908 -0.312719 0.272957 -0.320235 0.293786 0.396130 0.296124 -0.174062 0.423377 -0.300248 -0.508886 -0.556388 -0.052297 -0.300452 -0.321606 -0.284146 0.120900 -0.017701 -0.242172 -0.200435 -0.045335 0.643507 -0.043520 -0.059244 0.053725 -0.192697
che -0.347290 0.026942 -0.575820 0.479786 -0.027744 0.401331 0.005114 -0.426850 -0.500549 -0.996446 0.424500 -0.442137 -0.281424 -0.055225 0.096874 -0.202347 0.152267 -0.386248 -0.122482 0.562537 0.763394 0.055088 -0.845211 0.357352 -0.192631 -0.723572 -0.150665 -0.334101 0.301939 0.623925 -0.277001 0.368535 0.510658 -0.195561 0.279237 -0.722887 -0.596887 -0.006021 -0.181252 -0.269286 -0.097772 0.154356 -0.271369 -0.134551 0.110386 -0.126397 -0.305025 0.034659 0.268412 -0.682006
gu -0.326264 -0.033631 -0.189930 0.212305 0.416094 0.247886 0.966254 -0.005752 -0.295619 0.546887 0.055478 -0.269522 -0.067339 -0.460270 0.204313 -0.161808 0.202823 0.141060 -0.324649 0.572912 -0.004838 -0.791566 -0.114084 -0.606399 -0.717679 -0.596472 -0.492080 -0.063735 0.747902 0.703166 -0.320848 -0.086697 -0.137754 -0.996585 0.366643 -0.521529 -0.440642 -0.508301 -0.094190 -0.137573 -0.246734 -0.867695 0.047595 -0.402985 -0.444660 0.667454 0.153282 -0.357470 0.126039 -0.572256
end</w> 0.106356 -0.023735 0.206556 0.738318 -0.684531 -0.086086 -0.101547 -0.188998 -0.174663 -0.223646 0.471639 0.195581 -0.209519 0.460370 0.032088 -0.465361 0.190917 -0.100892 -0.974796 0.101649 -0.344977 0.293791 -0.051492 0.623885 0.424346 -0.417512 -0.166905 0.116406 0.176450 0.476383 0.149558 0.102260 -0.279782 -0.105010 -0.029290 -0.215830 -0.388239 -0.133084 -0.594869 -0.259448 -0.290255 0.823327 0.464149 -0.767460 -0.194404 0.538246 -0.029563 -0.617738 -0.307063 0.128169
per -0.274816 0.159924 0.547629 -0.285923 -0.290756 0.183017 0.515466 -0.363893 0.123685 0.365735 -0.314032 0.379121 -0.278648 0.156401 0.567675 0.210947 0.390656 0.011412 -1.190768 0.602662 0.409561 -0.078193 -0.407812 0.144686 -0.244142 -0.162631 -0.073068 0.263267 -0.067837 0.963104 -0.228646 0.922747 0.005720 0.018842 -0.192905 -0.538042 -0.561299 -0.032244 0.373436 0.035898 0.314596 0.044162 0.733093 -0.006024 0.444703 0.069174 -0.319003 -0.540818 0.037637 0.808355
fa -0.082240 -0.663661 0.453509 0.274108 -0.301920 0.264026 0.578843 0.284199 -0.778448 0.890435 -0.132595 0.212242 -0.263320 -0.721454 -0.283132 0.279801 -0.164587 0.050732 -0.273909 0.208815 0.447803 -0.017900 -0.528319 0.580058 -0.773592 -0.601467 0.010947 0.782665 -0.072511 0.669387 -0.307615 0.310638 -0.652045 0.479017 0.017939 -0.268244 -0.510235 -0.529497 -0.371342 -1.099362 -0.146460 -0.140273 -0.231766 -0.498149 0.160447 0.260537 -0.499075 -0.240304 0.166631 -0.620964
ents</w> -0.142928 0.029207 0.442370 0.042989 0.666790 0.676138 0.463513 -0.075770 -0.609974 -0.046630 -0.074095 0.508252 0.201811 0.532264 -0.318011 -0.297700 0.543373 -0.297927 -1.436821 -0.134119 -0.337675 0.291078 -0.133129 0.336598 0.471364 -0.326497 -0.248745 -0.032553 0.302199 -0.303841 0.357473 0.392912 0.472584 -0.435049 -0.574968 0.234270 -0.800853 -0.997586 -0.053246 0.032107 0.005376 0.334672 0.204289 0.185342 0.174773 0.694134 -0.873287 -0.037639 0.410395 0.223710
ev -0.409399 0.384806 0.683293 -0.310458 0.372205 -0.170527 0.256135 0.011068 -0.846044 -0.379190 0.050655 0.358170 -0.699929 -0.116684 -0.136628 0.025582 -0.416886 0.574090 -0.506640 0.561252 -0.473667 -0.037360 0.073473 0.027257 -0.558678 -0.632397 -0.139721 -0.064445 -0.210640 0.578724 -0.293515 0.239622 0.041751 0.186118 0.213088 0.114299 -0.521650 -1.340419 -0.520316 -0.380231 -0.210858 -0.137359 0.211515 -0.156713 -0.657459 0.126428 -0.502280 0.268158 -0.152910 -0.027530
us</w> 0.553977 -0.178397 0.744645 0.149520 -0.294217 -0.041446 0.322128 -0.022673 -0.266181 -0.004252 0.209656 0.043417 0.170306 0.066024 -0.211529 0.125773 -0.247596 0.107714 -0.496589 0.418617 -0.117003 0.007553 -0.369605 0.148217 -0.181591 -0.702538 -0.500840 -0.132247 -0.203012 -0.168262 0.119988 -0.229891 0.117190 -0.628607 0.187762 -0.401637 -0.502027 -0.386126 -0.377904 0.431378 0.107246 0.405690 0.052899 0.238243 0.177882 0.193094 0.154958 -0.132959 -0.023915 0.135831
wor -0.212813 -0.242353 0.388837 -0.029586 -0.126662 0.473495 -0.073913 0.184545 -0.352012 0.192231 0.347535 0.202935 -0.903390 -0.595487 -0.291736 -0.623869 0.051210 0.348097 -0.339455 0.114844 -0.203698 -0.313850 -0.146303 0.318647 -0.399969 -0.525435 0.153898 -0.082332 -0.327195 1.212021 0.317116 0.396590 -0.049015 -0.331027 -0.010251 0.274798 -0.988260 -0.295426 0.122052 -0.348396 -0.588775 0.333748 0.264705 -0.134432 0.458661 0.174503 0.303047 -0.171085 0.115739 -0.227849
1 -0.268406 -0.620699 0.350848 0.206182 0.084321 0.334271 0.216117 -0.159623 -0.671665 -0.776386 -0.029452 0.595731 -0.584544 -0.365506 0.153322 -0.667149 -0.611933 -0.302074 -0.573192 0.375907 0.050829 -0.304027 -0.109256 0.246696 -0.157693 -0.868668 0.195485 0.431477 -0.206405 0.501261 -0.086965 -0.279560 0.175620 -0.415901 0.394790 -0.387216 0.194607 -0.323362 1.008038 0.185386 -0.584641 -0.090852 0.395505 -0.864324 0.490173 0.321579 -0.145797 -0.618061 0.314528 -0.233579
ting</w> 0.173953 -0.021901 0.174666 -0.720595 0.124173 0.506569 0.473696 -0.616590 -0.494339 0.255622 -0.297435 0.303639 -0.085486 0.072564 -0.150774 0.293868 0.308544 -0.197669 -1.124948 0.451742 -0.053198 -0.346150 0.253056 0.025081 0.664479 -0.304666 -0.762389 0.608816 0.561758 -0.015329 0.001794 0.034411 0.502572 -0.083600 -0.003786 -0.482443 0.135632 0.223837 -0.423676 0.350000 -0.446845 0.871624 0.075837 -0.334485 -0.015378 0.008750 0.193596 -0.019131 -0.710445 -0.205572
ke</w> 0.113763 0.500628 0.268365 -0.014791 -0.210030 0.080323 0.466848 -0.332816 -0.291014 -0.709061 0.370863 -0.266890 0.540404 0.178511 0.477440 0.227743 0.243229 0.039818 -0.559874 -0.468528 0.709393 -0.151352 0.133795 0.286363 -0.376104 -0.837073 0.220811 0.434959 0.324107 0.641159 0.398169 -0.149862 -0.267216 -0.288390 0.150273 -0.694165 -0.037053 0.006305 -0.037378 -0.085023 -0.307697 0.665545 -0.348232 -0.464313 -0.382005 0.779878 -0.317394 -0.115135 0.457793 -0.501807
ked</w> -0.402281 -0.008386 0.080859 0.088617 -0.461780 0.282523 0.058955 -0.449860 -0.367650 -0.530348 0.001770 -0.132068 -0.248832 0.259179 -0.181870 0.395683 -0.113420 -0.066975 -0.548998 -0.006263 0.193105 -0.112227 -0.017807 0.350522 0.394042 -0.377513 -0.489360 0.828334 0.686921 0.444351 0.225293 0.352668 0.252867 0.076423 0.398333 -0.681836 -0.628620 -0.764570 -0.748234 0.600698 -0.471503 1.906851 0.346361 0.014879 -0.533600 0.400555 -0.267080 -0.198963 0.358099 -0.634522
ick</w> 0.022837 0.479587 -0.308030 0.281943 0.104285 0.285734 -0.060351 -0.217732 -0.277817 -0.265299 0.451374 0.025226 -0.230537 -0.318405 0.112217 0.343643 0.395597 0.390580 -0.704707 0.274815 -0.101006 -0.237650 -0.073156 0.746683 -0.235253 -0.856799 0.327674 -0.322726 0.046273 0.637892 0.109781 -0.014561 0.412001 -0.044155 -0.219355 -0.518269 -0.101336 -0.192121 -0.243383 -0.131395 -0.391564 0.846460 -0.214763 -0.220909 -0.072817 0.720374 -0.085668 -1.240467 -0.363907 0.297089
taste</w> 0.465385 0.139097 0.711718 0.160380 -0.381224 0.548609 0.339418 -0.111919 -0.268775 0.024415 0.335004 0.138748 0.441860 0.232602 -0.522107 -0.275539 0.326471 -0.271894 -0.324459 0.977617 -0.302226 -0.206704 0.124347 0.587567 -0.375143 -0.161634 0.243169 -0.049408 0.051195 0.259520 -0.088581 0.455618 -0.319219 0.005255 -0.185601 -0.305775 -0.306154 0.430689 -0.079745 -0.041476 0.270486 0.729678 0.238890 -0.533526 -0.026515 -0.276792 -0.313598 -0.760306 -0.092670 -0.416236
ity</w> -0.368837 0.539943 0.262481 0.026648 0.246278 -0.085155 0.846966 -0.617522 -0.643859 0.324111 0.236467 0.297608 -0.003490 0.425795 -0.209743 0.015626 0.150791 -0.578011 -0.864321 0.691024 -0.374507 0.164541 -0.210036 -0.162598 0.250784 -0.776132 -0.096736 0.225918 0.499670 -0.152400 -0.011569 -0.247679 0.503681 -0.419387 0.119081 -0.451564 -0.655912 -0.611399 -0.552238 0.280384 -0.480046 0.540549 -0.327191 0.220920 -0.375864 0.668651 -0.189028 -0.455227 -0.039425 0.284784
gi 0.660357 0.559540 0.436131 0.886871 -0.145093 0.073459 0.384066 0.056544 -0.489833 -0.215382 0.087877 0.595521 -0.171887 -0.629643 -0.403964 -0.153852 0.388523 -0.572123 -0.635892 0.193054 0.373279 -0.361761 -0.624027 0.059102 -0.514963 -0.590112 -0.197425 0.107205 0.230064 -0.041751 0.234898 -0.160853 0.879637 -0.756050 0.645627 0.332953 -0.500129 -0.538223 -0.142907 -0.335645 0.437622 0.257725 0.254989 0.468889 0.076074 -0.025195 0.183455 0.300580 -0.119119 -0.603407
age</w> 0.172385 0.274401 -0.093300 0.667146 0.604186 0.263444 0.353999 -0.437137 -0.455693 -0.031061 0.062117 0.140677 0.063880 0.535187 0.373766 0.606352 0.574837 -0.401872 -0.765918 -0.171295 -0.228894 0.273060 0.156278 -0.368700 -0.440836 -0.659540 -0.208265 -0.165105 0.768234 -0.030251 0.042264 -0.387765 -0.175039 -0.266695 0.210868 -0.741650 -0.310014 0.347192 -0.291317 -0.532424 -0.355561 0.385233 -0.174730 -0.630294 -0.016918 0.524910 0.043666 -0.613058 0.407869 -0.131356
sa 0.513352 -0.291224 0.155277 0.475059 -0.406992 -0.147545 0.888119 0.500768 -0.431792 -0.321899 0.185693 -0.435328 -0.153853 -0.236405 0.217910 -0.285022 -0.248925 -0.054452 -0.315529 0.934051 0.421192 -0.175109 -0.347584 0.079388 0.036583 -1.025302 -0.079432 0.136828 0.234252 -0.230674 -0.170354 0.037626 0.292540 -0.563235 0.079654 -0.650293 -0.135458 -0.277462 0.181595 -0.321102 -0.277146 0.016139 0.215391 0.150973 -0.695962 -0.153575 0.047459 -0.178916 0.028353 -0.711841
cr 0.069403 0.189449 0.679648 0.598517 -0.182165 -0.368728 0.674283 -0.557163 -0.415535 0.498639 0.531311 -0.018285 -0.633431 -0.310974 -0.535793 0.192119 -0.016484 -0.279828 -0.427815 0.720945 0.142130 -0.607100 -0.568984 0.276957 0.045068 -0.811290 -0.013203 0.568416 -0.383307 0.293966 -0.666065 0.270900 0.605618 -0.091461 0.058574 -0.580955 0.000319 0.012618 0.132735 -0.298808 0.012857 -0.230418 -0.025572 -0.488079 0.118384 -0.372614 0.075619 0.160645 -0.239199 -0.136924
here</w> -0.049443 -0.269684 0.404001 0.374582 -0.317096 0.432232 0.453453 -0.625552 -0.259150 0.044201 -0.272971 -0.190364 -0.221130 0.323385 0.122967 -0.072958 0.438242 0.093390 -0.083070 0.326850 0.504026 -0.096451 0.627638 0.125244 -0.307761 -0.781689 0.116175 -0.332657 -0.408499 0.036984 0.106692 0.263818 0.123622 -0.474271 -0.049213 -0.366083 -0.595903 0.102237 -0.113544 -0.336138 -0.049109 0.360455 0.287541 -0.062113 0.134638 0.237588 -0.674259 0.021076 0.434825 0.157444
day</w> 0.153016 -0.053432 0.835245 0.145082 -0.467736 0.425285 0.054136 -0.561569 -0.497241 0.078995 0.106236 0.711582 0.052194 0.064431 -0.224796 -0.326874 -0.310374 -0.353675 -0.397050 0.291708 -0.202158 -0.424819 -0.245702 0.095367 -0.524063 -0.395324 -0.146166 0.077055 0.176567 -0.078285 0.432563 -0.258992 0.115661 -0.145592 -0.295164 -0.122290 -0.528914 -0.051398 0.148347 -0.119685 0.238003 0.253796 0.154273 -0.429741 0.104138 0.456017 0.368798 -0.379879 -0.325691 0.059309
b</w> -0.407903 0.595931 0.000354 0.244264 0.470196 0.034122 0.512132 0.026798 -0.651331 -0.052097 -0.198687 0.102222 -0.224605 0.374204 0.000672 -0.168397 -0.017265 -0.262972 -0.598411 -0.036215 -0.506477 -0.428494 0.089731 0.139905 -0.486483 -0.871055 0.888417 -0.117270 0.087921 0.363742 -0.063769 -0.124052 -0.026304 0.010187 0.040329 -0.767470 0.174133 0.433716 0.223975 0.050203 -0.287763 0.183985 -0.132040 -0.358869 0.145296 0.866187 -0.231001 -0.287257 -0.156785 0.117104
0</w> -0.768725 -0.725921 0.994164 0.132023 -0.039019 0.516855 0.730248 -0.240130 -1.174052 -0.721282 -0.033057 0.643687 -0.036678 0.308889 0.088627 -1.011407 -0.286514 -0.372346 -0.420224 0.330491 0.134971 -0.324940 0.198328 -0.127809 0.410191 -0.837618 0.501712 -0.630800 -0.072802 0.649574 0.410794 -0.123453 0.137204 -0.388099 0.201988 -0.822226 0.207160 0.060731 0.830472 0.696872 -0.567845 -0.051310 0.210272 -1.170600 0.159524 0.931652 -0.433566 -0.471971 0.476135 0.089876
com 0.170628 -0.148030 0.670996 -0.494703 -0.419290 -0.048161 0.216708 0.321958 -0.068746 0.511645 -0.478717 0.093631 -0.067852 0.722585 -0.079227 -0.348193 0.613907 -0.347962 -0.892668 0.293998 -0.118772 -0.253270 0.081441 0.236650 0.241287 -0.608908 0.351704 0.834745 0.345378 0.522173 -1.271224 0.701638 0.280093 -0.778451 0.014166 -0.360579 -0.315393 0.175172 -0.172098 -0.276398 0.259577 -0.112310 0.464817 -0.634612 -0.083635 0.274558 -0.111734 -0.135916 -0.526576 -0.363286
where</w> 0.327838 0.067060 0.349022 -0.022743 -0.182388 0.399547 0.151926 -0.104823 -0.363045 0.331592 -0.246971 0.654251 -0.422209 0.556805 0.178249 0.289424 0.314290 -0.001364 -0.035859 0.086756 -0.219123 -0.299476 0.286933 0.399394 -0.003484 -0.695769 -0.619617 -0.578983 -0.001851 0.269470 0.245775 0.525048 -0.135519 -0.138536 0.078549 -0.327952 -0.328395 0.426641 -0.274898 0.019292 -0.224427 -0.004155 0.619406 -0.307359 -0.243717 -0.026729 0.243340 -0.269623 0.217645 0.021977
gh -0.198817 0.493298 -0.270303 -0.822913 -0.724472 0.182520 0.526161 -0.403559 -0.222045 0.182280 0.052674 -0.242600 0.434308 0.252307 0.418454 -0.451329 -0.414347 0.081809 -1.066953 0.286178 -0.176090 0.250170 -0.236010 0.437612 -0.242199 -0.700260 -0.671105 0.792431 0.331635 0.527242 -0.222235 0.762513 0.402227 -1.327007 0.225224 -0.632176 -0.144696 0.183582 0.037051 0.138397 -0.245646 -1.440874 0.300636 -0.685343 -0.179115 0.693351 -0.254189 -0.105067 -0.519105 -0.736840
him</w> 0.387829 -0.451385 0.077319 0.442080 -0.648388 0.330658 0.610118 0.083294 -0.208322 -0.214924 0.185272 -0.070472 -0.065954 -0.019133 0.220056 0.187135 0.422982 -0.323817 -0.351155 0.388252 -0.000100 0.257588 0.163764 -0.358057 -0.118853 -0.480995 -0.533006 -0.035790 -0.466928 0.471161 0.113762 0.055953 0.360253 -0.885298 0.086871 -0.013667 -0.230446 -0.157800 -0.419530 0.239875 0.247303 0.642374 0.338568 0.042232 0.404425 0.166744 0.123805 -0.316154 0.111226 -0.491141
ying</w> 0.070483 0.696323 0.250592 -0.382888 0.117976 0.360224 0.578622 0.237288 -0.147869 -0.600655 0.367969 0.303932 0.132877 -0.216000 -0.172194 -0.342346 0.456775 0.172880 -0.772469 -0.345384 -0.031820 -0.407457 0.230021 0.757111 0.439188 -1.011222 -0.071056 0.248554 0.683050 -0.039183 0.012836 0.100196 -0.055344 -0.183437 0.286524 -0.409970 -0.637417 -0.135364 -0.234121 0.800353 0.033273 1.035809 0.132709 -0.143370 -0.164568 -0.113893 0.176496 -0.260668 -0.392600 -0.156296
better</w> -0.259721 -0.138542 0.396002 0.062653 0.068421 0.393926 0.245355 0.185445 -0.433072 -0.305199 -0.643720 0.741672 0.118796 -0.250733 -0.207349 0.079134 0.294129 0.088825 -0.301575 0.690568 0.341714 -0.165850 -0.147012 0.160599 0.090381 -0.664283 -0.103141 0.213766 -0.403024 0.561006 0.849443 0.386759 0.113788 0.112442 -0.359834 -0.496163 -0.641455 0.152054 -0.252138 -0.075081 -0.203445 0.392695 0.147714 -0.439651 0.643927 -0.260179 -0.158657 -0.032461 0.255077 -0.214150
know</w> 0.250987 0.235893 0.527938 0.060261 -0.381091 0.533230 0.427929 -0.184478 -0.749252 0.282984 0.906455 -0.102662 -0.081624 0.752032 -0.196844 0.065193 0.380771 -0.110254 -0.611850 0.010206 0.657106 -0.765056 0.029770 0.125909 0.217999 -0.177611 -0.027089 -0.254693 -0.257907 0.165121 0.087404 0.895818 0.037853 -0.589893 -0.323372 0.020527 -0.202550 0.625326 -0.495286 0.778576 -0.215798 0.261033 0.342783 -0.347294 0.333310 0.622632 0.212112 -1.117989 0.534487 -0.489801
wa 0.045118 -0.749485 0.410904 0.484849 -0.678572 0.319727 0.436503 0.649902 -0.206807 0.063342 0.709222 0.099584 -0.197783 -0.478425 -0.074632 -0.500542 0.167345 -0.748082 -0.745008 0.171783 0.900987 0.103192 -0.520997 0.877505 -0.402852 -1.027303 0.083505 0.554863 -0.377115 0.548824 0.404980 0.568908 -0.455416 -0.213625 -0.089078 -0.101268 -0.637549 -0.040298 0.038509 0.231716 -0.490935 -0.075013 -0.707946 -0.304353 -0.375619 0.231897 0.487932 -0.000606 0.201569 -0.737773
ps</w> 0.185150 0.437648 0.071203 0.532193 -0.401633 -0.109787 0.398670 -0.681571 -0.297548 -0.014362 0.116402 -0.080357 0.308866 0.048963 0.095581 0.248047 -0.621811 -0.495050 -1.057274 0.043709 0.350202 -1.073468 -0.204580 0.364780 0.143457 -0.506297 -0.520701 0.023929 0.033928 0.448497 0.345415 -0.381579 0.456413 -0.007933 0.095147 -0.623689 -0.161557 0.011948 -0.340379 -0.383512 -0.686535 0.721492 -0.250667 0.086942 0.236213 0.772442 -0.401683 -0.116117 0.063717 0.083385
el</w> -0.172707 0.478092 0.313475 -0.085692 0.544748 -0.165767 0.597548 -0.085940 -0.266144 -0.582532 0.053925 0.424120 0.028468 0.130163 0.074105 -0.155471 0.145991 0.777018 -0.996931 0.171636 0.041670 0.373932 0.002705 -0.133490 0.187574 -1.437122 0.281879 0.218093 0.471525 -0.336017 -0.039085 -0.140516 -0.229981 -0.383009 -0.389634 -0.428095 -0.094498 -0.228862 0.065912 -0.121701 -0.091843 0.432563 -0.421656 -0.404927 -0.567630 0.857502 0.041502 -0.156994 0.319182 -0.146648
ow</w> 0.009130 0.336293 -0.017451 0.237047 -0.308271 0.525125 0.142771 -0.548898 -0.705206 0.030794 0.686605 0.034190 -0.093690 0.784497 -0.310038 0.387549 0.353830 -0.231783 -0.492327 -0.230030 0.523057 -0.005409 -0.248398 0.853305 -0.341934 -0.600178 -0.021158 -0.482754 0.711330 0.122212 0.042112 -0.325807 0.383891 -0.020860 -0.418723 -0.284279 -0.051867 -0.172623 -0.352612 0.634749 0.334462 0.856788 0.369429 -0.704724 0.118910 0.633806 0.167008 -0.371636 -0.596955 -0.195091
pl -0.134621 0.443366 0.751103 0.014800 -0.048335 0.095548 0.804345 -0.670977 -0.734133 -0.092075 0.064254 0.228733 -0.097526 -0.180204 -0.192258 0.166126 0.057587 -0.052577 -0.512526 0.206836 0.382359 -0.351029 -0.354621 0.451812 -0.365803 -0.542928 -0.466120 0.389482 -0.555093 0.116999 -0.431062 0.844337 0.165770 -0.155409 0.657750 -0.261100 -0.537942 -0.256356 -0.274894 -0.297788 0.676016 0.241705 0.055768 -0.314402 -0.060197 -0.756214 -0.332161 0.265490 0.404569 0.310565
wh 0.094291 -0.676723 0.757893 -0.056928 -0.309506 0.280902 0.689588 -0.096213 -1.322428 -0.090755 0.243513 0.170595 0.139077 0.244783 -0.138698 0.207243 0.005135 0.055468 -0.060984 0.367167 0.098706 -0.377190 0.780467 -0.064147 -0.655450 -0.729903 -0.683697 0.137325 -0.135125 0.207349 -0.404466 0.573059 1.067752 0.185843 0.062868 -0.045617 0.142551 0.155252 -0.793645 0.072268 0.047109 -0.721817 -0.305738 -0.205987 0.104551 0.328639 0.752985 0.164828 -0.103467 0.418343
over -0.174416 0.027424 -0.377929 0.230505 0.235538 0.725865 0.251396 0.090409 -0.977280 -0.117120 -0.264574 -0.132161 -0.268970 0.266054 0.291973 0.422015 -0.500527 0.467768 -0.121658 -0.349543 -0.674986 -0.019578 -0.121216 0.285928 -0.287598 -0.885223 0.032671 -0.193556 0.598179 -0.139041 -0.205926 0.674866 0.337764 0.112358 -0.342018 -0.133541 -0.181911 0.014308 -0.597984 -0.470419 0.430779 -0.041532 0.779133 -0.293404 0.327903 -0.191692 -0.546293 -0.609237 -0.121574 -0.366636
ge 0.139427 0.891481 0.451273 0.183063 -0.202359 0.872949 0.498726 0.011375 -0.894553 -0.152375 -0.239423 -0.367219 -0.219496 -0.647766 -0.490229 -0.705932 0.645749 -0.216846 -0.555493 0.123782 -0.066205 0.234097 -0.158027 0.092533 0.009361 -0.566659 -0.433443 0.479822 0.303767 -0.028627 -0.675017 0.189072 0.468254 -0.391739 0.623364 -0.175122 -0.184736 -0.014493 -0.000932 -0.439104 -0.177172 -0.836654 -0.591540 0.097481 0.265759 0.327765 -0.256441 -0.129180 -0.119472 -0.592525
ul 0.454885 0.465511 0.037200 -0.162902 -0.460032 0.844758 -0.186224 0.009626 -1.248750 0.518440 0.167926 0.106335 -0.057294 -0.575712 0.538165 0.106179 -0.415667 0.001216 -0.950645 0.823029 -0.267126 0.617567 -0.436222 -0.291226 -0.626800 -0.474381 -0.039713 -0.398499 0.893846 -0.619722 -0.436618 0.742258 0.346152 -0.017606 0.295257 -0.606534 -0.391968 -0.739058 0.242801 -0.375967 0.348100 0.484550 0.687169 0.453783 0.277786 0.294058 -0.594703 0.261619 0.025403 0.031394
ell 0.069312 -0.670944 -0.311823 -0.074268 -0.522591 -0.063826 0.562881 -0.455275 -0.748930 0.311626 0.450744 0.084363 0.001135 -0.008319 -0.125714 0.559585 0.570338 -0.317844 -0.643320 0.127628 0.034287 0.621654 -0.355602 0.437693 -0.744587 -1.198787 0.553818 -0.080571 0.366444 0.566091 0.328579 0.037499 0.195422 0.005844 -0.395731 -0.816680 0.300426 0.084456 -0.417066 -0.065795 0.639137 -0.724997 0.811733 -0.426373 -0.530321 -0.332089 -0.128722 -0.292567 -0.803108 -0.784184
go</w> -0.010001 0.095636 0.331850 0.418358 -0.109170 0.285345 0.667549 -0.244221 -0.461595 0.036601 0.518888 -0.270706 -0.103716 0.256074 0.387665 0.234080 0.008217 -0.234445 -0.444244 0.176446 0.181774 -0.028640 0.207104 0.238965 0.248545 -0.526717 -0.617260 -0.250851 -0.388075 0.744301 -0.082726 -0.181267 0.189699 -0.167035 0.275590 0.063541 -0.225118 0.184337 -0.286373 0.450594 -0.118339 0.711932 0.109995 -0.293854 0.575505 0.486465 0.281507 -0.553148 -0.009094 -0.525926
best</w> 0.039553 -0.220425 0.310681 0.264797 -0.026773 0.209050 0.101679 -0.005681 -0.622762 -0.279901 -0.447143 0.533859 -0.019448 0.521546 -0.110210 -0.192400 0.214642 0.029182 -0.626031 0.098134 -0.642816 -0.222120 0.194648 0.616074 0.073651 -0.451921 -0.469270 -0.340301 -0.054258 0.406777 0.035385 0.016618 -0.214199 -0.130918 -0.103357 -0.795723 -0.174376 0.106166 -0.145737 -0.211923 -0.081043 0.128672 0.089536 -0.595815 -0.068378 0.100593 0.139883 -0.019080 -0.125474 0.359577
little</w> -0.044232 0.181236 0.019573 -0.146073 0.021742 -0.386762 -0.246130 -0.240560 -0.226435 -0.206541 0.018297 0.465362 -0.127711 -0.336330 -0.071242 0.049165 0.431295 0.094175 -0.680751 0.519264 0.187333 0.036068 -0.327935 0.291521 0.065028 -0.619530 0.024667 0.441630 0.028421 0.285753 0.656618 0.775156 -0.020411 -0.213108 -0.279840 -0.664830 -0.113752 -0.525360 -0.121438 0.160936 -0.067767 0.402185 -0.073995 -0.584689 0.394208 -0.331482 0.044130 -0.085298 -0.176494 -0.397967
all 0.230121 -0.994775 -0.283162 0.283063 -0.628490 -0.178533 0.672025 -0.474966 -0.869476 -0.178466 0.562322 -0.116246 -0.122158 0.461984 -0.864747 0.225118 0.961512 0.117344 -0.212788 0.084234 -0.049112 -0.102178 -0.442543 0.361481 -0.798523 -0.834500 -0.344858 -0.083405 0.409580 0.580732 -0.026499 0.139197 0.395542 0.106587 0.140880 -0.480351 0.634701 -0.044490 -0.482546 0.197453 0.821162 0.305403 0.433919 -0.300848 -0.201801 -0.134348 -0.148136 -0.267706 -0.381206 -0.243978
ss 0.263937 0.563537 0.206967 -0.590703 -0.118525 0.407207 0.754985 0.005109 -0.900811 -0.565939 0.096686 0.007400 -0.082717 0.069668 0.577511 0.875685 -0.780633 -0.014718 -0.658598 0.448608 0.206350 -0.979594 -0.131233 -0.341779 -0.834408 -0.426260 -0.810756 0.399519 0.499575 0.969023 -0.373473 0.069791 0.456472 -0.167644 -0.096078 0.065290 0.515634 -0.183595 -0.362177 -1.097715 -0.039974 -0.389837 -0.142656 -0.045676 -0.041553 0.123157 0.099584 0.473078 0.006610 -0.523562
ded</w> 0.275172 0.158826 0.035522 0.153745 0.022854 0.424751 1.083451 -0.634073 -0.397419 0.529562 -0.290851 -0.086378 0.237575 0.556289 0.295509 0.405105 0.048946 -0.025734 -1.180426 0.109379 0.340273 -0.031679 -0.357306 -0.029728 0.173080 -0.593020 -0.617585 0.339838 0.432784 0.086982 -0.054452 -0.056267 -0.133844 -0.311849 -0.253011 0.296355 -0.404750 -0.316108 -0.888026 1.139595 0.217325 0.286633 -0.196777 -0.337710 0.962837 0.754399 -0.108469 0.205575 0.132848 -0.601861
&</w> 0.045351 0.333729 0.406061 0.663504 -0.281057 0.526363 0.123115 -0.355358 -0.087174 0.001700 0.253555 0.167512 -0.573741 -0.434803 0.004277 -0.445233 0.087155 0.260655 -0.473403 0.385166 0.093785 -0.016551 -0.297264 0.029276 -0.197038 -0.793899 -0.081452 0.047764 -0.147345 0.491262 0.214612 0.126452 0.500610 0.481798 0.257125 -0.248140 0.697646 0.581840 0.052866 -0.153697 0.068285 0.067611 0.624723 0.058632 -0.047308 0.589306 0.331708 0.050331 0.131901 0.424840
off</w> -0.011242 -0.356518 -0.015001 0.384758 -0.584479 0.722148 0.436292 0.025671 -0.244034 -0.097019 0.185343 0.042446 -0.228871 -0.121084 0.512581 -0.391067 0.063664 -0.113561 -0.453308 -0.086334 0.051330 0.486859 0.147906 0.376415 -0.226128 -0.410447 -0.304814 -0.202718 -0.084345 0.433802 0.308457 -0.169267 -0.041220 -0.019245 -0.028872 -0.382842 -0.146239 -0.150743 -0.476191 -0.163943 -0.044144 0.479993 0.335127 -0.385537 0.012144 -0.014579 -0.018907 -0.356685 0.156840 -0.286711
two</w> 0.088642 -0.305390 0.382737 0.151611 -0.064168 0.525487 -0.077628 0.265698 -0.807553 -0.382307 0.121083 0.152813 0.040410 0.036172 0.199475 0.032537 0.044318 -0.414976 -0.234854 0.349890 -0.280388 -0.040937 0.013866 0.253943 0.201597 -0.080004 -0.747769 0.373492 0.114179 0.364306 0.396250 -0.192088 0.041664 -0.331706 0.133997 -0.612761 -0.296676 -0.088518 -0.013888 0.176390 -0.543527 0.125399 0.175633 -0.421006 -0.010968 0.348569 -0.241948 0.226775 0.053619 -0.049543
back</w> 0.285979 -0.445527 0.076589 0.345827 -0.544107 0.431145 0.406180 0.211783 -0.114351 -0.205063 0.285773 0.299451 -0.165558 0.406709 0.599428 0.120914 0.064644 -0.209122 -0.466446 -0.186322 -0.112882 0.109806 0.283236 0.414996 0.048615 -0.365712 -0.511646 -0.265582 0.038655 0.819888 0.090241 -0.116683 0.192003 -0.080881 -0.017506 -0.110929 -0.254245 -0.405491 -0.524034 0.041250 -0.066031 0.564348 0.273710 -0.297836 -0.068466 0.358703 0.161413 -0.389047 0.404423 -0.422392
ten 0.428558 -0.652234 0.677982 -0.817838 -0.168729 0.003215 0.484139 -0.476286 -0.089211 0.858062 0.003051 0.998987 -0.419043 0.049058 0.668334 -0.032280 0.468074 0.126871 -0.874365 0.539466 -0.508872 -0.158954 -0.183342 0.356746 -0.644832 -0.244130 -0.166537 0.488322 -0.261562 1.376718 -0.522675 0.129261 0.408479 -0.001017 -0.123019 -0.209584 -1.130623 0.662470 -0.498715 -0.256278 0.832476 -0.462311 -0.051560 -0.079263 0.215935 0.379396 -0.419144 -0.100131 0.382988 -0.053190
did</w> 0.491578 0.275199 0.238327 0.391115 -0.344683 0.793167 0.280768 -0.319446 -0.275333 -0.367004 -0.081524 0.244127 -0.238874 0.258695 -0.272130 0.075719 0.292416 -0.554070 -0.493958 0.241024 0.405408 -0.400053 0.086065 0.130049 -0.339184 -0.298605 0.344995 -0.024419 -0.021979 0.497120 0.196290 0.487611 -0.136621 -0.050781 0.094396 0.220313 0.057775 0.388639 -0.775758 0.444692 -0.290966 0.152446 0.384308 0.136975 0.477432 0.349242 -0.187274 -0.176097 0.274792 -0.551230
ans</w> 0.610314 -0.298445 -0.093544 0.380721 0.023958 0.154048 -0.091263 -0.205354 -1.185107 -0.565230 0.216631 0.135597 0.238463 0.523495 0.018139 1.097191 -0.235549 0.095678 -0.836638 0.668674 -0.628601 -0.068447 -0.195756 0.476071 -0.333266 -0.568417 0.240340 0.221398 0.185257 -0.364128 0.127433 0.026266 0.132822 -0.467244 0.305995 -0.342733 -0.152623 0.175277 -0.584598 0.650349 -0.192023 -0.123119 0.038837 -0.143253 0.056318 0.313473 -0.161686 -0.475144 -0.101091 -0.040679
der</w> 0.188030 0.483838 0.232990 0.125535 0.617403 0.254854 -0.036535 -0.473096 -0.744230 0.798207 -0.097059 0.189702 -0.354543 0.801074 -0.531039 0.444433 0.123598 0.000447 -0.855673 -0.034497 -0.021412 -0.644362 0.311246 0.002425 0.326737 -0.799045 -0.035946 -0.099990 0.022991 -0.021937 -0.064154 -0.053812 0.098908 -0.205194 -0.590811 -0.204331 -0.026535 0.015620 -0.447922 0.817069 0.141653 0.328532 -0.204009 -0.430291 0.145940 0.470551 -0.493572 0.124637 0.054120 -0.442412
new</w> -0.148163 -0.022179 0.252563 0.193888 -0.152441 0.589443 0.195484 -0.132149 -0.596125 -0.215011 0.274207 0.300833 -0.777951 0.245959 -0.253967 -0.132320 0.150431 0.288145 -0.645072 0.056342 0.006480 0.032435 -0.264248 0.076490 0.519201 -0.450888 -0.303280 -0.012970 0.119388 0.337834 0.183729 0.170079 -0.221484 0.193184 -0.014310 -0.422435 0.135598 -0.421609 -0.163308 -0.056695 -0.249867 0.010199 -0.358789 -0.347469 0.142231 -0.157254 0.290694 -0.342778 -0.103809 -0.090781
work</w> -0.196092 -0.073329 0.463453 0.199009 -0.320915 0.533288 0.429731 -0.363880 -0.480286 -0.063793 0.438048 0.024462 0.448048 0.174001 -0.023018 -0.186673 0.117705 -0.430182 -0.236244 0.192078 -0.060020 -0.088460 0.160879 0.464786 -0.001312 -0.249309 -0.176777 -0.486844 -0.028767 0.528877 0.127160 0.166574 0.179791 -0.517922 -0.173982 -0.467773 -0.281896 -0.075683 -0.135455 0.163878 -0.093231 0.482323 -0.218134 -0.253045 0.408832 -0.075444 0.037119 -1.085756 -0.053503 -0.618782
fr -0.191530 0.002608 0.326045 0.346321 0.102312 0.244840 0.733124 -0.724676 0.015894 0.024225 0.685872 -0.518965 -0.831918 -0.223114 0.090397 -0.890926 -0.182622 -0.297082 -0.189048 0.699862 0.087855 -0.276751 0.052807 0.535536 -0.028903 -0.384338 -0.231695 0.118339 0.027319 0.332770 -0.280944 0.732982 0.336736 0.086071 0.106990 -1.122588 -0.453625 -0.415263 -0.254734 0.123771 -0.063712 0.010734 0.066366 -0.709017 -0.550591 -0.373330 -0.318701 0.170395 0.670959 -0.091005
x 0.094719 0.509974 0.078718 -0.281507 0.043364 -0.159843 0.935357 0.294876 -0.391909 -0.423947 0.452865 0.303583 0.280300 -0.180239 0.493732 0.096485 -0.930593 -0.056898 -0.280554 -0.093915 0.245546 -0.084703 -0.040273 0.372555 -1.347169 -1.076339 -0.383198 0.676740 0.319081 0.469613 -0.191417 0.286129 -0.078482 -0.221797 0.245794 -0.115419 0.372161 -0.411520 0.266416 0.070270 0.101567 -0.126425 0.574546 -0.662664 -0.216438 0.362720 0.002475 0.207747 0.356815 -0.873577
ning</w> 0.359094 0.061683 0.500985 0.792903 0.045311 0.541603 0.031131 -0.823449 -0.726596 -0.082789 -0.075926 0.027227 -0.133821 -0.196996 -0.209991 0.387121 0.497189 -0.525905 -0.539352 -0.324995 -0.791031 -0.381423 -0.028201 -0.297349 0.305198 -0.447715 -0.319078 -0.316746 0.522542 0.403916 0.372853 -0.700126 -0.058420 -0.072358 -0.787735 -0.741381 -0.215536 -0.185319 0.107030 -0.019824 0.000687 0.769755 0.401564 -0.373870 0.115158 0.640061 0.614535 0.008025 -0.007071 -0.138659
many</w> 0.013024 0.050320 0.365185 -0.027072 0.312551 0.212038 0.158441 -0.058795 -0.436391 0.201083 -0.355087 0.251187 0.225226 0.412240 -0.227212 0.033018 0.100585 -0.103925 -0.768146 0.530984 -0.292564 0.241232 0.060351 0.316487 0.017374 -0.090592 -0.474555 0.429029 -0.224183 0.031195 0.670460 0.435983 0.305565 -0.716608 -0.129980 -0.140920 -0.247568 -0.190439 -0.322012 0.629156 -0.658076 0.244216 0.713259 -0.158443 0.605970 -0.010859 -0.741043 0.239928 0.059649 -0.192493
3</w> -0.465457 -0.161724 0.031943 -0.080348 0.519459 0.453717 -0.006356 -0.395324 -0.500967 -0.511658 0.155234 0.644166 -0.298906 -0.047674 0.052082 -0.404303 -0.618837 -0.545336 -0.452187 0.050425 -0.076485 -0.365322 -0.198864 0.355133 -0.045509 -0.802521 0.316518 0.313166 0.363219 0.532199 0.112073 -0.596855 0.322847 -0.518175 0.020592 -0.582474 -0.046417 -0.029274 0.285649 0.275508 -0.668455 0.289509 0.524893 -0.604700 0.611288 0.332071 -0.073367 -0.551815 0.207662 -0.052202
ons</w> -0.001298 0.640606 0.698278 0.210693 0.303313 -0.047440 0.774695 0.017129 -0.249263 0.115851 0.052880 0.523942 0.471540 0.653316 -0.384922 0.525935 0.199851 -0.509978 -0.857923 -0.071626 -0.522839 -0.232196 -0.466544 0.439257 -0.211093 -0.639836 -0.371452 0.339322 0.197911 0.246694 0.385648 -0.431027 -0.451833 -0.634192 -0.264764 -0.084852 -0.415178 -0.131322 0.567643 -0.188134 -0.552364 -0.032772 0.115720 0.120845 0.566972 1.297098 -0.463436 0.189818 0.255538 -0.148181
still</w> 0.233432 -0.230522 0.170624 0.039158 -0.245129 0.327295 0.372294 -0.051380 -0.594245 0.025600 -0.029802 0.309992 -0.049664 -0.189780 -0.247570 0.216493 0.689227 0.312380 0.080864 0.620599 -0.141476 -0.304745 0.114516 -0.110568 -0.107801 -0.577412 0.277147 -0.276963 0.020151 0.617140 0.098971 0.224706 -0.041413 -0.122968 -0.268714 -0.285470 -0.414271 0.312255 -0.318836 -0.022250 -0.355181 0.652554 0.028271 0.166827 -0.116049 0.234600 0.146284 0.119284 0.099332 -0.788832
never</w> 0.336312 -0.115624 -0.116187 0.044919 -0.588953 0.094835 0.680779 0.348509 -0.689456 0.025160 0.095514 0.377257 -0.113801 -0.221440 -0.152886 0.407840 0.393958 0.455113 -0.300425 0.274226 -0.046899 -0.322397 0.119686 -0.059231 0.343970 -0.622271 -0.207850 -0.306185 0.218671 0.412409 0.167959 0.552848 0.193906 0.449438 -0.119355 -0.019217 -0.198970 0.406679 -0.663884 0.105436 -0.434620 0.219226 0.112134 -0.088813 0.417332 0.478002 0.100312 0.144898 -0.122248 -0.955258
ck</w> 0.264051 0.262647 0.130797 0.580713 -0.671689 0.425595 0.742284 -0.369644 -0.562573 0.001926 0.318613 -0.093043 -0.089520 0.173733 0.492182 0.275315 -0.233760 -0.037504 -0.125876 -0.355448 0.290934 -0.952121 0.333186 0.423480 0.275384 -0.658551 -0.075179 0.019297 0.303667 0.117657 0.297438 -0.592505 0.195506 0.108068 -0.609952 -1.559536 -0.232173 0.392988 -0.075415 -0.159754 -0.254562 0.426427 -0.051908 -0.401349 -0.494326 0.600423 -0.019928 -0.294845 -0.260331 -0.440213
ci 0.249556 0.633342 -0.156917 -0.004072 0.101664 0.379204 0.944762 -0.192182 -1.014587 -0.056901 -0.076640 0.418657 -0.392587 -0.488339 0.414191 -0.555244 0.715865 -0.068445 -1.338146 0.640094 0.161851 -0.062639 -0.180719 0.025737 -0.266761 -0.295800 0.158333 0.711377 0.067282 0.294332 -1.120886 -0.281645 0.343338 0.198301 0.537724 -0.290163 0.047047 -0.410094 -0.678386 0.010386 0.512501 -0.059027 0.462244 0.061512 0.027928 0.342180 -0.252606 0.784440 -0.363926 0.019579
ine</w> 0.449381 0.171857 0.298335 -0.047184 0.436229 0.182374 0.138670 -0.529244 -0.705776 0.263101 -0.021941 0.105754 0.778244 0.040885 0.111239 0.207884 0.417257 0.198536 -0.361849 0.009185 0.290312 -0.229200 -0.251837 0.486952 -0.667673 -0.965532 -0.228214 -0.148593 0.743228 -0.413484 0.151243 -0.471265 0.109111 -0.612185 -0.186205 -0.342858 0.074619 0.173196 -0.123553 0.245323 0.081517 0.433788 -0.035555 -0.063506 -0.353011 0.898572 -0.079974 -0.245648 -0.130745 -0.359535
dr 0.201579 -0.118596 0.315044 -0.193426 -0.076450 -0.702891 0.143155 -0.232406 -0.812267 0.102208 0.269285 -0.179954 -0.904909 -0.293440 -0.762933 -0.058938 0.085783 -0.802301 -0.039710 0.032589 -0.004459 -0.592810 -0.354305 0.061966 0.389408 -1.266940 -0.049146 0.485766 -0.808551 0.474206 -0.495444 0.785937 1.064903 -0.011216 0.039056 -0.739663 0.313726 -0.022597 -0.151795 0.067506 -0.334661 -0.084898 -0.151929 -0.591730 -0.242713 -0.053908 -0.589891 0.135694 0.392086 -0.515721
red</w> -0.274560 -0.038168 0.400114 0.494650 -0.146998 -0.215224 0.654876 -0.385558 -0.122808 0.477027 0.098430 -0.274295 0.312242 0.427306 0.270712 -0.167712 -0.028787 -0.038766 -1.093155 0.291664 0.190253 -0.229861 -0.451653 -0.005641 -0.486737 -0.545360 -0.271523 0.149806 0.050130 -0.271807 0.186303 -0.086951 0.248945 -0.259520 -0.281760 -0.810170 -0.753284 0.094243 -0.174141 0.356720 -0.409976 0.275792 -0.170200 0.002958 -0.032914 0.930745 -0.249931 0.051181 -0.154855 -0.540783
ating</w> 0.194716 0.073915 -0.060203 0.213327 0.275530 -0.153356 0.202738 -0.423081 -0.567247 -0.248314 0.060787 0.172230 -0.163812 -0.324215 -0.075547 0.062003 -0.412763 -0.092863 -0.965172 -0.116960 0.139083 -0.382794 0.202059 0.478248 -0.106512 -0.912217 0.091717 -0.162929 0.447863 0.370182 -0.400073 -0.113402 -0.240752 0.001457 -0.175571 -0.380412 -0.400969 -0.132499 -0.573973 0.508381 -0.021666 0.331849 -0.388702 0.029729 -0.112833 0.378296 -0.000896 -0.184036 -0.423606 0.372390
ph -0.338236 0.601405 0.446503 -0.193816 0.166659 0.072988 0.604828 -0.354901 -0.545276 -0.290827 0.284849 0.175269 -0.647100 -0.279329 -0.820425 0.318784 -0.603674 0.236308 -0.279126 0.626808 0.139684 -0.825064 -0.061885 0.716528 -0.515744 -0.528170 0.115068 0.455863 0.200835 0.793997 -0.522361 0.150760 0.283320 -0.090360 0.521186 -0.423901 0.247923 -0.208457 0.024992 -0.064140 -0.057593 -0.321582 -0.009325 -0.666883 -0.566429 0.671650 0.307961 -0.112511 -0.326701 -0.220444
ni 0.935229 -0.037149 0.148989 -0.121096 0.852471 0.311766 0.216914 -0.503401 -0.254370 -0.175482 0.133766 0.348613 -0.441712 -0.882493 -0.366856 -0.494563 0.843670 0.099573 -1.141919 0.537864 0.322889 -0.152591 -0.231813 -0.378031 -0.234444 -0.720743 -0.052320 0.531149 0.905617 0.460608 0.182001 0.471372 0.839085 -0.143137 0.304226 -0.103543 -0.122093 0.288890 0.563991 -0.422345 -0.228133 -0.784495 0.146339 -0.493543 0.164695 0.578327 0.218284 0.349855 -0.237350 -0.021990
ct</w> -0.324725 -0.108173 0.703761 0.227342 -0.100665 0.369948 0.726305 0.419250 -0.099684 0.377368 0.214522 -0.069986 -0.214678 -0.080118 0.479936 0.052406 -0.142525 -0.083316 -1.404825 0.207332 -0.154060 -1.243510 0.078661 -0.003048 0.449918 -0.187247 -0.206856 -0.700259 1.026071 0.543364 0.067629 -0.159271 0.088888 -0.467185 -0.471849 -0.419966 -0.471298 0.640505 -0.719404 0.026116 -0.614949 0.347937 0.170388 -0.264911 0.218495 0.450633 -0.465232 0.017486 0.377942 0.320521
less</w> -0.163958 0.482949 0.372824 0.069252 0.014672 0.654403 0.209929 -0.295601 -0.466455 0.192711 -0.018705 0.285428 0.231531 -0.009503 -0.652988 0.417585 0.497542 -0.400968 -0.374463 0.303722 -0.578036 0.224388 -0.333983 0.213970 0.349501 -0.546760 -0.352949 0.617314 -0.192716 0.604931 0.405865 0.257284 -0.005996 0.050361 -0.015558 -0.344693 -0.279767 0.167490 -0.004407 0.387743 -0.419113 0.279833 0.097952 -0.236343 0.112467 0.070152 -0.189180 -0.234597 -0.191807 0.024710
str -0.209470 -0.051700 0.202768 -0.278549 -0.269192 0.236381 0.530412 -0.839682 -0.602003 -0.238820 -0.407412 0.366107 -0.255829 -0.644721 -0.099387 -0.112163 -0.612744 -0.144156 -0.786821 -0.031760 0.227293 -0.532223 -0.322682 0.462264 -0.462666 -1.063276 -0.502694 -0.025789 0.014497 -0.071993 -0.791572 0.491889 -0.099699 0.441865 -0.127641 -0.661073 -0.324289 -0.095812 -0.162715 -0.450122 0.451367 -0.007985 -0.537326 -0.428693 0.329964 -0.286381 -0.481275 0.645015 0.540307 -0.131497
1</w> -0.396809 -0.232481 0.424702 0.179628 -0.073046 0.356072 0.287000 -0.346297 -0.642125 -0.726663 0.207258 0.875270 -0.405989 -0.161027 0.170059 -0.561773 -0.555497 -0.384932 -0.281976 0.038417 0.171306 -0.287953 0.197018 0.237131 -0.119547 -1.232904 0.436289 0.433249 -0.025149 0.474077 0.261140 -0.701423 0.188046 -0.598169 -0.053990 -0.256872 -0.223870 0.090767 0.821590 0.190381 -0.186160 0.103289 0.530387 -0.390147 0.550081 0.468861 -0.364226 -0.305395 0.241418 -0.427903
product</w> 0.713142 0.037059 0.274975 0.480644 -0.394012 0.218233 0.405215 -0.340791 -0.330321 -0.441806 0.250400 0.755549 0.200152 0.023128 -0.255166 -0.278850 -0.011988 0.172439 -0.183810 0.707888 -0.048709 -0.346521 -0.080965 0.215974 0.099096 -0.381285 0.104849 -0.230163 -0.117111 -0.153382 0.070957 0.015309 -0.544890 -0.397444 -0.060880 -0.458788 -0.411925 -0.262276 -0.648810 -0.603731 -0.099371 0.838104 -0.173865 -0.261954 0.646983 0.085824 0.002239 -0.444664 0.338828 -0.434318
being</w> 0.117990 -0.045311 0.387872 0.217404 0.163761 0.181739 0.059912 0.056140 -0.215541 0.073239 -0.269157 -0.198594 -0.166508 0.139168 -0.095228 -0.134375 0.275804 -0.069016 -0.607140 0.314602 -0.019756 0.301189 0.105999 -0.072331 -0.167185 -0.408289 -0.218037 -0.112821 0.023063 -0.004023 0.255994 0.498868 0.013056 -0.373412 -0.260953 -0.563937 -0.217669 -0.354277 -0.364065 0.103695 -0.082958 0.407233 0.104973 -0.090753 0.321174 0.185324 -0.141484 0.071559 0.257068 -0.244871
lu 0.288201 -0.605641 0.095781 0.555560 0.421500 0.120136 0.450314 -0.157969 -0.951715 -0.898406 0.393731 0.380813 -0.233304 -0.450346 0.715658 -0.299211 0.139948 -0.547493 -0.608516 0.617873 -0.505079 0.313190 -0.577256 0.209565 -0.156706 -0.609075 0.393457 0.274479 0.517624 -0.227886 0.014569 0.643737 0.075963 -0.385220 0.652232 0.058488 0.065337 0.047566 -0.034301 -0.280767 0.285159 -0.140726 0.287904 0.521867 -0.203327 0.536984 0.011350 0.163560 -0.132327 -0.402489
ser 0.505705 0.301221 0.421978 0.299242 -0.259830 -0.133113 0.621171 0.994360 -0.377593 0.450613 0.128873 0.782466 0.199444 -0.758388 0.146988 0.024193 0.321625 0.021189 -0.518301 0.765587 0.251653 -0.524697 -0.974963 -0.147896 -1.149098 -0.732719 -0.151472 0.470499 -0.220900 -0.145148 0.771027 0.584174 -0.234805 -0.399822 -0.204346 -0.001876 -0.862642 -0.068135 -0.215501 -0.325707 -0.166300 0.295094 0.052943 0.267413 0.334149 0.122752 0.181616 -0.155643 0.521254 -1.078988
car 0.277467 0.066148 -0.065243 -0.076076 -0.004326 0.229978 0.485613 0.348956 -0.193517 0.109693 0.732940 0.144307 0.136884 0.094222 -0.196168 -0.290470 -0.087631 0.000548 -0.888873 0.050640 0.068239 -0.428422 -0.279471 0.683862 -0.724700 -0.680992 0.114811 0.317127 -0.133324 0.519473 -0.459628 0.544234 0.212896 -0.355935 0.370354 0.416252 -0.018729 -0.390628 -0.072345 -0.067771 -0.137043 0.052528 0.456549 -0.092037 -0.697792 0.345182 -0.088680 -0.112481 0.158343 -0.326453
ty</w> 0.299706 -0.483527 0.565917 -0.220633 -0.206367 0.481308 0.827379 -0.491576 -0.789696 0.084867 -0.328927 0.169573 0.576575 0.034481 -0.407920 0.161157 -0.287421 0.004376 -0.770756 0.102167 -0.240587 -0.184248 0.008864 -0.353018 -0.372502 -0.517770 -0.832207 0.056135 0.865075 0.074411 0.713129 0.087313 0.325018 -0.234189 0.044710 -0.098487 -0.106984 -0.008571 -0.209214 0.174412 -0.605649 0.391474 -0.470109 -0.551822 0.080841 0.570304 -0.390550 0.077697 -0.339642 0.513757
ver 0.197130 0.775219 0.293833 -0.058491 0.107438 0.184413 0.225511 -0.094814 0.057539 -0.130056 -0.090646 -0.600889 -0.238016 -0.098523 0.680895 0.060584 -0.042297 0.198249 -0.840591 0.731956 -0.757458 -0.127688 -0.672066 -0.076064 -0.771848 -0.414627 0.257403 0.417654 0.186445 1.464421 -0.244381 0.796313 -0.435466 -0.361345 -0.236460 0.016221 -0.420469 -0.102898 -0.444176 -0.492946 0.061577 -0.186286 0.276940 -0.039909 0.171820 0.611117 -0.084899 0.389606 -0.096791 -0.437088
um 0.016738 0.683918 -0.303256 -0.076810 0.189713 0.266792 -0.084530 0.043722 -0.960125 -0.559293 0.031734 0.832209 -0.553256 -0.388266 0.378984 -0.497198 0.005682 -0.113306 -1.210851 0.173304 -0.111618 -0.486001 -0.294314 0.588682 -0.086350 -1.230933 -0.070307 0.333850 0.195900 0.113244 0.028449 -0.104376 0.405396 -0.153258 0.710281 -0.573938 -0.217916 -0.981966 0.487346 -0.347415 0.301276 -0.012875 0.299706 -0.084418 -0.554824 -0.854371 -0.472607 -0.588725 -0.790406 0.352259
cu 0.093980 0.073481 -0.101816 0.147742 -0.741758 0.691181 0.282080 0.197462 -1.245481 0.278640 0.344310 -0.189572 -0.021278 -0.576434 0.710668 -0.120562 0.066825 0.230432 -0.782876 0.170333 0.147513 -0.685665 -0.390867 0.566717 -0.224017 -0.221461 0.017440 -0.262117 -0.094451 0.492072 -0.406404 0.666889 0.336957 -0.536826 0.973530 -0.600692 0.094725 0.274651 0.385430 -0.403888 -0.447917 0.304878 -0.286854 0.161507 -0.233442 0.121424 -0.107089 -0.471713 0.041688 0.083276
sion</w> -0.008431 0.305402 0.768357 -0.260240 0.039047 -0.179379 0.969895 -0.425342 -0.733436 -0.927534 -0.387637 0.408762 0.032754 0.828451 0.233469 0.731797 0.453952 0.173160 -1.182987 0.274081 0.043769 0.130645 0.199093 -0.121773 -0.302061 -0.093053 -0.114096 0.179571 0.382626 0.379575 -0.228869 -0.040722 -0.497895 -0.628565 -0.856237 -0.092154 -0.524761 -0.074223 -0.097703 0.167718 0.156763 0.262367 0.024286 0.401939 -0.479974 1.175706 -0.011317 -0.137504 0.063302 0.002440
ical</w> -0.106079 0.659021 0.755600 0.176629 0.968007 0.466612 -0.038933 -0.579239 -0.514421 -0.009311 0.009229 0.549365 0.007244 -0.472457 -0.298218 -0.014110 -0.119130 0.467379 -0.869289 0.132405 -0.286053 -0.119028 0.046632 0.639320 -0.450133 -0.828466 -0.125126 0.691301 0.707413 0.121829 -0.070713 0.185898 0.190195 -0.225247 -0.468687 -0.561420 0.132738 0.270047 -0.219989 -0.203243 0.166003 0.046710 0.075012 -0.076350 0.239515 0.403338 -0.378221 0.189413 -0.795584 0.656736
ance</w> -0.092935 0.654628 0.270444 0.276586 -0.068416 0.176998 0.117391 -0.327924 -0.366126 0.325038 0.257707 0.461800 -0.027127 -0.098152 -0.238385 0.364177 0.539618 0.161360 -0.958877 0.222714 0.115131 -0.183206 -0.418545 0.199131 -0.051046 -0.582013 -0.334014 -0.224411 0.648256 -0.025310 0.385283 -0.221799 -0.020628 -0.644591 -0.287644 -0.213123 -0.224445 -0.404822 -0.382888 0.422089 -0.255787 0.677065 -0.385609 -0.490527 0.137472 0.265674 -0.102185 -0.978264 -0.220004 0.183207
and 0.373889 0.594156 -0.327731 -0.062405 -0.148171 0.913325 -0.073972 -0.326523 -0.813053 -0.038294 0.006229 -0.379129 -1.393979 -0.083954 -0.388003 0.115343 0.449012 -0.193501 -0.636344 0.279414 -0.182192 -0.271772 -0.994321 -0.077357 -0.488919 -0.566846 -0.218853 0.001693 0.246285 0.525241 -0.385758 0.164775 0.619944 -0.054283 0.176431 -0.126045 0.498557 -0.405733 -0.125331 0.019798 0.283021 0.262801 0.124081 -0.639914 -0.196202 0.546874 0.135806 -0.244613 -0.780154 0.109508
does</w> 0.552744 0.211672 0.131162 0.126244 0.177401 0.880620 0.254791 -0.014290 -0.213457 -0.192194 -0.294672 0.185870 -0.182557 -0.231824 -0.511865 -0.078942 0.192204 -0.281170 -0.553387 0.065903 0.467754 -0.054898 0.196346 0.157782 -0.342338 -0.714174 0.588371 0.055096 0.153177 0.652630 0.124332 0.700112 0.039932 -0.289213 -0.431799 0.062776 -0.069565 0.235938 -0.850100 0.093765 0.086355 0.496271 0.477254 0.535853 0.085655 0.165719 0.275499 -0.131128 0.431607 -0.516015
ary</w> -0.221304 0.348738 0.568355 0.319752 0.486274 0.408360 0.373354 -0.436288 -0.234029 0.273856 -0.001116 0.810904 -0.002457 -0.284102 -0.016296 0.209965 -0.302273 0.503262 -0.805383 0.158807 -0.653544 0.176300 0.273576 0.308478 0.404259 -0.952816 -0.426811 0.307431 0.609441 0.266785 0.053632 0.013463 0.356731 0.039343 -0.392194 -0.122790 -0.584803 0.036812 -0.228020 -0.312401 -0.156738 0.332753 -0.215002 -0.361279 0.026748 0.059207 -0.705697 -0.139356 -0.157352 0.483972
w</w> -0.240086 0.191865 -0.385342 -0.077790 -0.395064 0.090963 0.198457 -0.432556 -0.392797 -0.340155 0.224575 0.202686 -0.028444 0.408408 0.232856 0.047731 -0.051910 -0.304666 -0.465347 -0.523894 0.380178 -0.358046 0.284764 0.389360 -0.332925 -0.842238 0.103042 0.386154 0.403872 1.202608 -0.110685 -0.480530 -0.012394 -0.457251 -0.494549 -0.483274 0.094611 0.149988 -0.543258 -0.224521 -0.193323 0.304215 0.046577 -0.612027 -0.143659 0.678955 0.071315 0.052138 -0.101396 0.046613
ack</w> -0.110015 0.145492 -0.293952 0.128936 0.061379 0.238004 -0.191054 0.082808 -0.434220 -0.124926 0.392080 1.037813 -0.291209 0.565918 -0.157997 0.047984 0.345609 0.431728 -0.877258 0.154292 -0.451195 -0.096806 -0.315008 -0.003493 0.213439 -0.766535 0.372475 -0.207503 0.159340 0.261042 -0.228355 -0.313688 0.528530 -0.646952 -0.077336 -0.175011 0.000018 -0.657950 -0.347035 0.670932 -0.224978 0.511396 0.130989 -0.829144 0.207651 0.260784 -0.441577 -1.016863 -0.134691 0.540769
min 0.212538 0.311554 -0.303158 0.296976 -0.240311 0.789939 0.729352 0.014412 -0.148847 0.287686 0.498482 0.712575 0.465296 -0.250203 0.263435 -0.364674 0.415586 0.375983 -0.947324 0.778446 -0.153931 -0.091261 -0.337753 0.393369 -0.893834 -0.084899 -0.270780 0.093722 -0.027454 0.544485 -0.004257 0.056870 0.121593 -0.456397 -0.208900 0.088262 -0.230737 0.206834 -0.106662 0.438920 0.287493 -0.176836 -0.015511 -0.295534 0.220504 0.090899 0.104041 0.482967 0.094022 -0.150837
gre -0.145894 -0.385871 -0.031895 0.418420 0.048954 -0.082849 0.168299 0.199216 -0.233005 -0.400174 0.606838 0.053046 -0.426385 -0.037817 0.189967 -0.146095 0.141108 -0.109930 -0.609345 0.591145 -0.086754 -0.690961 -0.594322 0.346540 -0.405827 -0.606362 -0.041056 -0.481562 -0.440194 1.014215 -0.159161 0.573317 0.192723 0.337320 -0.161817 -0.273263 -0.135685 0.393940 -0.648584 -0.315027 0.068295 -0.184089 -0.139515 -0.359600 -0.287844 0.652728 0.352532 0.020982 0.162665 0.081174
5</w> -0.174282 -0.377799 0.264629 0.112059 -0.004708 0.619154 0.150344 -0.296582 -0.913807 -0.857817 0.044820 0.654928 -0.305124 -0.241367 0.102806 -0.805193 -0.758093 -0.391972 -0.297811 0.394800 0.020987 -0.092014 0.418404 0.099495 -0.192771 -0.721901 0.210033 0.136914 -0.130901 0.347523 0.294230 -0.482181 0.155232 0.001214 0.404117 -0.565105 0.238998 -0.236994 0.457524 0.619448 -0.559805 0.298924 0.223998 -0.900934 0.413944 0.671271 -0.337633 -0.487306 0.025916 -0.203553
use</w> 0.057451 0.483721 0.355210 0.205441 0.009438 0.205106 0.026651 0.202689 -0.417614 0.045808 0.127527 0.274352 -0.340250 0.232211 0.043888 -0.302943 0.081208 -0.363290 -0.675397 0.190215 0.188535 -0.183675 -0.075140 0.064952 0.232391 -0.494321 -0.159674 -0.193367 -0.006380 0.156760 -0.265386 0.639754 -0.256179 -0.469499 0.032748 -0.196920 -0.484477 -0.098305 0.012612 0.526596 -0.153412 0.506154 0.140268 -0.366003 -0.075321 -0.020052 -0.132894 -0.486905 0.250742 -0.561579
watch</w> 0.385497 0.380650 0.487645 0.463209 0.143787 0.615215 0.360993 0.152770 -0.355708 0.353358 0.494802 0.275487 -0.178409 0.234663 0.250361 -0.405104 0.018279 -0.287543 -0.244923 0.173457 0.410765 0.053804 0.177411 0.418159 0.189781 -0.753173 0.169241 -0.315372 -0.384205 0.680494 -0.193274 0.419719 -0.228955 -0.063816 -0.164597 -0.228836 -0.441131 -0.290757 -0.429303 0.009926 -0.196490 0.857076 0.130569 -0.059041 0.482339 0.226490 0.451646 -1.092171 0.068458 -0.415463
got</w> 0.202480 -0.122146 0.242301 0.135882 -0.032050 0.099892 0.550908 0.053001 -0.398015 0.101110 -0.099564 0.526464 -0.010377 0.141731 0.347151 -0.092735 0.321692 -0.247429 -0.548113 0.043170 0.484506 -0.030846 0.124769 0.073777 0.109093 -0.297704 0.036674 -0.016320 0.287140 0.449712 0.172741 0.662848 -0.018678 0.093773 -0.026080 0.040479 -0.358874 -0.030601 -0.570320 0.335751 -0.189809 0.446984 0.007323 -0.434530 -0.146596 0.263201 0.026749 -0.548573 -0.050216 -1.220689
fin 0.492399 -0.115160 0.117305 0.489250 -0.464724 0.281275 0.278093 -0.375323 -0.359037 0.699657 -0.054741 0.522637 -0.034507 0.095879 0.082690 -0.376756 0.042871 0.194825 -0.577759 0.370823 -0.330360 -0.274833 -0.418711 0.312127 -0.536271 -0.256827 -0.272128 -0.280992 -0.302826 0.824667 -0.368374 0.287896 -0.006073 -0.500502 -0.000733 0.287215 -0.592993 -0.110209 -0.352600 0.255313 0.351560 -0.465781 -0.047676 -0.506374 0.323756 0.207403 -0.026165 -0.005259 0.438140 -0.363274
the 0.024844 0.289170 0.354110 0.133025 0.055651 -0.032071 -0.014607 -0.233884 -0.286615 -0.493049 0.194458 0.604898 0.479621 -0.225291 0.060136 -0.009122 0.422329 0.024541 -0.525480 0.462921 0.135292 -1.368058 -0.236992 0.379124 -0.889299 -0.830598 -0.400883 -0.160701 -0.621943 0.384517 -0.228055 0.086020 0.669763 0.228490 0.186495 -0.093437 -0.680837 -0.412410 0.381717 -0.412566 0.481842 -0.267154 -0.038037 -0.132416 -0.436080 0.273289 -0.166820 -0.113725 -0.325600 0.105583
something</w> 0.197772 -0.337304 0.478675 0.376131 -0.446363 0.324772 0.449112 -0.196506 -0.362633 -0.439168 0.169584 0.398440 0.227316 0.151101 0.093983 -0.049593 0.598846 0.138445 -0.035751 0.800049 0.013529 -0.254649 0.237168 0.207699 0.063560 -0.615111 0.204292 0.055143 -0.260253 0.698893 -0.037868 0.299965 -0.011392 -0.643426 -0.266017 0.123015 0.011313 -0.007791 -0.321455 0.687258 -0.007516 0.473056 -0.058980 -0.165599 0.399654 0.091467 -0.159176 -0.234808 0.490373 -0.418280
movies</w> 0.207396 -0.269672 0.149209 0.525207 -0.304026 0.233510 0.095771 -0.294448 -0.659585 -0.269233 0.125901 0.237111 0.061079 0.304700 -0.162632 -0.414233 -0.028694 -0.366954 -0.375010 0.711019 -0.083558 -0.384740 0.089678 0.491876 -0.104186 0.033849 -0.137116 0.043467 -0.383731 -0.004403 0.116555 0.361052 0.183590 -0.464142 -0.584515 -0.154078 -0.164841 0.100639 -0.268870 0.340889 -0.227728 -0.157770 0.216893 -0.525768 0.241304 0.222129 -0.003368 -0.092663 0.107374 -0.248998
thing</w> -0.000091 0.017824 0.799734 0.193424 0.226026 0.363529 0.285966 -0.083067 -0.560938 -0.560530 -0.169202 0.673630 -0.184251 0.202060 -0.273729 -0.598761 0.471170 -0.220592 -0.155860 0.571652 -0.160301 -0.543807 0.140719 0.148507 0.017336 0.051818 -0.016255 0.077927 0.127434 0.140254 0.024278 0.309364 -0.492946 -0.287735 -0.700768 -0.171098 -0.103308 -0.062366 -0.576763 -0.023320 -0.008922 0.360742 -0.120899 -0.208209 0.362374 0.279651 0.659005 -0.501512 0.097306 -0.583466
bi 0.457055 0.432850 0.027590 0.435753 0.415706 -0.074988 0.539449 -0.083883 -0.494530 -0.143929 -0.111061 0.664052 -0.330902 -0.505712 -0.056672 -0.282285 0.255093 -0.225013 -0.640121 0.266434 -0.184757 -0.216934 -0.489414 0.275345 -0.249215 -0.757661 -0.050454 0.458059 0.294853 0.063160 0.151350 0.482544 0.477782 -0.467751 0.584900 -0.153286 0.273040 0.202915 -0.096991 -0.815275 -0.298240 -0.479493 -0.093840 -1.020230 0.100021 0.473624 0.134637 -0.044991 -0.092789 -0.167808
om</w> -0.243546 0.231366 -0.145701 0.272373 -0.638558 0.484616 0.248610 -0.122600 -0.573988 -0.115821 0.527104 0.030182 0.484365 0.241578 -0.247536 0.079880 0.169738 -0.265215 -0.896666 -0.569280 -0.575084 -0.167789 0.326293 0.274819 0.108555 -0.658569 -0.272678 -0.106234 -0.003164 0.150412 -0.202228 0.149952 0.265180 -0.269936 -0.200617 -0.647151 -0.435720 0.287579 -0.051058 0.049090 -0.546179 -0.134572 0.304287 -0.270502 -0.340061 0.905675 -0.383930 -0.279061 -0.600686 0.069051
again</w> 0.165111 -0.279038 0.025061 0.269761 -0.413621 0.897828 0.500656 -0.270000 -0.555058 -0.180278 0.367205 0.502215 -0.200925 0.113225 0.273370 -0.124771 -0.043844 -0.459171 0.124440 0.337381 0.335537 -0.168071 0.688328 -0.043840 0.011842 -0.867642 0.051083 -0.010903 -0.133534 0.103727 0.012193 0.299448 0.169889 0.147877 0.060647 -0.089533 -0.503382 -0.087928 -0.730964 -0.187058 -0.333492 0.514557 0.461335 0.320670 0.515678 0.559363 0.225794 -0.483042 0.623900 -0.293231
acting</w> 0.126293 -0.248395 0.366816 -0.076277 -0.016471 0.456706 0.379646 -0.442197 -0.733924 -0.406003 -0.332859 0.424017 -0.279824 0.594039 -0.442359 -0.361475 0.191265 0.312725 -0.388359 0.748613 -0.501134 0.017855 0.471943 0.527823 -0.086791 -0.402533 0.135415 -0.175002 -0.300698 -0.033040 -0.357379 0.055857 -0.305912 -0.081477 -0.078990 -0.430993 -0.650556 -0.102051 -0.592364 -0.622224 0.264243 0.527729 -0.151774 -0.345947 -0.200487 0.174796 -0.410540 -0.408245 -0.005550 -0.120954
ai</w> 0.396560 -0.141943 0.244496 0.236538 0.142038 0.197422 0.078665 -0.341024 0.033172 -0.045987 0.291980 0.194049 -0.389028 -0.099714 -0.306353 0.040158 0.131307 0.283551 -0.609049 0.073436 -0.519551 -0.477460 -0.535566 0.342463 -0.081411 -1.126055 0.036448 -0.073956 -0.029499 0.229501 -0.655057 -0.451265 0.288535 -1.026150 -0.263447 -0.380139 0.267453 -0.224911 0.168518 0.290425 -0.056123 0.582260 0.388006 -0.219300 0.353065 0.237073 0.619592 -0.279816 0.348600 -0.281499
mon 0.669983 0.030982 0.506128 0.153039 -0.495017 -0.116834 -0.863680 -0.270853 -0.650867 -0.274640 0.007722 0.360677 -0.599759 -0.561251 0.162607 -0.365821 -0.739945 -0.474365 -0.516286 0.754808 -0.076968 -0.247379 -0.235365 0.762071 -0.238461 -0.758191 -0.461890 0.349150 -0.138630 0.645147 -0.031482 0.187625 0.235285 -0.275572 0.083855 -0.414061 0.283249 -0.133675 0.999428 -0.929142 -0.357469 0.024007 -0.557100 -0.479761 0.498819 0.267802 -0.625453 -0.506787 -0.117720 -0.084398
show</w> 0.306857 -0.171905 0.323114 0.319157 0.030273 0.534616 0.343384 0.124321 -0.404722 -0.222693 0.198652 0.312954 0.161013 0.298752 0.210412 -0.328627 0.040491 0.087467 -0.458750 0.414642 0.075068 -0.376966 0.072262 0.322979 0.258410 -0.250632 -0.092971 -0.215955 -0.198795 -0.023126 -0.256080 0.193325 -0.160637 -0.245691 -0.253445 -0.615953 -0.205350 -0.327611 -0.580896 -0.283671 0.019763 0.621939 -0.158354 -0.285004 0.195764 0.240608 -0.013735 -0.249874 0.232713 -0.177829
ll</w> 0.373011 0.032553 0.013132 0.789632 -0.778900 0.523457 1.185451 -0.197379 -0.558578 -0.296106 -0.394400 -0.173426 0.219091 -0.151247 0.275672 0.374565 0.699517 -0.293710 -0.477172 -0.365504 0.101510 -0.884951 0.183882 0.345241 0.773815 -0.840525 0.064095 -0.484990 0.193807 0.656037 -0.004193 1.027981 -0.461366 -0.364680 -0.079384 -0.098746 0.482109 0.728530 -0.187215 0.362336 -0.783130 0.240361 0.176146 -0.329277 0.248130 0.824090 -0.326434 0.307674 -0.085148 -0.300066
while</w> 0.069044 0.015338 0.313003 -0.275714 -0.021025 0.467542 0.227847 -0.444265 -0.496259 -0.135293 -0.044379 0.277678 -0.217474 0.119409 0.165048 -0.132172 -0.141511 -0.550191 -0.121321 0.231192 -0.008246 -0.097291 0.029346 -0.206036 -0.184976 -0.293668 -0.225165 0.061544 -0.153989 0.273525 0.388319 0.349070 -0.095976 -0.024105 0.209664 -0.266566 -0.400042 0.274135 -0.771270 -0.400676 -0.130610 0.315010 0.235804 -0.243244 0.217081 0.457331 0.167847 -0.311433 0.113710 -0.328270
ther</w> 0.250789 -0.132885 -0.072602 -0.232745 -0.353909 0.112263 0.863641 -0.159636 -0.968781 0.020096 0.224611 -0.361807 0.866843 0.382996 0.078529 0.468551 0.450666 0.166070 -0.566549 -0.361009 -0.131713 -0.368083 0.038230 0.113871 -0.681282 -0.836098 -0.332806 -0.407400 0.507596 0.325951 0.187821 0.403925 -0.205793 -0.279455 -0.046027 -0.811837 -0.232468 0.519294 -0.067224 0.686085 -0.045904 0.085716 -0.575593 -0.470962 -0.208509 0.864793 0.364555 -0.287913 0.889756 -0.074901
oc 0.775335 -0.594418 0.430616 0.028350 0.043053 -0.159256 -0.361027 0.172432 -0.841368 -0.163753 0.301610 -0.290296 -0.217916 -0.522136 0.640306 0.515000 0.299437 0.301576 -0.840703 0.433451 0.346071 -0.191685 -0.762832 0.624287 -0.168374 -0.723656 0.252624 0.037509 -0.362168 0.491532 0.199383 0.121138 0.114571 -0.079749 0.513005 -0.486034 -0.407393 -0.686770 0.334022 0.188235 -0.402734 0.927307 0.446917 0.789135 -0.089546 0.239748 -0.303121 -0.199346 0.321348 0.011918
ard</w> 0.294499 0.179278 -0.155036 0.236715 0.204124 0.601442 0.360805 -0.282259 -0.487197 0.151998 0.431295 0.001278 -0.341311 -0.239582 -0.572821 0.303052 0.139084 -0.298023 -0.616281 -0.643323 -0.677885 -0.147376 0.085640 0.298186 -0.423607 -0.873696 -0.023911 -0.039921 0.717311 0.497877 0.315629 -0.187749 0.131230 -0.155502 -0.401292 -0.218151 0.227788 0.595974 -0.204767 0.326734 -0.399112 0.078885 -0.213734 -0.707931 -0.568217 0.523774 0.269597 -0.180409 -0.142329 -0.317434
ved</w> -0.019038 0.556165 0.691128 0.404173 -0.488308 0.092466 0.405834 0.248087 -0.424319 0.045885 0.128368 0.569365 0.633265 0.235380 -0.064149 0.156984 0.111624 0.367149 -0.694584 0.333708 0.427136 -0.763645 0.667525 0.026977 0.165448 -0.495359 -0.756735 -0.004913 0.740861 0.021474 0.969243 0.140655 -0.179361 -0.416511 0.184183 -0.141026 -0.410849 -0.408726 -0.445878 -0.234599 -0.424397 1.041078 -0.408378 0.180860 -0.104650 0.643189 -0.070965 0.445851 0.348894 -0.689936
ce 0.112980 0.331071 0.140672 0.050581 -0.356980 -0.461005 0.715450 0.735823 -0.602002 -0.294194 -0.185576 0.288465 -0.646295 -0.483558 0.662744 -0.770313 0.202695 0.269197 -0.809808 0.868643 -0.350069 -0.505158 -0.674036 -0.459477 -0.318725 -0.330085 -0.202377 0.697887 0.498419 0.302203 -0.507515 0.481048 0.411978 0.045719 0.345716 -0.491860 -0.146667 -0.505006 -0.857859 -0.020535 0.139105 0.278157 -0.360427 -0.318480 0.526937 0.540256 -0.517934 -0.484789 0.212132 -0.002855
ment</w> -0.016293 0.023657 0.162658 -0.114251 0.335185 0.649250 0.439483 -0.713578 0.461885 0.021977 0.059828 0.762916 0.370758 0.034036 -0.661385 0.760834 0.085642 -0.400610 -1.189851 0.262879 -0.325424 -0.102232 -0.224280 0.632143 0.191085 -0.629954 -0.788967 0.074282 0.464122 -0.228830 0.114405 -0.198357 -0.003088 -0.586033 -0.396571 0.025547 -0.357728 -0.044468 -0.415114 -0.140546 -0.089894 0.193732 0.146817 -0.206046 0.260869 0.283543 -0.221432 -0.141107 -0.514838 -0.241808
why</w> 0.834388 -0.008515 0.479588 0.026700 -0.295720 0.565367 0.401690 -0.234118 -0.619786 0.187475 0.187807 0.488769 -0.208628 0.242043 -0.277657 -0.022185 0.514475 0.480106 0.207670 0.534603 0.206465 -0.312865 -0.065920 0.285627 -0.125624 -1.009227 0.179368 -0.756757 -0.047543 -0.061100 -0.224950 -0.037196 -0.164787 -0.315900 -0.315002 -0.261738 -0.433420 0.803197 -0.218146 0.189714 -0.225890 0.315196 0.457942 0.096978 0.397899 0.346227 0.125142 0.106621 0.432648 -0.326599
ies</w> 0.117709 0.670958 0.279696 0.799651 -0.273311 0.431921 0.217864 -0.534758 -0.682478 -0.074843 0.328554 0.030910 -0.068715 0.337892 -1.049781 -0.014246 0.284459 0.138525 -0.454135 0.047902 -0.277408 -0.014837 0.209590 0.347292 0.354304 -0.464941 -0.228145 0.581390 0.839017 -0.293217 0.382106 0.004421 0.919245 -0.117775 0.281853 -0.240696 -0.152429 0.099129 -0.292666 -0.374151 -0.622704 0.570745 -0.139913 -0.526046 0.099076 0.115278 -0.861386 0.007137 -0.046983 0.125903
ati 0.607483 0.418080 -0.004942 0.152770 0.762864 0.326914 0.784661 -0.685583 -0.076378 0.056451 -1.108008 -0.277746 -0.850178 -0.548163 0.575678 0.133216 0.249347 -0.041157 -1.262402 0.703189 -0.439767 0.393930 -0.558476 0.606532 -0.645997 -1.043974 0.041788 0.501037 0.391831 0.518932 -0.254808 0.020145 0.292199 -0.132851 -0.602110 0.295113 -0.618034 -0.364300 0.067047 -0.313749 0.493482 0.005035 1.075203 0.211164 -0.558196 0.404922 -0.081206 0.000962 -0.353194 0.095063
il</w> -0.077832 0.604335 0.046789 -0.248347 0.136185 0.566425 0.046147 0.335253 -0.948189 -0.789954 -0.176350 -0.152006 0.164818 0.059519 0.383915 -0.064058 -0.344121 0.105415 -0.685730 -0.199601 0.183890 0.258737 0.382748 0.244812 -0.245376 -0.803997 -0.261110 -0.096909 0.255096 0.060140 0.054823 0.351843 0.159240 -0.456015 -0.134588 -0.062826 0.014669 -0.241864 0.062441 -0.619730 -0.147328 0.644825 -0.471608 -0.244739 0.053734 0.618293 -0.050321 -0.150557 0.411372 -0.255564
ru -0.102209 -0.262106 -0.399397 0.847218 -0.001399 0.423974 0.192446 0.187804 -0.237480 0.220056 0.503720 0.327583 -0.393457 0.018478 0.303105 -0.737126 0.254860 0.405111 -0.514333 0.147655 -0.092503 -0.361085 -0.504403 0.082658 -0.337361 -0.614952 0.206572 0.293498 0.286560 0.224000 -0.160909 0.120278 0.287409 -0.660078 0.187355 -0.043952 -0.186117 -0.166349 0.087924 -0.128904 -0.357858 0.071597 0.358525 -0.590204 0.179855 -0.134323 0.226698 -0.537348 -0.120185 -0.343668
us 0.991483 0.113305 0.397826 -0.737115 -0.168624 0.507940 0.324248 0.001321 -0.907282 -0.636937 0.397941 -0.142877 -0.254251 0.439325 0.192168 0.310502 -0.453463 -0.523601 -0.582956 -0.011859 0.309792 0.202520 -0.662308 0.145236 -0.793007 -0.150314 -0.017612 -0.665600 -0.177299 0.428997 -0.128680 0.496567 -0.412776 -0.403601 0.420671 -0.536150 -0.103585 -0.838711 -0.491810 0.089857 0.486907 0.231655 0.650858 -0.209218 -0.569157 0.307864 -0.094518 0.336318 -0.302687 -0.271759
au 0.108795 -0.268297 -0.182213 -0.041039 0.112995 0.601224 0.666036 -0.500971 -0.530179 0.222470 0.538218 0.442073 -0.185006 -0.059289 0.450920 -0.368591 0.450980 0.214711 -1.296249 0.094964 -0.288258 -0.132027 -0.112143 0.196271 -0.286959 -1.136462 -0.658774 0.433881 0.371495 0.131626 -0.471968 -0.027763 0.403426 -0.517825 0.597002 0.212614 -0.191866 0.079147 0.610681 0.069455 0.179329 -0.585546 -0.271249 -0.393294 -0.358542 -0.049957 -0.258280 -1.144493 -0.013724 0.335894
2 -0.514606 -0.616581 0.499261 0.209610 0.273830 0.585601 0.279762 -0.280101 -0.463340 -0.892429 0.146088 0.598247 -0.781732 -0.216428 0.242387 -0.662984 -0.593645 -0.488460 -0.218191 0.121262 -0.149562 -0.391016 0.289575 0.292032 -0.197606 -0.879732 -0.106349 0.342517 -0.082386 0.569061 0.387567 -0.187661 0.129208 -0.247012 0.153775 -0.002520 -0.001763 -0.209290 0.525937 0.513098 -0.448344 0.002768 0.378662 -0.894622 0.334584 0.619232 -0.145780 -0.789302 0.353910 -0.496326
dy</w> 0.291829 0.196280 -0.145971 -0.460787 -0.160164 0.228534 0.354837 -0.112838 -0.857607 0.152772 0.204974 0.032892 0.136330 0.379481 -0.660646 0.192849 0.654618 0.152388 -0.823306 -0.226363 -0.412858 -0.153979 0.249292 -0.059545 -0.126272 -0.924466 -0.156911 0.288222 0.153639 0.167507 -0.028295 -0.525467 0.771346 0.099725 0.166661 -0.584247 0.416038 0.153065 -0.405331 0.166745 -0.704460 0.283272 -0.420016 -0.505566 -0.141760 0.606188 -0.094693 0.215335 -0.334265 -0.689739
character</w> 0.056682 -0.579875 0.302453 0.106853 -0.525662 0.194122 -0.002771 0.076990 -0.672328 -0.182222 0.101263 0.343451 -0.108150 0.273706 -0.387464 -0.357713 0.210822 0.054757 -0.716555 0.181706 -0.343524 -0.160543 -0.126838 0.095443 0.184665 -0.185543 -0.185906 -0.499466 0.027373 0.316619 0.046915 0.113893 0.009549 -0.551957 -0.631559 -0.619606 -0.030590 -0.170856 -0.367519 -0.655599 0.404582 0.065802 0.001220 -0.663349 -0.597040 0.233849 0.115734 0.158936 -0.112515 -0.065303
pu -0.088487 -0.773231 -0.132082 0.497454 -0.120925 0.174483 -0.085710 0.277149 -0.264736 0.359534 0.868914 0.483184 -0.369190 0.238010 0.149670 -0.288161 0.154284 0.160911 -0.727334 0.268878 0.504517 -0.231777 -0.466681 0.681991 -0.264699 -0.204127 -0.192878 0.268721 0.493384 0.024779 -0.168788 0.334633 0.115744 -0.751845 0.119432 -0.206738 -0.463972 0.141558 -0.344338 -0.228240 0.382180 -0.089987 0.438476 -0.419267 -0.253544 0.252737 -0.291647 -0.235807 -0.304211 -0.370806
should</w> 0.182415 0.036068 0.055256 0.515322 -0.439937 0.707894 0.425666 0.167253 -0.248065 -0.545844 -0.242528 0.570271 -0.300086 -0.032184 -0.106792 -0.081988 0.457071 -0.042026 -0.194243 0.109029 0.338699 -0.584270 0.244348 0.149837 0.312047 -0.684366 0.071700 0.200267 0.289897 0.381811 0.241839 0.938562 -0.279315 -0.355544 -0.015638 0.399902 -0.229019 0.275424 -0.544237 0.405016 -0.322356 0.063483 0.455481 0.479431 0.296470 0.091481 -0.375992 -0.102398 0.497070 -0.452328
want</w> 0.513989 0.372730 0.490875 0.376193 0.051248 0.438342 0.436738 0.023398 -0.460266 0.492521 0.279429 -0.042713 -0.058536 0.249861 0.646256 0.328009 0.580752 -0.009422 -0.621366 0.172415 0.561340 -0.333707 -0.097328 0.114080 0.405666 -0.701433 -0.236739 -0.336768 -0.532851 0.808789 0.244458 0.566576 0.177675 -0.290807 -0.024637 -0.001631 -0.101982 0.531600 -0.378779 0.837295 -0.476697 0.423390 0.303425 -0.586126 0.831626 0.373409 0.311055 -0.946911 -0.182359 -0.708018
ful</w> -0.190274 0.318223 0.399493 -0.261696 0.250957 0.355280 0.482509 -0.347257 -0.402831 0.249880 0.057746 0.528998 0.239378 0.220283 -0.830089 0.368556 -0.043222 -0.027232 -0.429476 -0.442436 -0.363972 -0.041039 -0.184576 0.340768 0.166135 -1.216600 -0.844265 0.135852 0.768805 0.372357 0.173604 0.032680 0.576644 -0.116600 0.215479 -0.225156 -0.384290 -0.023405 -0.648888 0.488719 0.057774 0.512801 -0.753212 0.242178 0.499543 0.107462 -0.673734 -0.320850 -0.497265 0.164245
life</w> 0.191963 -0.320499 0.335434 0.091896 -0.425091 0.253188 0.602144 -0.242807 -0.645218 -0.025419 0.055321 0.015371 -0.002968 0.060066 0.291201 -0.135500 -0.020370 -0.052075 -0.399632 0.441211 0.012107 -0.360405 0.111520 0.133428 -0.420918 -0.208913 0.236708 -0.476424 -0.303312 0.436670 -0.024239 -0.018735 -0.153077 -0.366244 -0.375676 -0.260664 -0.476551 0.124388 -0.330227 0.018734 -0.115157 0.270163 -0.114084 -0.642377 -0.358902 0.137349 0.077279 -0.317065 0.184170 -0.021074
few</w> -0.008405 -0.335254 0.296610 -0.188050 0.306357 -0.044405 -0.466071 -0.403338 -0.840350 -0.602165 -0.748683 0.417490 0.024365 -0.215616 -0.077013 -0.218696 -0.007169 -0.460283 -0.705693 0.493581 0.212047 0.103081 -0.209340 -0.069018 0.372177 -0.044342 -0.382007 0.352855 -0.216152 0.360141 1.104570 0.395540 0.412436 -0.053147 -0.049837 -1.028513 -0.305111 -0.615789 -0.105447 0.172875 -0.578221 0.364518 0.604972 -0.874063 0.577198 0.114343 -0.168959 -0.169868 -0.103681 -0.406352
say</w> 0.248647 0.188316 0.650361 0.382933 -0.289186 0.339842 0.455616 0.215653 -0.660522 0.193385 0.668866 0.275373 -0.115198 0.520333 -0.133923 -0.010074 0.439356 0.251141 -0.537533 0.659686 0.453525 -0.607990 0.037748 0.419011 0.117248 -0.364723 0.122528 -0.331867 -0.210985 0.159775 -0.471581 0.337555 -0.330159 -0.388502 -0.417373 -0.035164 -0.276243 0.355917 -0.324054 0.128049 -0.251094 0.599736 0.103467 -0.170963 0.382779 0.116784 0.463028 -0.772681 0.236401 -0.753404
didn</w> 0.489070 0.282029 0.660818 0.435804 -0.613333 1.045451 0.781560 -0.196924 -0.986621 0.143764 0.698947 -0.071921 0.015084 0.731353 -0.536069 -0.218764 0.465396 0.168497 -0.438970 -0.191165 0.770492 -0.309413 0.537942 -0.243852 -0.658491 -0.942633 0.170286 -0.685919 -0.435669 0.289897 -0.096533 1.577238 -0.211974 -0.291653 -0.605378 -0.257859 0.349619 1.007180 0.115637 -0.095349 -0.437973 -0.085337 0.524065 -0.165535 -0.316592 0.349568 -0.240032 -0.377423 0.222982 -0.485532
films</w> 0.159414 -0.130365 0.204948 0.341961 -0.198574 0.367807 0.081880 -0.133302 -0.618632 -0.095454 0.082897 0.467418 0.105863 0.309485 -0.256046 -0.673122 -0.161609 -0.285998 -0.202155 0.748281 -0.150447 -0.516522 -0.136178 0.163541 -0.273409 -0.212959 -0.226941 -0.145298 -0.200050 -0.025971 0.147285 0.471648 0.211254 -0.355321 -0.385685 -0.235398 -0.290966 -0.092321 -0.456103 0.151922 -0.061459 0.135688 -0.277066 -0.321787 -0.038684 -0.035527 -0.371250 -0.043873 0.334976 -0.074967
seen</w> -0.152016 -0.183191 0.512200 0.183363 -0.346075 0.553334 0.530343 0.459996 -0.961124 -0.279853 -0.012628 0.398447 0.320444 -0.340043 -0.348280 -0.691011 0.169013 -0.406147 -0.456872 0.740171 0.476626 0.020023 0.438087 0.418706 0.248949 -0.248508 0.057127 -0.475800 0.309246 0.260164 0.276431 1.075825 0.280649 -0.164907 -0.241518 0.618616 -0.397868 0.001121 -0.548049 0.430941 -0.168535 0.153989 -0.278713 -0.824909 0.001992 0.454553 -0.120509 -0.258126 0.256454 -0.870270
man 0.094577 0.197492 0.193571 0.080727 0.225859 -0.283508 0.503718 -0.075471 -0.366389 0.109760 0.100722 -0.335510 -0.360090 0.423095 -0.183401 0.227129 0.010555 0.201828 -0.334930 0.365099 -0.224783 0.185931 -0.743779 0.017544 -0.609997 -0.672352 -0.422196 -0.249735 0.228222 0.409285 -0.497175 0.097550 0.142280 -0.564969 -0.241019 -0.256595 -0.331638 0.110427 -0.539779 -0.119800 0.370394 -0.580694 0.307232 -0.362899 0.171130 0.515156 -0.042687 -0.129856 0.081075 -0.607440
fl 0.026423 -0.391950 0.643718 0.474984 -0.850912 0.403153 0.495139 -0.442140 -0.730144 -0.030584 0.773525 -0.128728 -0.186676 0.134429 -0.040804 -0.259070 -0.261314 -0.400099 -0.141054 0.360113 -0.614232 -0.623376 -0.287168 0.170663 0.058586 -0.416841 -0.386928 0.061019 0.291995 0.452507 -0.729822 0.711078 0.535019 -0.137347 -0.130362 -0.774954 0.600608 -0.344780 0.026665 -0.177056 0.294921 0.235382 -0.081080 -0.279037 -0.090042 -0.867693 0.175283 0.320875 -0.025090 -0.589978
cer 0.102829 0.389256 -0.239762 0.930483 -0.520741 0.181183 -0.360644 -0.434023 -0.857249 -0.609576 0.540555 -0.526917 -0.198329 -0.308864 0.136268 -0.025024 0.342494 0.658771 -0.845848 -0.097320 -0.072071 -0.927197 0.009472 0.249094 -0.366963 -0.797700 -0.456452 -0.342417 0.413423 -0.070981 -0.453095 1.221676 0.390388 -0.183397 -1.284102 -0.614713 -0.004018 0.637507 -0.425202 -0.930596 -0.275277 0.024033 -0.137425 0.456450 -0.033478 -0.534875 -0.531506 0.091361 -0.181654 -0.407072
find</w> 0.126462 0.296576 0.398986 0.488946 0.044056 0.308277 0.377601 0.073403 -0.561734 0.325378 0.344256 -0.105719 -0.139150 -0.020473 0.097505 -0.192580 0.060805 0.015183 -0.621751 0.491879 0.679057 -0.601036 0.172201 0.392097 0.359178 -0.155839 -0.311984 -0.513689 -0.178122 0.654761 -0.217108 0.813694 -0.095422 0.056146 -0.407412 -0.185952 -0.418782 -0.137384 -0.367833 0.490103 0.101808 0.693538 0.116562 -0.257164 0.448340 0.229714 0.399199 -0.374517 -0.040520 -0.549549
try</w> 0.370283 0.017579 0.108656 0.180933 -0.059805 0.259607 0.918628 -0.094450 -0.066868 0.361109 0.440570 0.069466 -0.080174 0.164727 0.351036 -0.138259 0.298138 -0.303570 -0.708401 0.197536 0.431032 -0.336723 0.010656 0.221626 0.121162 -0.355660 0.091000 -0.223965 0.023578 0.321916 -0.081353 0.428095 0.528957 0.102216 0.058992 -0.396333 -0.460835 -0.175115 -0.649698 0.453551 -0.435365 0.586149 0.041504 -0.361479 0.717480 0.209389 0.189696 -0.344772 0.024152 -0.172819
ill -0.057551 -0.323942 -0.530709 -0.224637 -0.278097 -0.220241 0.613602 -0.461792 -0.451054 -0.442976 0.342130 0.034803 -0.352048 0.128937 -0.366990 -0.073247 0.939413 -0.167829 -0.509542 0.089278 0.515483 0.381835 -0.540308 0.445791 -0.633999 -0.847517 0.094144 -0.235821 0.550701 0.782763 0.102328 -0.128929 1.067223 -0.161855 -0.241869 -0.918417 -0.087552 -0.623041 -0.369081 -0.110361 0.926500 -0.079515 0.071444 -0.692725 0.126458 -0.075521 -0.441466 -0.204996 -0.537228 -0.408892
characters</w> 0.302258 -0.279825 -0.287003 0.287093 -0.100060 0.434814 0.132201 -0.106348 -0.741162 0.161670 -0.132842 -0.094801 0.116773 0.748027 -0.478868 -0.078010 0.112715 0.143474 -0.602099 0.559932 -0.614374 -0.154691 -0.001935 0.314886 -0.109520 -0.035553 -0.470488 -0.173386 -0.054191 0.173488 -0.021614 0.121167 0.510553 -0.571557 -0.246577 -0.196314 -0.482281 -0.185930 -1.007004 -0.246995 -0.127143 0.264223 0.421630 -0.292353 0.225056 -0.013425 -0.243052 0.152310 0.592577 0.229637
ad</w> 0.417423 0.307693 -0.158207 0.021450 -0.024491 0.339550 0.312204 -0.082451 -0.441390 -0.156398 0.387831 0.165308 0.047945 0.592600 -0.132479 0.314707 0.483692 0.257377 -0.559176 -0.202853 0.303784 -0.320171 0.590378 0.448117 -0.112649 -0.469464 -0.023857 0.301817 0.353375 0.946607 -0.050376 -0.344323 0.111229 -0.212254 -0.644309 -0.592756 -0.231227 -0.213171 -0.261171 -0.519676 -0.298327 -0.082074 0.120577 -0.226832 -0.377195 0.796959 0.191983 -0.435202 -0.189033 -0.226703
tal -0.046005 -0.370474 0.465051 0.155099 -0.273208 0.393718 0.387787 0.090116 -0.259554 0.405604 0.488833 0.226870 -0.751333 -0.560296 0.344231 -0.298577 0.207835 -0.244547 -0.883618 0.667370 -0.160045 -0.383530 0.080398 0.160639 -0.305858 -0.309872 0.152303 -0.448303 -1.105423 0.313506 -0.362388 0.630632 0.488587 0.011089 0.336299 -0.707561 0.000912 -0.321438 0.014828 -0.646414 -0.627519 0.268857 -0.112092 -0.144622 -0.108399 -0.064374 -0.109350 0.234878 0.608326 -0.277105
used</w> 0.055076 -0.046632 0.427712 0.586795 -0.058890 0.282478 0.404209 0.199628 -0.480029 -0.110725 0.176123 0.301434 -0.139759 0.283258 0.348901 0.221854 -0.114901 -0.286169 -0.530705 0.261037 0.456878 -0.635339 0.453314 0.524649 -0.087704 -0.361491 -0.138159 -0.148841 0.157595 0.182630 -0.043169 0.849922 -0.020617 -0.078034 0.301312 0.267706 -0.110833 -0.231826 -0.418791 0.179788 -0.469502 0.774564 0.029109 0.145554 0.062876 -0.000011 0.011365 -0.322322 0.143378 -0.796316
fu -0.157986 -0.437476 0.662152 0.343985 0.160906 -0.157806 0.235239 0.183663 -0.170967 0.113834 0.249200 0.414911 -0.695841 -0.180943 0.832901 -0.682071 0.102122 0.533879 -1.138040 0.673898 -0.532221 -0.213143 -0.344269 0.024554 -0.199450 -0.397394 0.403023 0.337920 0.459448 -0.041320 -0.280386 0.596219 0.139694 -0.242808 0.227857 -0.106833 -0.503642 0.162233 -0.329235 -0.595313 0.159997 0.434451 0.513172 -0.074892 -0.219213 0.373908 0.438074 -0.032178 0.232539 -0.187816
son</w> -0.275976 -0.028074 0.454886 -0.127771 -0.105259 0.375904 0.269921 -0.461703 -0.809494 0.750575 0.404166 0.323616 0.036022 0.328572 -0.472838 0.281908 0.557626 0.016823 -0.392917 0.059872 -0.100962 -0.340470 -0.278315 0.264769 -0.164257 -0.955826 0.311504 -0.523172 0.428485 0.526810 0.097743 -0.333493 0.549877 -0.543331 -0.170239 -0.094324 -0.127960 -0.026136 0.080359 -0.035720 0.364980 0.059150 -0.463193 -0.696971 -0.571552 0.627565 -0.309447 0.204843 0.048031 -0.411857
ry</w> -0.297705 0.042017 0.514641 -0.134899 -0.059768 0.568471 0.933701 -0.357269 -0.422159 0.269543 0.192437 -0.167096 -0.326789 -0.087421 -0.141060 -0.134815 0.803222 0.077466 -0.831720 0.595491 0.226802 -0.376016 0.117859 0.014652 0.211511 -0.915486 0.056760 -0.244221 1.109695 -0.126245 0.318752 -0.198195 0.367379 0.394394 0.209141 -0.501595 0.434508 -0.016266 0.309009 0.662023 -0.316368 0.662556 -0.087092 -0.112463 -0.592402 0.327954 -0.000643 -0.240109 -0.249289 0.083620
wi 0.375603 -0.032252 -0.493426 -0.171832 -0.065116 0.328084 0.161999 -0.155490 -0.639409 -0.043189 0.209845 0.329306 -0.353056 -0.536952 0.056464 -0.384008 0.346469 0.014019 -0.431558 0.638757 -0.090597 0.348645 -0.587150 0.430891 -0.896637 -0.316855 -0.350507 0.464063 0.336696 0.820190 -0.446773 -0.005179 0.107261 -0.448833 0.542474 0.137282 -0.151978 0.228772 0.222003 -0.307509 -0.557391 -0.074772 0.133422 0.113737 0.019526 0.750623 0.012604 -0.329837 -0.686517 -0.384434
those</w> 0.323735 -0.041802 0.549170 0.641366 0.177370 0.156810 0.125362 0.519855 -0.619523 -0.389683 0.320203 0.041920 0.056307 0.174499 -0.395871 0.370467 0.037895 0.004983 -0.518524 0.375867 -0.081426 -0.491248 -0.035926 -0.391260 -0.085033 -0.068851 -0.522276 0.452917 -0.344403 0.374586 0.267471 0.354655 0.463669 -0.595763 -0.560860 -0.400814 -0.215233 0.057171 -0.465952 0.465561 -0.665787 0.403516 0.376117 -0.325345 0.336437 -0.189222 -0.364516 -0.221970 -0.036338 -0.006861
plot</w> 0.457306 -0.035003 0.423866 -0.113083 -0.101859 0.152195 0.116033 -0.010206 -0.538896 -0.267397 -0.219070 0.330682 0.022704 -0.051646 -0.249032 -0.116040 -0.113861 0.154367 -0.780031 0.630882 -0.264830 0.045767 0.068516 0.199924 -0.239547 -0.067577 -0.043130 -0.300118 -0.050839 -0.001970 -0.184407 0.243389 -0.041802 -0.356516 -0.275536 -0.500558 -0.590487 -0.102127 -0.462763 -0.737760 -0.104912 0.560400 0.271516 -0.448354 0.194213 0.249182 -0.255923 0.137249 0.300519 -0.419245
id</w> 0.269230 0.446646 0.337270 0.063366 -0.342894 0.320267 0.004227 0.496404 -0.351600 -0.560300 0.381513 -0.161958 0.139437 -0.210095 -0.190359 -0.351734 -0.443153 0.173373 -0.596470 -0.252423 0.244361 -0.351970 0.125332 0.363345 0.071228 -1.261681 0.297549 0.707631 0.392828 0.352281 0.226534 0.238768 0.296528 0.176284 0.150284 -0.234603 0.018992 -0.135029 -0.245409 -0.345044 -0.737707 0.870221 -0.543382 -0.514532 0.120573 0.201678 -0.119942 0.203234 -0.219026 -0.018045
fil -0.373241 0.162243 -0.159650 0.474870 -0.041940 0.375669 -0.025438 0.293339 -0.279555 -0.245560 0.176185 0.165955 0.033512 0.256668 0.105906 -0.697291 0.302325 -0.387587 -0.769971 0.396837 -0.269434 0.021894 0.082831 0.486748 -0.445614 -0.631110 -0.005502 -0.677370 -0.285476 0.212160 -0.396301 0.300430 0.622902 0.042916 0.175951 -0.024972 -0.020018 -0.383204 0.489410 -0.660549 0.310437 0.482281 0.508620 -0.372762 -0.422700 0.291875 0.054544 -0.374567 -0.209086 -0.636466
so -0.165337 0.001554 0.538700 0.373900 -0.200235 0.145601 0.057449 -0.027239 -0.721353 -0.499038 0.398432 0.128905 0.065125 -0.051296 -0.236050 0.047302 -0.199555 -0.109453 -0.761110 0.546147 0.621273 -0.106559 0.010306 0.067868 -0.354293 -0.767543 -0.465669 0.023554 -0.570952 0.601442 -0.055729 0.010671 0.293759 0.070059 0.143426 0.357129 -0.229765 -0.427299 -0.089954 -0.449358 0.121540 -0.099106 -0.627962 0.296964 0.060312 0.325006 -0.222721 -0.118189 0.212487 -0.451590
ju -0.000705 0.069746 -0.219230 0.408640 -0.359528 0.103042 0.553991 0.239451 -0.735774 0.089943 0.116993 0.754789 -0.452773 -0.040136 -0.724983 -0.242175 0.239949 -0.214766 -1.060367 0.280104 0.149278 -0.096137 -0.192825 -0.068926 -0.042496 -0.628344 -0.204227 0.138169 -0.201391 0.192702 -0.539579 -0.091765 0.436488 -0.349746 0.666271 0.320777 -0.055788 -0.565810 -0.062483 -0.625821 0.490687 0.157449 -0.050330 0.497291 -0.091788 0.373021 0.149950 -0.053672 -0.532818 -0.485424
doesn</w> 0.782710 0.174002 0.819078 0.395016 -0.515473 1.122078 0.390689 0.234795 -1.043363 0.326178 0.489430 -0.114009 -0.307137 0.168199 -0.448997 -0.664490 0.207499 0.155750 -0.576537 -0.054069 0.751548 0.128018 0.455378 0.029482 -0.423863 -0.925817 0.517443 -0.625383 -0.330235 0.134102 -0.554182 1.731692 -0.070108 -0.041589 -1.076856 -0.533048 0.134313 0.390744 0.171063 -0.018027 0.013644 0.229784 0.538770 0.300136 -0.411627 0.434792 0.011718 -0.374306 0.362140 -0.365091
ure</w> -0.344200 0.140754 -0.089870 0.546453 0.742838 0.205978 0.494431 -0.370506 -0.870393 0.036081 0.014767 0.848492 0.699837 -0.249916 0.420849 0.174366 0.322692 0.374222 -1.054595 0.344478 0.167329 -0.017418 0.061779 0.313133 0.089843 -0.801805 -0.634870 0.286424 0.308729 -0.060164 -0.195356 -0.270802 -0.039929 -0.134430 -0.469559 -0.218730 -0.107510 0.177925 -0.430782 0.027654 0.577217 0.158536 -0.205843 -0.154311 0.057591 0.300328 0.091789 -0.032583 -0.631270 0.281379
pt</w> -0.045071 -0.310385 0.521811 0.185016 -0.038741 0.360048 0.417555 -0.054739 -0.249904 -0.062236 0.413956 0.054417 0.545768 -0.173701 0.476963 0.607577 0.074757 -0.271221 -1.215164 -0.291643 0.165443 -0.425290 -0.408876 0.088320 0.727511 -0.623838 -0.390305 0.421975 0.469737 0.523024 0.442474 0.635408 -0.221088 -0.295193 0.210053 -0.589114 -0.299870 -0.378837 -0.365661 -0.064414 -0.182403 1.070230 -0.209151 -0.632863 0.329351 0.101738 -0.500631 -0.008158 0.706191 0.492679
por -0.368274 0.379544 0.140767 0.211705 -0.249751 0.665714 0.264488 -0.049308 -0.197455 0.355187 0.455737 -0.123703 -0.088897 -0.436984 0.437085 -0.538814 -0.136978 0.514049 -1.254492 -0.031491 -0.129152 -0.417696 -0.724859 -0.149445 0.014992 -0.858382 -0.174860 -0.079704 -0.482532 -0.064020 -0.195975 0.659750 -0.108743 -0.845533 -0.494007 -0.823472 -0.312468 -0.108561 0.114739 0.138876 0.281610 0.152907 0.259127 -0.343607 -0.223564 -0.314433 -0.193001 0.506191 0.114929 0.148408
right</w> -0.021875 -0.299595 0.280604 0.520115 -0.284997 0.279642 0.318107 -0.361121 -0.207173 0.087746 0.131595 -0.004841 -0.166266 0.470255 -0.148326 -0.055357 0.324197 0.061948 -0.079857 -0.160070 -0.157683 -0.065622 0.076083 0.445101 0.051504 -0.891874 -0.156289 -0.061163 0.026274 0.089089 0.167491 -0.068475 0.252205 -0.247261 0.019855 -0.212716 -0.179562 0.023646 -0.204574 -0.303691 0.143719 0.389250 0.783014 -0.334718 0.179417 0.158911 0.101287 -0.410345 0.107918 -0.273383
coffee</w> 0.355269 0.208779 -0.040640 -0.020125 -0.383218 0.257180 -0.010222 -0.318716 -0.557766 -0.364494 0.134816 0.290437 0.208925 -0.208335 -0.245426 -0.431884 0.081628 -0.277776 -0.149315 0.347740 -0.339545 -0.034315 -0.223638 0.253308 -0.226816 -0.349165 -0.209280 0.086456 -0.155979 0.194978 -0.256358 0.304462 -0.025049 -0.268749 -0.071934 -0.384333 -0.130759 -0.087140 -0.445201 -0.091435 -0.208027 0.418411 -0.061810 -0.270690 0.015405 0.013132 -0.194752 -0.522108 0.380230 -0.406047
real</w> -0.019065 -0.228938 0.496589 -0.015550 0.156022 0.238858 -0.140609 -0.235029 -0.670367 -0.194130 -0.349104 0.358098 0.203369 0.104771 -0.348148 -0.000802 0.273261 -0.003284 -0.622968 0.236287 0.048185 -0.168116 -0.109041 0.101467 0.048413 -0.295331 -0.060749 0.039834 0.000022 0.236928 0.503152 0.194382 -0.110373 -0.325768 -0.394697 -0.547535 -0.039212 0.015864 -0.091044 0.045906 -0.107144 0.168818 0.094715 -0.440424 -0.069853 0.132847 0.335179 0.269671 0.021213 -0.175750
ture</w> -0.243305 0.223555 0.706665 -0.048838 -0.183081 0.262570 0.135562 -0.525533 -0.778293 -0.282036 -0.171486 0.429813 -0.170721 -0.010085 -0.085782 0.161213 0.129363 0.447901 -1.315201 0.502591 -0.359659 0.006737 0.287171 -0.267435 0.115680 0.016746 -0.277421 0.478313 1.258675 -0.283118 -0.614601 -0.102995 0.080194 -0.645488 -0.101143 -0.805003 -0.868081 0.203102 -0.418313 0.137454 -0.518233 0.713845 0.076705 0.055946 0.372756 0.032247 -0.051834 -0.688756 -0.177280 0.262982
before</w> -0.094153 -0.113026 0.085695 0.174406 -0.186880 0.512513 0.343919 -0.171479 -0.550491 -0.096555 -0.004624 0.655070 -0.417122 0.066734 0.131656 -0.140441 0.012570 -0.241073 0.135046 0.078403 0.055039 -0.181442 0.654324 -0.166174 -0.011937 -0.411288 -0.445769 -0.138686 0.006318 0.584395 0.464748 0.225908 -0.095900 0.272247 0.041840 -0.300016 -0.174143 0.321595 -0.221988 0.124227 0.131484 0.152798 0.428250 -0.228065 0.282491 0.469337 -0.223097 -0.238297 0.221286 -0.333699
ed -0.233576 -0.329188 0.197921 0.137846 -0.497521 0.628668 0.353642 0.115900 -0.467270 0.372382 -0.061232 0.162704 -0.297631 0.197761 0.568849 -0.056930 0.139573 -0.060083 -0.845682 0.482197 -0.106784 0.161602 0.416525 0.593268 -0.360377 -0.541833 -0.363862 0.188469 0.109463 0.264016 -0.434480 0.730489 0.479963 0.068661 -0.303806 0.114864 0.226902 0.239703 -0.061086 -0.540992 0.235642 -0.302136 -0.407534 -0.691829 -0.214485 0.208209 0.260525 0.207723 -0.150044 -0.197551
ite</w> -0.325019 0.285323 0.248345 0.163783 0.119839 0.264512 0.396356 -0.208402 -0.151157 0.101304 -0.044617 0.549782 -0.088244 1.083568 -0.085145 -0.156720 0.363620 -0.056945 -0.730204 0.014732 0.077078 0.344690 -0.158808 0.512221 -0.080494 -0.464635 0.192839 0.318235 0.497632 0.326762 -0.171442 0.171691 -0.177878 -0.478851 -0.432923 -0.421227 -0.726971 -0.151828 -0.009543 -0.270488 0.174368 0.410783 0.209758 -0.440449 -0.340905 0.783273 -0.270619 -0.331952 -0.202303 0.341252
tri 0.664723 -0.246777 0.353497 0.286365 0.460857 -0.180174 0.436579 0.561528 -0.564530 -0.274982 0.489282 0.593204 -0.498475 -0.366432 0.410871 -0.080098 0.109867 -0.229226 -0.702551 0.242524 -0.221779 -0.663501 -0.051192 -0.375565 -0.110379 -0.265188 -0.476591 0.115246 0.417524 0.423779 -0.323400 0.524222 0.786029 -0.287809 0.326038 -0.359115 -0.407983 -0.126801 -0.232177 -0.548701 0.363439 0.385976 0.225549 0.000670 -0.073383 -0.713017 -0.156236 -0.099722 0.217888 -0.370425
te</w> 0.091238 0.776968 0.112503 -0.185172 -0.183810 0.600580 0.364005 -0.323982 0.034740 -0.474606 0.181440 0.360783 -0.210695 -0.029758 0.342505 0.061641 -0.034996 0.331629 -1.010658 -0.269022 0.275753 -0.661986 0.429239 0.267892 0.705055 -0.855461 -0.222723 0.430580 0.631910 -0.160592 0.091829 -0.014317 0.284028 -0.239415 -0.169007 -1.117606 0.216275 0.358660 -0.336323 0.019470 0.198644 0.816808 -0.262788 -0.496496 -0.208651 0.350096 0.144054 -0.067756 0.226451 -0.080662
enti 0.393126 -0.265002 -0.587584 0.090473 0.735052 0.379573 0.652359 0.769653 -1.020550 -0.202385 -0.821032 -0.563102 -0.015775 -0.388656 0.036651 -0.158941 0.453616 0.168985 -1.658872 0.688160 -0.349105 -0.356911 -0.116360 0.495406 -1.053378 -0.223261 -0.316553 0.032208 0.370213 0.399982 -0.389334 -0.420294 0.037812 -0.137134 -0.064635 0.112604 -0.769378 -0.235918 0.031642 0.010869 0.302453 -0.478120 0.411264 0.284818 -0.007884 0.784135 -0.237716 -0.407416 0.328907 -0.222753
food</w> 0.270222 -0.159874 -0.034433 0.109333 -0.450886 0.344788 0.158577 0.043929 -0.458610 -0.350748 0.409552 0.364395 0.008345 0.246095 -0.145066 -0.360152 -0.017908 -0.159120 -0.186996 0.348079 0.344244 -0.459612 -0.097961 0.129546 0.155289 -0.640489 -0.539119 0.068107 -0.133786 0.356623 -0.011690 0.322395 -0.344401 -0.500235 -0.304398 -0.476010 0.019412 -0.056969 -0.107169 -0.230084 -0.086319 0.446655 -0.213924 -0.232501 0.157684 0.047648 -0.069440 -0.498033 0.111386 -0.071735
les</w> -0.314071 -0.017633 0.229675 0.434783 -0.074506 0.563507 0.640627 -0.285555 -1.006604 -0.155480 0.499560 0.306632 0.286950 0.309407 -0.611387 0.312759 -0.086274 -0.133100 -0.678487 -0.376366 -0.658576 -0.090585 0.526151 -0.263364 0.517780 -0.733739 -0.344162 0.307440 0.313363 -0.040550 0.277152 -0.003115 0.306236 -0.387350 0.026520 -0.424972 0.057872 -0.228169 -0.165162 -0.339842 -0.273579 0.082080 0.002213 -0.742592 -0.470897 0.291610 -0.687568 -0.125566 -0.061819 0.110215
f</w> 0.157884 0.217937 0.507170 -0.057894 -0.176870 -0.283872 0.254263 -0.342657 -0.720810 -0.417932 0.270086 -0.178562 0.122366 -0.355253 -0.513026 0.352135 -0.296379 0.306431 -0.632607 -0.352238 0.114263 -0.572901 -0.257704 -0.079056 -0.442986 -0.860975 -0.028153 -0.039126 0.501470 0.418414 0.276464 -0.271660 0.085497 -0.907016 -0.038678 -0.320426 0.048067 0.216639 -0.198687 -0.028927 -0.198259 0.140673 -0.197448 -0.699647 -0.068539 0.896735 -0.130094 0.076669 -0.073390 0.146857
thr -0.044697 -0.498010 0.341188 0.280109 -0.861953 0.235944 0.762502 -0.659290 -0.100603 0.150352 0.349605 0.200140 -0.608359 0.532105 -0.005621 0.106093 -0.044364 -0.222510 0.024399 0.146153 0.680813 0.026708 0.399242 0.664611 -0.283943 -0.622692 -0.988613 -0.055257 -0.078359 1.017254 -0.028674 0.318696 0.350788 -0.041628 -0.091130 -0.716795 -0.148957 -0.518001 0.086641 0.174776 0.549077 0.335004 0.164249 -0.793558 0.431911 -0.707673 -0.143791 0.547231 -0.049948 -0.894959
cor -0.062304 -0.351817 -0.119154 0.358238 -0.098868 0.147942 0.221956 -0.645941 -0.033536 0.351552 -0.050084 0.116891 -0.740680 -0.326550 0.489787 -0.290229 -0.054959 0.264593 -0.666279 0.584405 -0.831344 -0.772703 -0.394955 0.197802 -0.424550 -0.397646 0.160008 0.342927 0.298946 0.255500 -0.706185 0.055780 0.642603 -0.661406 -0.202144 0.189285 -0.174193 -0.119414 -0.275501 -0.204405 -0.282666 0.277302 0.638864 -0.244613 0.127214 -0.011960 0.081866 -0.173634 0.015719 -0.115595
ely</w> -0.221794 0.310414 0.001648 -0.015261 -0.067345 -0.191480 0.732393 -0.363416 -0.201941 0.249222 -0.358185 0.124424 0.292064 -0.321423 -0.522822 0.178341 0.189883 0.102947 -0.566718 0.573433 -0.073268 0.127678 -0.263889 0.072068 0.137160 -1.307720 -0.429284 -0.265478 0.864239 0.112937 0.670131 0.069860 0.355752 -0.263618 -0.350144 -0.440296 0.006287 -0.067143 -0.156410 -0.025311 0.338247 0.436464 0.226806 0.206565 -0.045308 0.171912 -0.286065 0.376684 -0.537172 -0.064698
der 0.314364 -0.014011 -0.215880 -0.227137 0.050911 0.562326 0.517108 -1.259938 -0.488496 0.547455 -0.453710 -0.079837 -0.100159 0.010026 -0.488294 -0.114335 0.285856 0.211001 -0.119730 -0.011844 -0.385032 -0.191826 0.229922 -0.204431 -1.004500 -0.776325 -0.499189 -0.120875 0.181193 -0.031429 -0.036833 0.484702 0.952255 -0.499074 -0.330776 -0.230313 -0.221957 -0.158201 -0.499255 0.539042 0.554519 -0.565899 0.057364 -0.253773 0.083524 0.193989 0.026028 0.672700 0.388603 -0.444288
do 0.257780 0.104032 0.074408 0.184717 0.020891 0.043566 0.329123 -0.370106 -0.701230 -0.081521 0.614165 0.255405 -0.307162 0.388089 -0.080617 -0.378464 0.094209 -0.584252 -0.184930 0.295484 -0.105586 0.058536 -0.361140 0.322844 0.159217 -0.616904 -0.487227 0.428118 -0.117599 0.669767 -0.246369 0.129717 0.251172 -0.715793 0.754889 -0.171396 0.190232 -0.278884 0.111835 -0.434513 -0.190225 -0.622701 0.158034 -0.687221 -0.437363 0.108446 -0.396876 -0.306516 0.032555 -0.236474
ay</w> 0.388766 0.380493 -0.359806 0.212091 0.159292 0.078057 0.581110 -0.039972 -0.835532 -0.400993 0.515264 0.148929 -0.009867 -0.041289 -0.197138 0.146527 0.465418 -0.107898 -0.816957 -0.067842 0.130393 -0.063100 -0.242614 0.704622 0.436730 -0.868464 -0.052150 0.111500 0.037942 0.049742 0.541497 0.147151 0.281637 -0.328733 0.815787 -0.028049 0.268225 0.067976 -0.302313 -0.306134 -0.109257 0.750021 -0.584779 -0.405433 0.160265 0.500577 -0.276685 -0.498257 -0.451278 -0.295195
going</w> -0.405263 -0.516276 0.144083 0.366554 0.008680 0.589204 0.814864 0.265947 -0.425316 0.102633 0.050760 -0.111635 -0.145968 0.425067 0.131520 0.293347 0.581122 0.177290 -0.068768 0.475701 0.487795 -0.493427 0.287545 0.427946 -0.123183 -0.684579 -0.001668 -0.716108 -0.101167 1.142683 -0.296267 0.218590 0.000921 -0.500315 -0.167069 -0.010893 -0.126368 -0.127653 0.086868 -0.089652 -0.454305 0.638496 -0.194427 -0.092181 0.231950 -0.202093 0.339300 -0.203564 0.012128 -0.882844
ber -0.375230 0.671807 0.234103 0.490220 -0.759140 0.498385 0.504499 -0.066527 -0.229446 0.219258 0.852719 -0.216349 -0.104667 -0.144339 0.345928 -0.006577 0.011486 0.497232 -1.113981 -0.183646 0.147317 -0.001143 0.087532 0.211959 -0.420409 -0.871228 0.002584 0.353453 -0.004933 0.346869 -0.248201 0.405929 0.769401 -0.478265 0.270477 -0.234948 0.242971 0.100778 -0.184478 -0.390510 -0.041247 -0.573807 0.677227 -0.050379 -0.194387 0.263935 -0.625822 0.150371 -0.651312 -0.017930
ving</w> 0.088889 0.604708 0.483079 0.314044 -0.330792 -0.057034 0.307634 -0.035988 -0.273745 0.071490 -0.239808 0.793715 0.346688 0.046510 0.053627 0.071782 0.314900 0.091901 -0.755034 0.015374 0.767473 -0.587620 0.249942 0.069389 0.311307 -0.691718 -0.440735 0.054731 0.024194 0.516739 0.790515 -0.206404 -0.044418 -0.670970 0.253147 -0.320596 -0.535762 -0.216227 0.012428 -0.376145 0.162230 0.633883 0.066843 -0.071453 -0.122245 0.774259 0.411955 0.613767 0.257425 -0.403064
sy 0.075423 0.545243 -0.384678 0.286266 0.539655 0.403129 -0.054664 -0.342498 -0.143268 -0.295257 -0.174918 0.253738 -0.022701 -0.601301 -0.182621 -0.524722 0.137201 0.523087 -1.001163 0.347645 0.379697 -0.803903 -0.661956 0.276743 -0.547977 -0.851521 -0.228731 -0.160448 -0.168169 0.284380 0.095161 -0.042567 0.845076 -0.208172 0.064088 -0.203497 0.100805 -0.649793 0.447757 0.334527 -0.121216 0.216198 0.126456 -0.310092 -0.228725 0.039457 -0.086804 -0.316354 -0.698221 -0.126680
scene</w> 0.048690 -0.376736 0.353980 0.315711 -0.027832 0.364449 0.247046 -0.227669 -0.677774 -0.328197 0.005357 0.444558 -0.027805 0.025918 -0.319344 -0.365667 -0.121554 0.100453 -0.599369 0.342654 -0.385005 0.053546 0.087446 0.079292 -0.393946 0.197274 -0.106408 -0.159253 -0.026981 -0.072083 -0.072659 -0.007942 -0.113829 -0.380129 -0.346340 -0.440267 -0.065624 -0.229397 -0.520591 -0.508801 0.032195 0.327918 0.302447 -0.409514 0.185173 0.469726 0.300151 -0.419852 0.412687 -0.342510
rec -0.090229 0.576356 -0.284192 0.123692 -0.839027 0.275052 -0.099953 -0.205532 -0.965742 0.362958 0.212402 -0.094644 -0.447324 0.254175 0.140013 -0.368817 -0.098876 0.008474 -0.581774 0.662940 -0.476029 -0.025705 0.266919 0.123519 0.113723 -0.410256 -0.589549 0.111664 -0.129404 0.280160 -0.636548 0.494473 0.450151 0.127907 -0.324724 0.142987 0.468508 0.201980 -0.367993 -0.192404 -0.064962 0.003038 0.175508 -0.314431 0.477367 0.153152 0.061556 0.003030 -0.221022 -0.534170
actually</w> 0.153295 -0.132967 0.168792 -0.018396 -0.321337 0.082417 0.400722 0.245626 -0.422790 -0.139086 -0.070921 0.323196 -0.154483 0.041772 -0.304618 0.350750 0.552981 0.225513 -0.075756 0.420591 0.155638 -0.274730 0.201252 0.239567 -0.038115 -0.574276 0.002020 -0.369103 0.030181 0.164862 0.388454 0.315507 -0.329754 -0.081281 -0.127389 -0.525494 -0.307734 0.216917 -0.310350 0.411778 -0.255882 0.646462 0.317758 0.139433 0.147568 -0.052979 -0.079617 0.230747 -0.088568 -0.750419
look</w> 0.269717 -0.163813 0.904341 0.544812 -0.366120 0.261796 0.173152 -0.074596 -0.229973 -0.062459 0.275397 -0.341151 0.204870 0.138507 0.090206 -0.221720 0.421209 -0.501220 -0.345172 0.512634 -0.394132 -0.219807 0.147652 0.342587 -0.234019 -0.214936 -0.269916 -0.170991 -0.088989 0.633125 -0.030704 0.610590 0.110223 -0.159934 0.236366 -0.023548 -0.151829 -0.145405 -0.353598 0.476026 0.059197 0.585866 0.329757 -0.350368 0.070558 -0.222651 0.213375 -0.533196 0.017662 -0.854574
tly</w> 0.001554 0.358803 0.491767 -0.466867 0.318171 0.111945 0.941607 -0.849715 0.304648 0.125826 0.157395 0.582673 -0.315660 0.232344 0.323941 -0.015632 0.344902 0.092917 -0.928400 0.523498 -0.464296 0.056620 0.157294 0.301578 0.190693 -0.334945 -0.282747 0.922554 0.888220 0.275393 0.135011 0.399450 0.710382 0.141168 0.248497 -0.575536 -0.546724 -0.173518 -0.371448 0.226400 0.100236 0.924507 0.327719 0.306839 0.174029 0.009215 -0.209841 -0.095529 -0.107147 0.261500
such</w> 0.051172 0.120666 0.448979 0.127446 -0.288054 0.168995 -0.064024 0.007563 -0.453217 -0.150202 -0.609057 0.290718 0.011236 -0.535513 -0.230731 0.141834 0.302130 -0.137168 -0.897633 0.569747 0.090564 -0.020247 0.253215 0.126399 -0.095818 -0.131623 0.044792 -0.294841 -0.244880 0.176379 0.621359 0.451098 0.413177 -0.440910 -0.270064 -0.591675 -0.128797 -0.345963 -0.331689 0.061435 -0.029289 0.371822 0.019196 -0.129342 0.403897 -0.417882 -0.124564 -0.119653 0.011171 -0.380060
ste 0.412961 -0.001529 0.294853 0.303323 0.460297 0.446014 0.400953 0.035326 -0.258804 -0.319152 0.284527 0.021223 -0.358528 -0.558320 0.262540 -0.603301 -0.122919 -0.372290 -0.009369 0.854691 0.070052 -0.512651 -0.667956 0.171702 -0.573891 -0.510889 -0.065127 -0.032427 0.405900 0.446403 -0.159758 0.315707 0.600179 0.272329 0.149450 0.121194 -0.043561 -0.260082 0.000517 -0.236887 0.009758 0.193088 -0.128207 -0.675364 -0.414669 0.290121 0.191971 0.246598 0.180745 -0.656034
est</w> 0.299434 -0.082457 0.553867 0.078410 0.110134 0.378847 0.177258 0.035797 -0.084062 -0.238839 0.092636 0.439480 0.410763 0.248286 0.160782 0.211175 0.455879 0.238716 -0.769825 0.448929 -0.542072 0.080665 0.283470 -0.061573 0.044548 -1.080210 -0.589579 -0.110018 0.402294 0.489278 0.295701 0.228626 0.157120 -0.259872 -0.396662 -0.412062 -0.121720 0.187120 -0.458498 0.495799 0.299623 0.008519 -0.688367 -0.428543 -0.224231 0.639478 0.504364 0.292598 0.023383 0.524741
through</w> 0.330952 -0.096399 -0.222074 0.199228 -0.350751 0.589931 0.239683 -0.068020 -0.180905 0.062855 -0.017909 0.058438 -0.177804 0.079643 0.384398 -0.114178 0.119492 -0.285409 -0.309654 -0.165570 -0.076202 0.093287 -0.129216 0.403140 0.006264 -0.497271 -0.541594 -0.158046 0.285645 0.795284 0.321763 -0.040120 -0.137282 0.014967 0.061701 -0.272071 -0.477717 -0.369752 -0.443042 -0.254584 0.302689 0.074763 0.771545 -0.284004 0.113816 0.283003 0.441781 -0.170600 0.327732 -0.201852
star 0.277890 0.087914 0.057252 0.011263 -0.661834 0.641160 0.548022 0.017802 -0.289948 -0.069544 0.728281 0.716144 -0.505366 -0.315530 0.419571 -0.107800 -0.515204 -0.393969 -0.417708 0.295823 -0.192629 -0.130843 0.342585 0.230800 -0.399751 -0.424960 -0.204409 -0.432359 0.386089 0.001596 -0.390640 0.822183 0.237686 -0.482826 0.145887 -0.171956 -0.333671 -0.266218 -0.129069 0.187172 -0.231615 0.143894 0.524979 -0.037921 0.265642 -0.140086 0.001667 -0.457211 -0.428757 0.038801
lot</w> 0.329415 -0.047838 0.761426 -0.046815 -0.411140 -0.275790 -0.014439 -0.017034 -0.168088 -0.717716 -0.265988 0.622119 0.362430 -0.459092 -0.073525 -0.421930 0.495742 -0.493887 -0.931437 0.596019 0.048961 0.027437 -0.024633 -0.115288 0.005906 -0.308325 -0.219366 0.329531 -0.297005 0.587836 0.701566 0.664017 -0.054354 -0.633907 -0.785198 -0.731277 -0.632076 -0.362775 -0.342503 0.439123 -0.306842 0.508398 0.096189 -0.928420 0.606806 -0.014210 0.221376 0.365362 -0.115564 -0.190753
fre 0.552632 -0.569470 -0.207237 -0.012006 0.201889 -0.027789 -0.194405 -0.182683 -0.885737 -0.341885 0.791179 -0.086010 -0.151760 -0.185312 -0.111517 -0.589902 0.644063 0.083027 -0.757639 -0.149120 0.402020 0.309995 -0.108184 0.325098 -0.644442 -0.394028 -0.395484 0.382712 0.033290 0.358872 -0.068701 0.382880 0.395225 -0.178063 0.096378 -0.047486 -0.247338 0.013996 -0.799495 -0.029107 -0.248484 -0.351414 -0.149839 -0.277361 0.139982 0.507212 0.077170 0.234168 0.042674 -0.408435
dic 0.576421 0.502966 0.567992 -0.367220 -0.557341 0.197166 0.302989 0.221596 -0.838439 0.726127 0.518242 0.457125 -0.066723 -0.428839 0.509331 0.488418 -0.332529 0.384862 -1.368298 0.965701 -0.396413 -0.215129 -0.065057 -0.242332 -0.905161 -0.368874 0.057154 0.333974 0.076898 -0.202991 -0.559247 0.398241 0.238478 -0.142694 -0.441647 -0.307896 -0.290829 -0.085499 -0.624071 -0.671363 0.344307 0.457893 0.247184 0.546510 0.174183 0.073229 -0.915533 0.032778 -0.513452 -0.645393
arly</w> -0.233450 -0.139743 0.439609 0.012002 -0.075256 -0.045559 0.425581 -0.335241 -0.595654 -0.201414 -0.533564 -0.018509 -0.330444 -0.064083 -0.084532 -0.206575 -0.549470 0.613459 -0.813823 0.029828 -0.115544 -0.063771 0.609675 0.083709 -0.216089 -0.276212 0.174038 -0.601830 0.646068 0.745638 0.692588 0.300277 -0.100276 -0.155385 0.255473 -0.834504 0.229425 0.102632 -1.118777 0.354781 -0.492160 -0.081741 -0.540088 -0.247039 0.327249 0.314438 -0.133145 -0.108608 -0.176366 0.060457
can 0.104357 0.315382 0.079152 0.227145 -0.360013 0.807914 -0.031104 -0.134540 -0.376223 -0.434018 0.012657 -0.074607 -0.357824 0.037082 -0.158778 0.012914 0.155533 -0.441163 -0.773122 0.105831 0.071288 -0.148255 -0.653474 0.633812 -0.533847 -0.325180 0.293012 -0.117180 0.244567 0.412996 -0.100651 0.431241 -0.150516 -0.737269 0.363988 0.114933 0.436139 0.321012 -0.695491 0.190942 -0.348750 -0.429101 -0.020460 -0.302944 -0.083918 -0.198120 -0.246826 0.232247 0.092371 -0.984426
go 0.421437 0.028941 0.062261 0.219586 -0.094995 0.110481 -0.047095 0.303158 -0.920701 -0.285771 0.647184 0.143354 -0.705165 -0.333621 -0.095261 -0.051388 0.372040 -0.505102 -0.564049 0.697108 -0.437485 -0.055603 0.040037 0.103280 0.032916 -0.641124 0.021652 -0.145109 -0.007653 0.612165 -0.185256 0.341800 0.181789 -0.284333 -0.099503 0.536031 -0.318669 -0.136864 -0.186416 -0.009906 -0.315774 -0.849688 -0.314068 -0.537098 -0.177760 0.834511 0.190269 -0.518482 -0.241984 -0.376500
years</w> -0.017197 -0.502981 0.374988 0.030623 -0.213727 0.529396 0.184710 0.128529 -0.931001 -0.346125 0.256418 0.685097 -0.272129 0.358857 0.337490 -0.414739 -0.983621 -1.020387 -0.095556 0.403925 0.098772 -0.154455 0.644873 0.212572 -0.559204 -0.250074 -0.366575 0.335582 -0.544343 0.384472 0.568817 0.033681 0.353731 -0.145105 0.375626 -0.299817 -0.419977 -0.111171 0.050786 0.552148 -0.521455 0.350380 0.198723 -0.586825 0.090208 0.789903 -0.699524 -0.270739 0.471645 -0.470949
iti 0.481610 -0.133932 0.075411 -0.059558 0.584434 0.011678 0.257642 0.463592 -0.464207 -0.140061 -0.483354 0.851460 -0.410591 -0.246786 0.534760 -0.089235 0.659363 -0.390290 -1.271055 0.705779 -0.193202 0.413318 -0.503777 0.124455 -0.304054 -0.758057 0.003995 0.503604 0.823047 0.267088 -0.198128 0.328403 0.814868 -0.457556 -0.116741 0.455490 -0.684648 -0.307161 -0.224768 0.233561 0.072547 -0.631947 0.345137 0.186432 -0.685808 0.718807 -0.574048 -0.000723 -0.037776 -0.214704
ats</w> 0.687394 -0.236437 -0.427947 0.181395 -0.370631 0.542784 0.167117 0.014801 -1.354643 -0.783469 0.301199 0.099804 0.182787 0.007649 0.188305 0.821079 -0.382899 -0.344360 -0.293434 0.190081 -0.026692 -0.489669 0.333258 0.199962 0.284178 -0.466506 -0.157652 -0.081464 0.404289 0.095051 0.100344 0.216975 0.295910 -0.449835 0.165515 -0.254166 -0.156989 0.068148 -0.430302 0.342905 -0.530211 0.253598 0.002684 -0.376315 -0.039806 0.534350 -0.406867 -0.466570 -0.287173 0.144865
sub -0.348694 -0.032327 0.132801 0.586997 0.239067 0.129656 0.016939 0.406497 -0.484109 0.196926 -0.362103 0.077060 -0.000214 -0.021018 0.157375 -0.000902 0.273016 0.080840 -1.553261 0.583379 -0.518995 -0.364880 -0.170653 0.164853 0.597769 -0.212707 -0.009206 0.086078 0.382755 0.486619 -0.133274 0.486725 -0.097367 -0.502761 -0.031132 -0.688223 -0.413103 -0.373081 0.406462 -0.651784 -0.380481 -0.095098 0.820596 -0.175094 0.160006 -0.335569 -0.309747 -0.574518 0.197298 0.063483
cont 0.313310 -0.356548 0.580430 0.541765 -0.189117 -0.156217 0.759649 -0.109658 -0.381495 0.544826 -0.050855 0.074480 -0.226397 0.090893 0.529367 -0.077265 0.076223 -0.309079 -1.059762 -0.089389 -0.452157 -0.750413 0.344649 0.359687 0.296201 -0.409336 -0.454169 0.611436 -0.478788 0.134532 -1.401144 0.723671 0.119199 -0.356705 0.213187 -0.686529 -0.091714 0.416378 -0.171601 -0.200581 0.408161 0.171444 0.585923 0.000537 -0.291574 -0.251578 -0.556038 0.011103 0.394832 -0.398947
att -0.228072 -0.593709 0.088846 0.170111 -0.458939 0.465605 0.973394 0.376660 -0.517993 -0.072956 -0.165135 0.293400 -0.304135 0.776661 0.145509 0.071914 0.151255 0.127624 -1.064969 -0.464962 -0.407183 -0.165021 -0.434991 -0.612609 -0.202142 -0.493732 0.211782 0.736633 0.021145 0.262950 -0.226677 1.006423 0.766534 -0.207056 0.621891 -0.526176 -0.327900 -0.453907 0.296958 -0.250871 0.306458 -0.017507 0.537378 -0.689558 -0.533048 -0.220853 -0.608375 -0.226680 0.178416 -0.190706
jo 0.432250 -0.511296 0.052036 0.250004 -0.117669 0.166588 0.532222 -0.033558 -0.395312 -0.372696 0.616811 0.315309 -0.234500 -0.489782 -0.387399 -0.698348 -0.054065 -0.498976 -0.409893 0.513217 0.377794 -0.017133 -0.524969 0.020515 -0.447917 -0.476480 0.205234 0.594066 -0.211075 0.180191 -0.138006 0.414539 0.634267 -0.452051 0.264334 -0.401327 -0.171162 -0.000306 -0.359504 -0.552070 -0.251228 -0.008522 0.159612 0.073544 -0.290323 0.510264 0.022969 -0.119199 0.246738 -0.442888
since</w> -0.000833 -0.192591 -0.005378 0.069177 -0.102762 0.273558 0.398972 -0.165988 -0.662848 0.111310 0.178279 0.637003 -0.388770 0.415902 -0.084134 -0.314200 -0.143003 -0.291026 0.048225 0.040060 0.234384 -0.122430 0.462298 0.187787 0.044394 -0.692807 -0.467075 -0.047229 0.119539 0.293518 0.186021 0.512359 -0.192668 0.063790 -0.003435 -0.192499 -0.110986 0.232002 -0.205895 -0.134533 -0.084288 0.104662 0.252424 -0.115104 -0.042575 0.580642 -0.099240 -0.021583 0.136509 -0.418189
thought</w> 0.126899 0.172817 0.192106 0.230098 -0.421669 0.514174 0.636738 -0.129960 -0.791050 -0.231578 0.409902 0.869507 -0.346459 0.336336 -0.109827 -0.055348 0.196923 -0.049447 -0.342346 0.433532 0.521139 -0.147957 0.316471 0.234982 -0.117037 -0.278320 -0.183254 -0.427659 0.358408 -0.119531 -0.138712 0.426769 -0.526453 0.098538 -0.499987 -0.000394 -0.435775 0.269115 -0.314420 0.265043 -0.413851 0.723736 0.199771 -0.220588 0.040239 0.311227 -0.141330 -0.199338 0.423578 -0.945720
tur 0.594578 -0.247886 -0.533542 0.760635 -0.993318 0.195778 -0.388920 -0.082079 -0.300576 0.010750 0.568302 0.261592 -0.724384 0.051158 0.476426 -0.295745 0.128307 -0.129694 -0.828122 0.049907 0.064798 -1.109414 -0.372243 0.138275 -0.467866 -0.273816 -0.511601 -0.286099 0.086337 0.553481 -0.509488 0.561255 0.630480 -0.482697 -0.562634 -0.322913 -0.423712 -0.313915 -0.594985 -0.305298 -0.115059 0.776822 0.545305 0.350752 -0.208627 0.096848 -0.262147 0.419356 -0.141711 -0.699810
je -0.297350 -0.346335 0.194699 0.396957 -0.116220 0.618406 0.750143 0.531579 -0.513902 -0.255355 -0.251035 0.050734 -0.674494 -0.305432 0.269113 -0.418756 -0.157463 -0.256128 -1.325705 0.761005 -0.172683 -0.512919 -0.720439 -0.329476 0.256314 0.055457 0.116006 -0.725698 1.007358 0.223344 -0.455372 0.799639 0.506035 -0.738565 0.220412 -0.335417 -0.188304 -0.224205 0.001385 -0.100002 -0.018226 0.079242 0.059557 -0.054603 0.161475 0.272228 -0.788462 0.549311 0.281508 -0.021928
ings</w> 0.342998 0.212036 0.510904 0.408257 0.063763 0.409857 0.267013 -0.347774 -0.361107 -0.324879 0.007853 0.324152 0.165122 0.375850 -0.159437 0.178236 0.024971 -0.075635 -0.652161 0.016926 -0.054376 0.278136 0.049328 0.483062 -0.005558 -0.868814 -0.467970 -0.498170 0.384400 0.023791 0.275708 -0.081767 0.130346 -0.055475 -0.454221 0.211971 -0.635828 -0.203224 -0.381055 0.426129 0.172194 0.246822 0.042413 -0.354122 -0.460436 0.568030 -0.153953 -0.198339 -0.113090 0.338574
self</w> -0.032478 0.112375 -0.074245 -0.096975 0.056890 0.022881 0.222086 -0.435521 -0.974627 -0.097887 -0.141632 0.333158 -0.119517 -0.744989 0.118066 -0.307075 -0.240916 0.066364 -0.281500 0.306856 -0.050328 -0.443000 -0.293649 0.753127 -0.410283 -0.647714 -0.057238 -0.540449 -0.075184 0.344584 -0.024727 -0.190873 0.385777 0.256234 -0.165661 -0.034942 -0.236289 -0.067452 -0.314438 0.770301 -0.144242 1.284712 0.035481 -0.515504 1.100560 0.272049 -0.580182 -0.225286 -0.012976 0.019131
tt 0.382811 0.313817 0.219962 -0.520855 -0.303366 0.268604 0.714555 0.130304 -0.366700 -0.516269 0.363512 0.268781 -0.386669 -0.036664 0.391726 0.182053 -0.110064 -0.343524 -0.997083 -0.003054 -0.326207 -0.609449 0.558324 -0.354387 0.055089 -0.740324 -0.649805 0.077524 -0.135406 0.878331 -0.243032 0.390306 0.625020 -0.146898 0.576937 0.154102 0.454922 0.413060 -0.481413 -0.229245 -0.434429 -0.677668 0.309846 -0.230474 -0.378565 0.335051 0.394465 0.146205 -0.186244 -0.549767
same</w> 0.253640 -0.325108 0.317229 0.443293 -0.254340 0.697344 0.098400 0.322177 -0.633244 -0.384989 -0.540846 0.259986 0.221217 0.337399 -0.081178 -0.285029 -0.187524 0.325759 -0.747832 0.418598 -0.734482 -0.084328 0.400190 0.745367 -0.074899 -0.266966 -0.481552 -0.092257 0.123769 0.188362 0.219483 -0.192000 -0.380017 0.200029 0.414761 -0.698762 -0.024337 -0.027996 -0.539602 -0.268247 -0.452117 0.041647 0.536268 -0.180396 0.014453 0.249594 0.134475 -0.313164 0.214993 -0.115920
ned</w> -0.081744 0.278412 0.047882 0.826560 -0.156434 0.088103 0.218686 -0.796265 -0.477358 0.207283 0.346656 -0.106161 -0.039050 -0.324596 -0.267663 0.353785 0.737847 -0.139412 -0.712007 0.194954 -0.463135 -0.566956 -0.029746 0.034547 0.554984 -0.529913 -0.669759 -0.175020 0.876073 0.340925 0.268045 -0.295735 0.190584 0.154888 -0.409399 -0.417687 -0.357113 0.060751 -0.165192 0.145120 0.293914 0.937246 -0.151014 -0.163717 0.324802 0.256106 0.488756 -0.020543 0.046176 -0.478734
comm -0.430358 0.212568 0.506156 0.372490 0.140552 0.436382 0.603574 -0.354384 -0.639030 0.560720 -0.167133 0.503794 -0.160338 0.143420 0.295178 -0.167478 -0.052453 -0.531940 -0.640488 0.924681 -0.343111 -0.013887 0.336178 0.381170 0.148421 -0.861065 -0.255205 -0.207094 -0.492067 0.507095 -0.500796 0.352570 0.205200 0.225839 -0.304316 0.280064 -0.410478 -0.670736 -0.408953 -0.375169 0.005077 0.109712 0.102318 -0.004991 -0.296867 -0.711701 -0.290549 0.430225 -0.066471 -0.588189
ces</w> 0.126092 0.353545 0.861863 0.205677 0.390607 -0.098072 0.692330 -0.944186 -0.553826 -0.063847 -0.299142 0.060366 0.085584 0.417260 -0.258984 -0.492937 0.177563 -0.664977 -0.487412 0.077247 -0.423267 -0.646184 0.214273 -0.087049 0.158150 -0.464581 -0.487711 0.426501 0.185453 -0.148385 0.362570 0.203388 0.829468 -0.201382 0.123606 -0.465189 -0.803613 -0.365165 -0.281366 0.308272 -0.429912 0.292017 0.040294 -0.269998 0.485432 0.246214 -0.351614 -0.306760 0.318554 0.278376
ell</w> 0.268550 0.044704 -0.191607 0.222501 -0.447718 0.011433 0.198231 -0.192681 -0.629818 -0.405827 0.594805 0.315883 -0.080766 0.625797 -0.173940 0.366564 0.572171 -0.212297 -0.302224 -0.069213 -0.347312 0.269100 -0.395049 0.496161 -0.443778 -0.723146 0.170193 -0.068096 0.264216 0.362430 -0.026396 -0.158222 -0.313722 -0.097329 -0.201750 -0.697784 -0.174946 0.004414 -0.091702 -0.040657 0.093054 0.743782 0.203028 -0.393604 -0.300453 0.744882 -0.147566 -0.560704 -0.484729 -0.213342
4</w> -0.057339 -0.376441 0.229103 0.039918 0.029084 0.617155 0.138565 -0.442377 -0.656513 -0.641643 0.276002 0.773559 -0.239141 0.129318 0.030817 -0.517985 -0.596691 -0.645294 -0.284163 0.101828 0.237316 -0.144022 0.178887 0.071709 -0.191662 -0.837113 0.212044 0.303998 -0.259798 0.196865 0.217681 -0.428160 0.202075 -0.204837 0.142039 -0.503104 -0.171969 -0.212123 0.436152 0.381621 -0.357527 0.346812 0.453569 -0.691726 0.346575 0.435335 -0.195620 -0.377787 0.203901 -0.062743
19 -0.504699 -0.894324 0.825123 0.396726 0.105204 0.530608 0.417413 0.050582 -1.007730 -0.857135 0.516633 0.943539 -0.653463 0.446697 0.082520 -1.300931 -0.895727 -0.403663 -0.507410 0.381770 -0.001967 -0.343194 0.360141 0.165494 -0.402635 -0.955303 0.137189 -0.216439 -0.341969 0.738268 0.187113 -0.170124 0.198606 -0.307715 0.278723 -0.479282 0.123178 -0.252523 0.147072 0.320974 -0.186681 -0.208657 -0.199320 -1.149788 -0.160695 0.472724 0.257174 -0.840817 0.810882 0.064097
lea 1.120716 -0.348767 -0.067780 0.448460 0.056782 0.259057 0.283726 0.617362 -0.713985 0.199013 0.247456 0.269129 -0.198718 -0.320664 0.202859 0.032176 0.653759 -0.264661 -0.285343 0.827741 0.480749 -0.064676 -0.709043 -0.153248 -0.669894 -0.404221 -0.081053 -0.276603 -0.565237 0.498789 0.047706 0.251192 0.461836 -0.448364 0.119763 0.126615 -0.617902 -0.029680 -0.381730 0.102996 -0.356718 0.153015 0.350255 -0.171467 -0.525630 0.718827 0.402682 -0.522046 0.184757 -0.269651
part</w> -0.077577 0.029848 0.459892 0.072642 -0.062676 0.445871 -0.100258 -0.053814 -0.701886 -0.672657 -0.027000 0.261879 -0.153457 0.022036 -0.267793 -0.713106 0.023377 -0.394096 -0.594737 0.364896 0.111787 -0.084681 -0.202731 0.083378 -0.690722 0.110197 -0.370312 0.139099 -0.193470 0.268900 0.092762 0.352056 -0.528996 -0.464078 -0.560442 -0.665099 -0.677772 -0.151009 -0.406324 -0.161454 -0.191073 0.530626 -0.230068 -0.641300 0.028719 0.130589 -0.050777 -0.190444 0.643485 -0.282770
take</w> 0.389257 0.185179 0.547070 0.315996 0.167724 0.294940 0.369608 0.114829 -0.484261 0.423571 0.309761 0.230705 -0.114455 0.185227 0.327326 -0.045490 0.239276 -0.197720 -0.646412 0.198652 0.363150 -0.105952 -0.117390 0.060133 0.397741 -0.218400 -0.390880 -0.393198 -0.228392 0.437572 -0.045198 0.165653 0.037347 -0.130489 -0.123370 -0.183773 -0.540530 -0.170781 0.254431 0.268084 -0.163069 0.629934 0.507062 -0.299022 0.042523 0.303113 0.259356 -0.599700 0.131305 -0.567344
another</w> 0.117688 0.000773 0.356336 0.343507 0.037119 0.642433 0.592556 0.000718 -0.089976 -0.335485 -0.102499 0.517127 -0.056646 0.098504 -0.027258 -0.034362 0.281894 0.344469 -0.001109 0.419062 -0.013771 0.047282 0.710421 0.232724 -0.121824 -0.551994 -0.176986 0.082421 -0.122302 0.291577 -0.048028 -0.010723 -0.008207 -0.402944 -0.418982 -0.556412 0.001643 0.142431 -0.056391 0.209264 -0.113774 0.322291 0.040145 0.067614 0.090702 0.177203 -0.093954 -0.159176 0.006084 -0.157033
to 0.097740 -0.316841 0.074292 0.115722 0.021819 0.091447 0.286874 -0.092636 -0.571975 -0.287577 0.436913 0.149450 -0.334642 -0.204487 -0.050088 -0.286195 0.099137 -0.073378 -0.400362 0.349410 0.499847 -0.500552 -0.594259 -0.147899 -0.183266 -0.975359 -0.501073 0.880554 0.283364 0.195735 -0.040531 -0.049551 -0.068519 -0.251217 0.481909 -0.107079 0.552660 -0.201295 0.052436 -0.648907 -0.175877 0.050903 -0.013741 -0.063268 -0.168249 0.368988 -0.307762 0.065885 -0.010136 -0.033897
though</w> 0.061570 0.071664 0.423323 -0.182611 -0.451512 0.576961 0.231743 0.115504 -0.803688 0.469827 -0.136701 0.569385 -0.330557 -0.070552 -0.064315 -0.441499 -0.084419 -0.478774 0.057683 0.247375 -0.265937 -0.244303 0.431903 0.512871 -0.314053 -0.694137 -0.065837 -0.494184 -0.183185 0.029973 0.262922 0.363381 -0.000142 -0.036098 -0.012250 -0.247591 -0.270775 0.434001 -0.932577 -0.289309 -0.167750 0.226664 0.296511 0.112322 0.108423 0.348325 -0.214774 -0.334691 0.288979 -0.068982
our 0.081599 -0.581861 -0.145822 -0.746141 -0.123873 0.338882 0.050370 0.095687 -0.353549 0.075235 0.149201 0.433716 -0.633579 -0.151107 0.405595 -0.145825 0.284593 0.214259 -0.592303 0.489104 -0.713205 -0.013084 -0.520867 -0.238960 -0.713559 -1.630750 0.496694 -0.007213 -0.012135 0.773902 0.510792 -0.396595 0.189902 -0.408626 -0.135398 -0.224998 -0.331473 -0.066536 -0.020615 0.389861 0.284279 -0.399371 0.319843 -0.714471 -0.823135 0.415445 0.094923 -0.331538 -0.650560 0.058224
give</w> 0.412275 0.242088 0.392708 0.667912 0.035854 0.446514 0.323055 0.167727 -0.611242 0.447111 0.491005 0.210625 -0.193295 0.176037 0.421930 -0.454540 0.146587 -0.317281 -0.403616 0.151002 0.812349 -0.219389 0.177255 0.181687 0.178177 -0.619820 -0.190147 -0.425140 -0.363802 0.693316 -0.102588 0.530891 -0.169349 0.243342 -0.000114 0.021141 -0.524627 -0.102022 0.087549 0.349981 0.072836 0.317539 0.349293 -0.450857 0.193518 0.205107 0.403538 -0.514829 0.101147 -0.707929
down</w> -0.030018 -0.339720 -0.296393 0.371385 -0.580293 0.399808 0.655719 -0.117189 -0.197265 -0.054656 0.394328 -0.113396 -0.309199 0.142695 0.435743 -0.034484 -0.210034 -0.047094 -0.260677 -0.280718 -0.115200 0.038933 0.006672 0.294862 0.046450 -0.554694 -0.089118 -0.016451 -0.073689 0.858049 -0.100357 -0.148665 0.296026 -0.236069 -0.072632 -0.350514 -0.500364 -0.448309 -0.249667 -0.162551 -0.190258 0.503108 0.500341 -0.529737 0.120679 0.211047 0.359715 -0.391318 0.135090 -0.426039
every</w> -0.119879 -0.203654 0.421096 0.565872 0.116408 0.449601 0.133192 0.128128 -0.381087 -0.519546 -0.056627 0.592406 -0.227199 0.133923 0.043734 -0.239197 0.025260 0.148128 -0.164966 0.038699 -0.152208 -0.097922 0.473582 -0.015520 -0.397852 -0.386546 -0.447849 0.104335 -0.247659 0.240022 0.237981 -0.047371 0.057903 -0.205573 -0.185826 -0.665174 0.039131 -0.058412 -0.097463 0.161891 -0.325558 0.193740 0.424429 0.063810 0.114956 0.121001 -0.238181 -0.207967 0.084374 -0.256327
sure</w> 0.286782 0.111325 0.079236 0.075136 -0.201369 0.798553 0.767157 0.296714 -0.014507 -0.364763 -0.124590 -0.180000 -0.048936 0.168034 -0.097382 -0.126817 0.606141 -0.270541 -0.559132 0.571624 0.574384 -0.412075 0.059766 0.405847 -0.153381 -0.471263 0.344837 -0.373101 -0.044496 0.348775 -0.143929 0.297665 -0.284380 -0.329562 -0.242316 -0.235839 -0.076327 0.585537 -0.517369 0.269190 -0.445329 0.978819 -0.102549 0.216721 -0.195257 0.390916 0.110616 -0.128474 0.173383 -0.511170
times</w> 0.050531 -0.143375 0.458203 0.050210 -0.307114 0.501122 0.107228 -0.230137 -0.917137 -0.109017 0.131546 0.419558 0.069614 0.403759 -0.024591 -0.174858 -0.045800 -0.626507 -0.220653 0.202981 -0.178254 0.036238 0.167647 0.308603 -0.164502 0.053988 -0.324134 0.186490 -0.379286 0.333937 0.391132 0.383019 0.147664 -0.404552 -0.063162 0.025151 -0.734160 -0.076535 -0.059832 0.525085 -0.367576 0.513813 0.536077 -0.461184 0.381331 0.240805 -0.422090 -0.592003 0.273764 -0.528846
oun -0.173755 0.353221 -0.247299 0.608965 -0.433680 0.862186 -0.255028 0.131940 -0.292456 0.047394 0.649696 -0.248559 0.068348 0.086840 0.747464 -1.020463 0.368238 0.053961 -0.975128 0.217975 -0.618064 0.021760 -0.247330 0.693047 -0.581656 -0.863958 -0.012157 -0.057807 0.172932 0.671684 0.086721 0.348535 0.705452 -0.083523 -0.277459 -0.209170 0.151842 0.239038 0.295280 0.311064 0.273061 -0.333063 0.653186 -0.797249 -0.165419 0.273276 -0.705027 -0.581668 -0.161498 0.890345
scenes</w> 0.316319 -0.180249 0.143241 0.095824 -0.345718 0.258663 0.050950 -0.059530 -0.738427 -0.176056 0.251291 0.092771 0.042161 0.474501 -0.152757 -0.261046 -0.111368 -0.197616 -0.408381 0.409507 -0.403437 -0.076734 -0.065499 0.239068 -0.285790 -0.014214 -0.536027 0.375401 0.161049 0.118591 0.135311 0.411676 0.358214 -0.680247 -0.276221 -0.294270 -0.352156 0.032917 -0.418667 -0.344341 -0.117748 0.077730 0.427086 -0.045407 0.424021 0.060316 -0.264537 -0.078876 0.625389 0.135009
pretty</w> 0.017856 0.117586 0.303105 -0.111727 -0.134219 0.425548 0.079778 -0.263202 -0.332723 -0.113018 -0.633356 0.319685 0.189864 -0.312824 -0.156147 -0.027835 0.771783 0.017125 0.019355 0.632362 0.324802 -0.168943 -0.417571 0.572309 -0.064575 -0.479176 0.365650 -0.254332 0.124717 0.511880 0.637750 0.757032 0.007499 0.003696 -0.292865 -0.855607 -0.340149 -0.003822 0.013534 -0.261125 0.051925 0.571406 0.200997 -0.045868 0.380931 -0.159979 -0.111401 -0.024764 -0.341833 -0.668452
flavor</w> 0.319724 0.001333 0.262810 0.095774 -0.311207 0.438319 0.108281 -0.224940 -0.503160 -0.089751 0.312419 0.479624 0.092167 -0.042179 -0.327947 -0.271644 0.090164 -0.173601 -0.493501 0.707215 -0.236610 0.039541 -0.091430 0.252630 -0.334529 -0.160583 0.072838 0.039027 -0.143429 0.088569 -0.178502 0.409996 0.216389 -0.231438 -0.104924 -0.401256 -0.574825 -0.088425 -0.184891 -0.488754 -0.140922 0.293423 0.118087 -0.308776 -0.140071 -0.041516 -0.476949 -0.313783 0.288376 -0.241247
ster 0.422403 0.205452 -0.308994 -0.751536 0.235862 -0.058644 -0.578696 -0.907494 -0.932250 -0.357178 -0.410090 0.352567 -0.154500 -0.174714 -0.366941 -0.491480 -0.552429 0.263310 -0.110647 0.244141 0.047903 -0.841572 -0.259291 0.347569 -1.340681 -1.243333 -0.499502 0.256165 -0.271002 0.413008 0.171271 -0.000262 0.352048 -0.709443 -0.402830 -0.645202 -0.322327 0.383763 -0.016857 0.057792 -0.190811 0.033826 -0.345799 -0.163678 0.489962 0.256457 -0.040315 0.451970 0.548556 -0.443409
et</w> 0.272851 -0.132079 0.145730 0.067628 -0.002853 0.258532 0.594217 -0.033668 -0.612375 0.054194 -0.491364 0.316564 0.100487 0.345826 0.281460 0.828397 -0.199551 0.252802 -0.901818 0.067447 0.311593 0.120767 -0.047604 0.265628 -0.243489 -0.902529 -0.307949 -0.263427 0.231772 -0.052581 -0.009633 -0.472455 0.161280 -0.145641 0.198351 -0.457426 -0.156070 0.176801 -0.536648 -0.288626 0.067313 0.156766 -0.511102 -0.289273 -0.306863 0.544768 -0.376639 0.246293 0.240573 0.316538
ore</w> -0.182408 -0.138501 -0.144051 0.359100 0.236867 0.615684 -0.180144 -0.341868 -0.996210 -0.305335 0.078758 0.399705 -0.027331 -0.260414 -0.054723 0.036176 -0.159077 0.127285 -0.630242 0.389855 -0.279934 0.540312 -0.230437 0.033570 0.055660 -0.387455 0.122447 -0.260423 0.857217 0.165495 -0.080486 0.078490 0.404001 -0.129427 -0.236277 -0.065594 0.085098 0.489694 -0.478393 -0.090774 -0.102357 0.346224 0.185223 -0.554994 -0.022642 0.638267 -0.082871 -0.196719 -0.148950 0.177299
ali 0.280058 -0.239582 0.561840 0.102089 0.817677 0.468855 0.268983 -0.158772 -0.076698 0.018503 -0.405802 0.328557 -0.326011 -0.781603 0.344584 -0.109257 0.152791 -0.031179 -1.006035 0.583379 -0.185450 0.251313 0.153156 0.131096 -0.328482 -1.156910 0.423708 0.005821 0.373506 -0.138147 -0.405029 0.452473 0.647457 -0.078601 0.356810 0.069805 -0.624693 -0.030042 -0.023297 0.059732 -0.044113 -0.601497 -0.346543 -0.281987 -0.580027 0.153287 0.158781 -0.095458 0.047406 -0.406819
sm 0.667063 -0.191093 0.356560 0.041649 -0.799811 0.414060 0.156608 -0.438974 -0.625212 0.633648 0.401170 0.296718 -0.110273 0.435637 -0.144979 0.712656 0.011783 -0.025053 -0.306968 0.202561 0.111489 -0.013132 -0.154320 0.378174 -0.487230 -0.393344 0.085692 0.328379 -0.264859 0.414185 -0.209150 0.421345 0.388945 0.100798 -0.210612 -0.506603 0.146379 -0.428313 -0.082168 -0.292724 0.204991 0.233364 0.235411 -0.668119 -0.818421 0.031012 0.406383 0.408688 -0.154689 -0.812833
nothing</w> 0.118073 -0.470440 0.549913 0.249659 -0.124443 0.241549 0.263944 -0.142082 -0.151307 0.086382 0.028530 0.277113 0.076632 0.256650 -0.198176 0.346917 0.529202 0.324003 -0.022566 0.753179 -0.149946 -0.004447 0.171682 0.408124 -0.183831 -0.434403 -0.146903 -0.295223 -0.400096 0.522660 0.076417 0.502141 0.026302 -0.228533 -0.422111 -0.479148 -0.497858 -0.026016 -0.410978 0.301268 -0.015931 0.750809 0.132871 -0.157451 0.587775 -0.078248 -0.396165 -0.143816 0.462820 -0.473033
long</w> -0.042652 -0.221889 0.105155 0.180948 -0.299486 0.448123 -0.047276 -0.177337 -0.775768 -0.278227 -0.365740 0.331628 -0.124276 -0.358551 0.017432 -0.162673 -0.063131 -0.173429 -0.503459 0.301944 -0.048074 0.244399 0.350496 0.338849 -0.291782 0.009822 0.017922 0.057369 -0.208766 0.194997 0.862943 0.299416 0.050094 0.149031 0.135062 -0.607837 0.015737 -0.496728 -0.129386 0.027821 -0.436077 0.597264 0.242593 -0.472304 0.219791 -0.043721 -0.107450 -0.550507 0.061307 -0.834842
col 0.047198 0.016519 0.169160 0.140664 -0.507302 0.481992 0.413218 -0.078773 -0.572626 0.000968 0.122883 0.227048 0.000234 0.545731 -0.068903 -0.314037 0.095188 -0.352560 -1.007862 0.506161 -0.149852 -0.332729 0.266971 0.199316 0.050484 0.037066 -0.348907 0.298667 0.171492 0.446885 -0.286543 0.223307 0.483208 -0.183781 0.088438 -0.314636 -0.023300 -0.468853 0.722730 -0.548746 -0.070540 -0.687973 -0.297455 -0.633247 -0.059039 -0.024963 -0.201972 -0.318434 0.179203 -0.363302
without</w> 0.113227 0.190288 0.022797 -0.173981 -0.005681 0.375038 0.138916 0.231771 -0.325681 0.043527 -0.501583 0.196250 0.144307 -0.132556 0.046930 -0.142924 0.108751 0.243088 -0.416374 0.291474 -0.083558 -0.247982 -0.229857 0.118887 -0.238571 -0.190151 -0.274196 0.114394 0.298603 0.315315 0.447348 0.534316 0.370551 0.144599 -0.066418 -0.256475 -0.494702 -0.044838 -0.374820 -0.123410 0.009613 0.272701 0.783026 -0.338129 0.114880 0.379211 0.183506 -0.094170 -0.031004 -0.312921
watching</w> 0.385259 -0.079753 0.136580 0.666012 -0.118461 0.627579 0.339593 0.208544 -0.356915 -0.143856 -0.167962 0.351600 0.201236 0.073517 0.176274 -0.492442 -0.085992 -0.202684 -0.221423 0.149409 -0.054928 0.086460 0.350386 0.348975 -0.056290 -0.800183 -0.117706 -0.154853 -0.001669 0.328148 -0.031549 0.223300 -0.480466 0.034532 -0.160411 -0.280442 -0.434224 -0.419536 -0.319953 -0.027732 -0.538306 0.298360 0.138881 -0.261235 -0.074021 0.063708 0.056042 -0.308725 -0.024499 -0.321343
act 0.146266 -0.207332 0.586518 0.215020 -0.308712 -0.175420 0.320912 -0.146149 -0.933862 -0.361946 -0.439712 -0.656877 -0.011343 0.150758 -0.441174 0.468934 0.480615 0.725536 -1.210755 0.437710 0.059156 0.249490 -0.138949 0.699445 -0.883293 -0.261616 0.089902 0.308256 0.507338 -0.227561 -0.980823 0.827102 0.567980 -0.331011 -0.039463 -0.453095 -0.224552 -0.034437 -0.313792 -0.078315 0.751193 -0.002185 0.953281 -0.140509 0.314731 -0.458857 -0.657942 -0.304834 -0.305478 -0.048666
ously</w> 0.219039 0.784245 0.607916 -0.174227 -0.197429 -0.043434 0.768648 -0.548782 -0.517417 0.579529 -0.256766 0.352676 0.188114 0.062233 -0.664025 0.436115 0.342173 0.421471 -0.687842 0.415114 -0.056381 -0.238266 -0.211772 0.313870 -0.465956 -0.813973 -0.050820 0.053663 0.484302 -0.539387 0.117947 0.146928 0.012333 -0.270153 0.150733 -0.672281 -0.245390 0.319359 -0.270843 0.076015 0.171335 0.338658 -0.233282 0.604663 0.354147 0.754404 -0.703312 0.178873 -0.422041 -0.786177
ici 0.398504 0.090734 0.140330 -0.011786 0.367308 0.133547 0.141238 -0.880159 -0.816274 0.582848 -0.090793 0.337054 -0.329737 -0.301799 -0.155930 -0.072716 0.732970 0.062098 -1.304270 0.848677 0.550505 0.648770 -0.512664 0.128358 -0.932315 -0.711101 0.692698 0.039819 0.490051 -0.276588 -0.333278 -0.188005 0.695380 -0.824218 -0.222746 -0.346744 -0.683540 -0.456426 0.050540 -0.528047 0.442167 0.176804 0.243442 0.447034 0.310204 0.216298 -0.700850 0.776305 -0.279414 0.138677
ze</w> 0.278683 0.508154 0.569133 -0.023271 -0.170451 0.276804 0.520947 -0.328879 -0.483368 -0.185930 0.414675 0.216495 0.330101 0.534151 -0.196825 0.175547 -0.473589 -0.130530 -0.802586 0.017724 -0.238994 -0.411496 -0.545360 0.008942 -0.114611 -0.750825 -0.204108 0.132905 0.072296 0.229265 0.360340 -0.045791 -0.378288 -0.314634 -0.130159 -0.433741 -0.176686 0.349340 -0.277448 0.307001 -0.408530 -0.206356 -0.311891 0.193582 0.108778 0.537460 0.296368 0.217470 0.298317 0.070496
ack 0.193435 0.137822 -0.476678 -0.405003 0.096297 0.573156 -0.188866 -0.083978 -0.333887 -0.003615 0.092787 0.393625 -0.457423 0.738933 -0.192427 0.050557 0.081226 0.165992 -0.410210 -0.200826 0.060472 -0.247205 -0.586403 0.363031 -0.812506 -1.190738 0.159040 0.118088 0.243855 0.825545 0.082644 0.250553 0.434679 -0.690039 -0.238982 -0.140608 0.231217 0.108486 -0.021692 0.116502 0.101424 -0.362953 0.382017 -0.382643 -0.455387 0.415916 -0.330312 -0.293877 -0.387437 -0.118250
ce</w> -0.031272 0.099967 1.019639 0.189156 0.059168 -0.357550 0.775175 -0.403808 -0.526917 -0.291722 0.022992 -0.064448 0.088886 0.356387 0.102606 -0.276057 0.306443 -0.493706 -0.302033 -0.141754 0.098443 -0.350770 -0.085906 -0.139037 0.256523 -0.942236 -0.115204 0.056440 0.963800 0.196483 0.023315 0.054361 0.129126 -0.310329 0.010090 -0.753865 -0.162804 -0.213051 -0.151777 0.444078 -0.101887 -0.064244 -0.077836 -0.423936 -0.313034 0.605492 -0.139905 0.067097 -0.043633 0.331076
pp 0.284414 0.631354 0.107818 -0.509980 -0.416705 -0.242803 0.100736 0.088968 -0.328273 -0.491770 0.376450 -0.200587 -0.451736 0.322471 0.007465 0.263720 -0.211691 0.049235 -0.671224 -0.241326 0.749288 -0.627406 -0.357927 0.269583 -0.985175 -0.812805 -0.317253 0.142290 -0.194807 0.638586 -0.748999 0.043761 0.131209 -0.328880 -0.049582 -0.974086 -0.009732 0.152629 -0.287664 -0.326401 0.101779 0.083947 0.159322 -0.346704 -0.383941 0.478177 -0.506023 0.578705 0.008681 -0.525691
ick 0.977106 0.068614 -0.749256 0.072432 -0.436010 0.248582 -0.319587 -0.062957 -0.274795 -0.301703 0.391152 -0.035319 -0.379244 -0.041212 -0.222613 0.628916 0.644290 0.214286 -0.827067 0.762911 0.533555 -0.287427 -0.425488 0.651736 -0.765774 -1.040638 -0.005059 -0.113835 0.110268 0.558172 -0.030872 0.378441 1.132297 -0.153057 -0.224735 -0.159308 0.468162 0.047075 -0.575350 -0.579357 0.041085 0.245113 0.085276 0.138820 -0.446346 0.219681 -0.284322 -0.773601 -0.090483 0.007538
3 -0.132837 -0.836234 0.384063 0.350485 0.181554 0.597526 0.048479 -0.190762 -0.924297 -1.020915 0.237356 0.628951 -0.514093 -0.062348 0.054331 -0.765069 -0.221181 -0.536462 -0.789679 0.128198 -0.304524 -0.485578 0.104499 0.265095 -0.328842 -0.949936 0.500528 -0.113075 -0.325709 0.627602 0.504632 -0.132067 0.389171 -0.281989 0.328274 -0.402202 0.251327 -0.453832 0.787812 0.428594 -0.568294 -0.070104 0.165191 -0.700457 0.048447 0.613866 -0.405628 -1.052907 0.189343 0.244791
10</w> -0.396484 -0.238989 0.513923 0.219956 -0.191492 0.313187 0.276315 -0.724558 -0.691177 -0.582679 0.385460 0.662931 -0.145209 0.114160 0.006271 -0.566503 -0.568197 -0.798335 -0.280322 0.267884 0.174957 -0.086210 0.270747 0.160434 -0.345203 -0.758892 0.197834 0.368814 -0.281102 0.278349 0.145592 -0.498317 0.165063 -0.467420 -0.238304 -0.553530 -0.608179 0.019940 0.541005 0.668880 -0.466941 0.656697 0.374227 -0.986813 0.617889 0.498612 -0.421361 -0.350861 0.157485 -0.035071
side</w> -0.496071 -0.432797 0.478498 -0.250651 0.134262 0.177268 0.227846 -0.127366 -0.684244 -0.013917 0.237849 0.100621 -0.381911 0.126340 -0.247718 -0.355932 -0.268599 -0.304853 -0.736020 -0.407063 -0.455945 -0.384590 -0.347271 0.062665 -0.303918 -0.497545 -0.380164 0.256055 0.122173 0.191901 -0.487150 -0.041703 -0.291483 -0.253083 -0.171068 -0.505110 -0.509986 -0.046860 -0.399155 -0.125896 0.181052 0.621064 0.058530 -0.388109 -0.158976 -0.017364 -0.079107 -0.067756 0.752591 -0.430191
ner</w> -0.233753 0.179886 0.215889 -0.117847 0.009828 0.443058 0.080859 -0.390436 -0.804305 0.400011 0.719368 0.423911 -0.179682 -0.147648 -0.489084 0.379979 0.134685 0.063078 -0.703517 0.058009 -0.827367 0.217482 -0.073135 -0.234507 0.156172 -0.673885 -0.491370 -0.112035 0.539736 0.301496 -0.148553 -0.668397 0.081992 -0.366136 -0.557643 -0.332065 -0.065800 0.138289 -0.069427 -0.033658 0.152678 0.386988 0.001673 -0.273856 -0.075460 0.265872 -0.035648 -0.036494 0.025536 -0.481403
ba 0.130646 -0.506219 0.052451 0.003103 -0.430913 0.561646 0.277345 -0.209050 -0.361821 0.089252 0.882819 0.124461 -0.816409 -0.122559 -0.208984 -0.455630 -0.060901 0.203345 -0.326871 0.096548 -0.044501 0.079228 -0.414170 0.683636 -0.368193 -1.113223 0.008906 -0.084064 0.087864 0.545654 0.266606 0.035223 -0.247910 -0.046388 0.626520 -0.337685 -0.094781 -0.435617 -0.011629 -0.631809 -0.323109 0.174761 -0.175815 -0.263974 -0.392840 0.234204 -0.001365 -0.269316 0.029538 -0.301670
enough</w> 0.123863 0.029392 0.404274 0.138280 -0.370250 0.488180 0.136233 0.214862 -0.192553 0.021553 0.007351 0.092911 0.091848 0.012775 0.162959 0.185608 0.498545 -0.161755 -0.442694 0.515679 -0.149334 0.174472 0.151794 0.464342 -0.219882 -0.482959 -0.155339 -0.228966 -0.232387 0.407308 0.051733 0.712251 0.080844 -0.393772 -0.027943 -0.347571 -0.096295 0.171641 -0.121137 0.020032 0.160728 0.562980 -0.412105 0.063501 0.444347 -0.263430 -0.070398 -0.417502 0.130669 -0.511135
mat 0.174250 0.628824 0.671954 -0.111669 -0.002752 0.425224 0.385595 -0.149440 -0.363654 0.384403 0.307426 0.032467 0.233376 0.150753 -0.184011 -0.547921 0.006269 0.013889 -0.918404 1.008432 0.257609 -0.253646 0.123207 0.143048 -0.136322 -0.214943 -0.098494 -0.359873 0.374742 0.222103 -0.343931 0.895295 0.254327 -0.817192 -0.203813 -0.244980 0.023540 -0.397877 0.285570 -0.058094 0.450067 -0.495016 0.130135 -0.388970 -0.331828 -0.055324 -0.160443 -0.195755 -0.094724 0.047160
ir</w> -0.312092 0.605831 0.057037 -0.280211 -0.183551 0.560290 0.222657 0.206007 -0.486796 -0.461075 -0.050369 -0.426138 0.067590 -0.589789 -0.120035 0.156480 0.224347 -0.338334 -0.802359 -0.138119 0.060255 0.135130 -0.294946 0.032197 -0.687895 -1.116085 0.162355 0.407151 0.199576 0.122114 0.102772 0.019972 -0.425055 -0.318044 -0.186142 -0.508228 -0.460273 -0.394760 -0.167114 -0.375894 -0.244211 1.102520 -0.600296 -0.354228 -0.285164 0.398257 -0.138845 -0.268999 0.284155 -0.405568
around</w> 0.307035 -0.190908 0.016350 0.147737 -0.247820 0.369303 0.289980 0.232611 -0.324926 -0.027120 -0.175627 0.177447 -0.407755 -0.160760 0.234211 -0.097060 -0.077306 -0.024024 -0.417527 -0.073535 -0.036292 -0.178794 0.043807 -0.126275 0.132236 -0.491363 -0.444575 0.163847 -0.161525 0.411460 0.378329 0.104106 0.380375 -0.192598 0.404960 -0.347997 -0.253928 -0.779508 -0.242507 0.100904 0.138564 0.508595 0.426842 -0.264205 -0.071582 0.098427 0.374528 -0.313915 -0.028631 -0.436621
stu -0.243398 0.066492 -0.139141 0.811676 0.068003 0.034714 0.262577 0.295031 -1.498141 -0.128574 0.079596 0.371178 -0.420677 0.337549 0.387395 -0.403111 0.403168 -0.185415 -0.675181 0.123554 0.104264 0.172779 -0.313860 0.795409 -0.387250 -0.837860 -0.104650 -0.022067 -0.468983 0.252347 -0.740770 0.047971 0.019094 -0.179492 0.313707 -0.115530 -0.095543 -0.388039 0.299795 0.307459 -0.434250 -0.319577 -0.266429 -0.306373 -0.166110 -0.331720 0.033635 0.227855 -0.035832 -0.391404
ble</w> -0.268757 0.517599 0.530248 -0.006230 0.194122 0.606398 0.159838 -0.005688 -0.258873 0.063030 -0.334064 -0.186866 -0.159661 0.253423 0.174760 0.246090 -0.179920 -0.012670 -1.076897 -0.119308 -0.116373 -0.353508 0.228939 0.058120 -0.266246 -1.158506 0.374189 0.383915 0.461169 0.123897 0.083082 -0.284379 0.341127 -0.041447 0.075784 -0.369686 0.289641 0.115566 -0.096157 -0.055770 -0.243648 0.292597 -0.427177 0.382721 -0.091702 0.230455 -0.340553 0.101554 -0.163539 -0.049101
ors</w> -0.063623 0.139652 0.065579 -0.098582 0.122681 0.217631 0.186477 -0.311285 -0.413043 0.046139 0.254139 0.857026 0.198950 0.513421 -0.619487 0.309640 -0.169500 -0.355901 -0.968498 0.191734 -0.383315 -0.072024 0.193138 0.604032 -0.295310 -0.588787 -0.661058 0.440338 0.378771 -0.011988 0.151018 0.206294 0.634563 -0.143768 -0.300704 -0.268130 -0.534285 -0.205594 -0.302563 0.411024 -0.140639 0.140447 0.169169 -0.081412 0.350305 0.369643 -0.250404 -0.340729 -0.676934 0.578697
away</w> 0.161254 -0.516597 0.004443 0.512495 -0.677399 0.809069 0.408581 0.118432 -0.233748 -0.188478 0.412323 -0.039902 0.008916 0.038636 -0.033931 0.063610 0.007493 -0.295623 -0.141352 -0.158037 -0.159773 -0.360533 0.029841 0.013505 -0.170321 -0.565883 -0.405189 0.088099 -0.081559 0.560063 0.338742 -0.145456 0.363135 -0.168348 0.102345 -0.253467 -0.380432 -0.317042 -0.399687 -0.013352 -0.174389 0.515238 0.498805 -0.122952 0.017762 0.027439 0.203864 -0.436755 0.373317 -0.322035
produc 0.121647 -0.366184 0.075482 0.033427 -0.665114 0.364788 0.202024 0.136422 -0.698494 -0.453382 0.413992 0.505080 -0.228758 0.196591 0.613356 -0.711283 -0.401705 0.072680 -0.371191 0.373263 0.038423 -0.268635 -0.041759 0.342417 -0.575735 -0.282738 -0.283537 0.088274 -0.023451 0.295836 -0.506045 0.233021 0.117178 -0.448479 0.067280 -0.570471 -0.745163 0.238442 -0.732202 -0.407182 0.213184 -0.114502 0.414715 -0.053578 0.455059 -0.027336 -0.695874 -0.288045 0.327152 0.165169
hi 0.555224 0.050172 0.227328 0.360137 0.098937 0.027435 -0.380211 0.109620 -0.626411 -0.038108 -0.111670 0.573424 -0.581242 0.037992 0.159317 -0.466607 0.601068 0.313280 -0.158480 0.179403 0.307409 0.127774 -0.136736 0.353062 -0.766347 -0.353807 -0.245128 0.248819 0.239500 0.352449 -0.017703 0.120924 0.128394 -1.011923 0.197058 -0.789614 0.041429 0.129045 -0.240026 -0.598812 0.021203 -0.098069 -0.318200 -0.395148 -0.164683 -0.030013 -0.078472 -0.148397 -0.017053 0.071750
come</w> -0.348155 -0.256334 0.781656 0.541398 -0.331981 0.126454 0.716210 0.056726 -0.533812 0.105582 0.477544 0.045036 -0.235543 0.562536 0.345133 0.340273 0.250867 0.033450 -0.078221 0.217125 0.188444 -0.029698 0.209073 0.152071 0.157813 -0.110659 -0.544859 -0.207678 0.135917 0.436137 -0.226370 0.204542 0.442585 -0.070018 0.174412 -0.062129 -0.110816 -0.281105 -0.405788 0.138887 -0.003983 0.756941 0.353029 -0.409990 -0.081442 0.344661 0.104950 -0.186087 0.070227 -0.796456
makes</w> 0.588074 0.166686 0.200650 0.349233 -0.042622 0.554503 0.047631 -0.034478 -0.370571 0.047385 -0.079761 0.393095 -0.107602 0.181701 -0.084933 -0.250065 0.158094 -0.013909 -0.328442 0.014186 0.621890 -0.315091 -0.164217 0.067586 -0.164203 -0.458791 0.003699 0.197798 -0.118953 0.181136 0.295146 0.619576 -0.179976 0.079593 -0.362381 -0.532997 -0.489154 -0.264971 -0.599353 0.205110 0.242421 0.356011 0.542576 0.140067 -0.099539 0.296429 0.258637 -0.389693 0.406081 -0.268021
af 0.196470 0.216573 -0.036587 -0.119184 -0.043033 0.720872 0.111503 -0.008512 -0.555564 -0.034210 -0.066468 -0.355930 0.190798 -0.259201 -0.024019 -0.406321 0.545471 0.538856 -0.535722 0.495653 -0.134644 0.091064 -0.061797 0.275080 -0.460451 -0.722207 0.082076 0.017342 1.037759 0.398539 -0.217535 0.670761 -0.218821 0.271302 0.361583 -0.511773 0.286587 0.143918 0.265797 -0.122121 0.341539 0.183739 0.130526 -0.348725 0.042511 -0.411741 -0.004748 -0.152700 -0.206650 -0.174976
cha 0.158270 0.340074 0.568719 -0.348089 0.391672 0.218162 0.711445 0.145506 -0.059585 -0.169183 -0.150176 0.501163 -0.266436 -0.120998 0.141833 -0.519751 0.038914 0.566583 -0.095186 0.528399 0.465461 0.347765 -0.391238 0.226744 -0.303723 -1.258156 -0.392446 1.142150 -0.181720 0.651689 -0.521166 0.122899 -0.548007 -0.493300 -0.102515 -0.153033 -0.164458 0.008584 -0.214413 -0.671051 -0.348920 0.333712 0.053379 0.097241 -0.372920 0.621221 0.238277 0.038547 0.393119 -0.816991
cra 0.852376 -0.745631 -0.124319 0.461864 -0.064862 -0.075846 0.113246 0.033007 -0.462690 -0.559715 0.580966 0.332468 -0.260172 -0.106533 0.031448 -0.472594 0.422280 -0.225076 -0.271572 0.698401 0.104859 0.113634 -1.064547 0.576810 -0.529572 -0.656447 -0.118283 0.126534 0.022471 -0.168192 -0.149846 -0.197639 0.107357 -0.148768 0.516016 -0.636561 -0.057948 0.103781 -0.246451 -0.211736 -0.017103 0.431137 0.235536 -0.065099 -0.092377 -0.047030 0.197468 0.140858 0.108246 -0.776722
r</w> -0.377091 0.377108 -0.038971 -0.056752 0.423344 0.690655 0.665244 -0.406724 -0.586942 -0.459906 0.515088 0.248491 0.198064 -0.047372 -0.305785 -0.529268 0.357244 -0.353913 -0.698724 0.104947 -0.117306 0.010700 0.285860 -0.145708 -0.531015 -1.529481 0.420259 -0.164427 -0.013079 -0.106297 0.100850 -0.307000 0.344817 -0.066712 0.029722 0.031600 0.228624 -0.141731 0.236986 0.127310 -0.163210 -0.169331 -0.124932 -0.314108 0.027879 1.046232 -0.520654 -0.480863 -0.419555 -0.205964
ang 0.403348 0.148435 -0.353585 -0.003093 -0.184789 0.314519 0.408017 -0.407230 -1.156893 -0.181994 0.382955 0.312311 -0.312165 0.461341 -0.360611 -0.518544 0.607377 -0.299488 -0.275538 -0.120478 -0.185777 0.436480 -0.052975 0.251423 -1.079681 -1.023348 -0.151381 -0.533234 0.275277 0.325963 -0.621458 0.017363 0.394247 -0.252731 -0.017665 0.224068 -0.095699 -0.620762 -0.154983 -0.003864 0.626508 -0.302861 0.065135 -0.281925 -0.463046 0.038920 -0.503969 -0.183106 -0.642895 -0.251846
da 0.158686 0.005395 -0.268701 0.243752 0.307755 0.243975 0.336632 0.217765 -0.485399 -0.138072 0.436412 0.332697 -0.355011 -0.176758 -0.320264 -0.231835 0.261538 0.178646 -0.566760 0.539942 0.354945 0.206959 -0.277839 0.205022 -0.609492 -1.040477 -0.177489 0.396860 -0.256051 0.211681 0.236743 -0.433693 0.252005 -0.136497 -0.080512 0.050113 0.041110 0.043033 0.170183 -0.129103 0.108486 -0.356399 -0.330151 -0.038464 -0.160011 0.602349 0.029369 0.291531 0.051976 -0.851674
found</w> 0.049220 0.039534 -0.150249 0.495451 -0.237605 0.445016 0.691125 0.085466 -0.642886 -0.283651 0.362727 0.572629 -0.210376 0.049193 0.003701 -0.265844 0.117378 -0.272020 -0.283687 0.327036 0.874035 -0.475643 0.167117 0.136697 -0.060345 -0.347410 -0.256532 -0.097894 0.428795 0.432456 -0.014404 0.499779 -0.212296 0.278498 -0.348058 0.031012 -0.466218 0.199479 -0.735721 0.257692 -0.247072 0.649499 0.283833 -0.295000 -0.051530 0.309946 0.178898 -0.394866 0.188721 -0.711464
however</w> -0.038717 0.095219 0.173075 -0.402502 -0.409323 0.951313 0.294455 -0.106208 -0.893469 0.034530 0.358744 0.508124 -0.316194 0.023360 0.061113 -0.223291 0.349632 -0.674368 0.207474 0.674146 -0.045154 -0.482087 0.647326 0.452834 -0.590506 -0.965328 0.048819 -0.260340 -0.340620 -0.254352 0.200693 0.236862 0.416143 -0.293870 -0.349374 -0.186511 -0.701250 0.328095 -0.908677 -0.517488 0.292889 0.348275 0.604383 -0.083630 0.425473 0.682698 -0.177055 -0.392129 0.265560 -0.292496
some -0.066531 -0.180197 -0.033042 -0.123492 -0.196791 0.809066 0.305141 -0.142950 -0.629005 -0.328100 -0.132683 0.120365 -0.044014 0.506587 -0.574643 0.241350 0.093920 0.258835 -0.065746 0.277583 0.157249 -0.172302 0.116961 -0.071775 -0.312195 -0.371292 -0.155518 0.306595 -0.626509 0.451073 0.540116 0.383199 0.099456 -0.579419 -0.692275 -0.372088 -0.238251 -0.159587 -0.266030 0.310588 0.022572 0.193793 0.720255 0.057194 1.006079 0.372998 -0.172154 -0.671668 0.349148 -0.603412
ars</w> 0.087884 -0.068905 -0.485401 0.346703 0.048114 0.514693 0.534275 0.350462 -0.574310 0.062844 0.090712 0.156706 0.218158 0.627914 0.056224 0.288858 -0.191688 -0.019036 -0.771117 -0.248014 -0.341853 -0.098019 0.097971 0.222096 -0.157650 -0.359566 -0.069643 -0.020686 0.656754 0.486297 0.553250 0.291601 0.414607 -0.330624 0.257915 -0.051456 -0.255903 0.248210 -0.500957 0.090594 -0.523876 0.058646 0.025596 -0.692153 0.216256 0.626478 -0.144980 -0.274470 0.159820 0.042058
tast 0.544962 0.016659 0.088191 0.106114 -0.189519 -0.154057 0.436406 -0.513255 -0.670812 -0.344918 0.172951 0.524590 -0.104275 -0.298991 -0.575167 -0.297985 -0.003940 -0.003746 0.159197 0.573052 0.327852 -0.249108 0.388527 0.968984 -1.035117 -0.239945 -0.230660 0.069564 0.185470 0.331480 -0.157827 1.267123 0.347284 -0.270174 -0.639062 -0.378028 -0.053486 -0.570536 -0.713912 -0.214429 0.193570 -0.082022 0.255509 -0.386227 0.619923 -0.447798 -0.800911 -0.292331 -0.048991 -0.648935
ess</w> 0.111859 -0.113512 1.111405 -0.153005 0.301600 0.216112 0.451170 -0.866490 -0.339732 0.099359 0.294352 0.697978 -0.315496 -0.291305 -0.301844 0.083094 0.257241 -0.064689 -0.179254 0.057181 -0.310437 -0.168075 0.196346 -0.286088 -0.264596 -0.768835 -0.354627 -0.105621 1.180768 -0.146263 0.226494 0.348202 0.200762 -0.445241 -0.329525 -0.523623 -0.618472 -0.154594 -0.108461 -0.203449 -0.058297 0.608008 -0.339733 -0.396764 -1.029095 0.627068 -0.323856 -0.276310 0.148012 0.109130
let</w> 0.131490 -0.313033 0.282629 0.381817 -0.519074 0.582019 0.695416 0.003648 -0.208554 0.120281 0.011847 0.123373 0.059009 0.309101 0.356512 -0.019728 0.750714 -0.168877 -0.102589 -0.243500 0.492842 -0.482773 -0.237982 0.179631 0.193681 -0.958430 0.145796 -0.761601 -0.265135 0.290512 -0.079840 -0.080280 0.143151 -0.277150 -0.245475 -0.320841 -0.208660 0.060056 0.229360 0.289320 0.027828 0.347171 0.390779 -0.390187 -0.170981 0.509941 0.261736 -0.352241 0.414983 -0.810299
things</w> 0.309061 -0.200204 0.213451 0.383888 -0.422156 0.387335 0.040953 0.291257 -0.521241 0.094924 0.082121 0.384602 0.057368 0.191189 -0.221802 -0.018451 0.355021 -0.380830 -0.126560 0.478181 -0.107194 -0.579623 -0.052909 0.217697 -0.116566 -0.171500 -0.560441 0.017522 -0.443649 0.481622 0.474830 0.519895 0.188001 -0.657558 -0.224840 -0.213162 -0.630129 -0.145187 -0.172413 0.351484 -0.373640 0.492769 0.362540 -0.369872 0.399005 0.136016 -0.227144 -0.097111 0.322793 -0.077151
whole</w> 0.447747 0.053813 0.387379 0.330058 -0.005504 0.399333 -0.213081 0.245389 -0.434318 -0.599966 -0.442951 0.688104 0.046494 0.138187 -0.013776 -0.459195 -0.086413 0.257395 -0.585953 0.515969 -0.351048 -0.073307 0.592747 0.411230 0.191744 -0.506260 -0.230327 -0.006666 -0.138012 0.335588 0.183051 -0.025798 -0.235701 0.036893 -0.151738 -0.785244 -0.044952 -0.114650 -0.350308 -0.031289 -0.144796 0.331814 0.317503 -0.876518 0.047573 0.169314 0.539848 -0.077423 -0.080791 0.027598
anything</w> 0.401589 -0.203419 0.191937 0.536104 -0.166997 0.283328 0.551746 0.077595 -0.240109 -0.022284 -0.063203 0.127786 0.463870 -0.007126 -0.214536 0.160899 0.593345 0.228096 -0.192847 0.701755 -0.259759 -0.000332 0.074246 -0.103512 -0.077702 -0.697059 -0.001717 -0.023863 -0.283939 0.511989 0.270407 0.355472 -0.047785 -0.507239 -0.321026 0.062683 -0.033024 -0.224519 -0.398988 0.523191 -0.127439 0.393486 0.196024 -0.038348 0.823277 -0.010202 -0.158912 -0.323119 0.401104 -0.141278
des</w> 0.450949 0.438932 0.348529 0.238650 0.096528 0.171942 0.210859 0.048646 -0.736034 0.337154 -0.575546 0.450534 0.243516 0.726243 0.297236 0.856224 -0.375044 -0.139884 -0.832011 -0.183766 0.002025 -0.313650 -0.272302 0.251052 -0.194890 -0.397563 -0.174755 0.222230 0.145943 0.171748 0.120367 -0.002327 -0.585706 -0.531138 0.016066 -0.437105 -0.729744 0.118848 -0.573935 -0.048618 -0.295979 0.403594 -0.133701 -0.071720 0.625688 0.902936 -0.171638 0.064586 0.488100 -0.525774
bar 0.345928 0.272947 0.569283 0.336175 0.019539 -0.082684 0.232563 -0.188540 -0.146614 -0.089708 0.220516 0.259551 0.128902 -0.513840 -0.335127 -0.223982 0.255274 0.273554 -1.016177 0.365306 0.354301 -0.177025 -0.284448 0.323201 -0.228592 -0.683839 0.546842 -0.129061 -0.062313 0.500883 0.234873 0.565775 0.319516 -0.421500 -0.322019 0.153272 0.070439 -0.238402 0.014368 -0.080124 0.246201 0.014100 -0.107448 -0.872634 -0.328258 -0.224036 -0.229563 0.505636 -0.369965 -0.478191
ound</w> 0.142321 0.379458 -0.029174 0.198280 -0.079004 0.173679 -0.016414 -0.428706 -0.304011 -0.365607 0.075253 0.324686 -0.393138 0.964916 -0.142194 0.302538 0.439548 -0.253009 -0.768762 0.175727 0.036079 -0.065494 -0.276969 0.527294 -0.243185 -0.461949 0.284379 0.109480 0.049708 0.799911 -0.122639 -0.195798 0.158527 0.056565 -0.285401 -0.591621 0.308021 -0.258956 -0.353728 0.122389 -0.164932 0.530391 0.305121 -0.513115 0.221715 0.446298 -0.086817 -0.695015 -0.421318 0.506169
war 0.082725 0.140366 -0.168038 0.374035 -0.221635 0.519846 -0.080958 0.060357 -0.481519 0.293614 0.238637 -0.018834 -0.271191 -0.275271 -0.035738 -0.425063 0.453486 0.353423 -0.803364 -0.047407 -0.316891 -0.689435 -0.334926 0.243210 -0.555547 -0.630067 0.060888 -0.443322 -0.097323 0.799029 0.023853 0.000270 0.570493 -0.110101 -0.106754 0.432731 -0.029544 0.121140 0.161484 0.278441 -0.486926 -0.251832 0.374316 -0.235876 -0.000584 0.151783 -0.133592 -0.302490 -0.635432 -0.375871
last</w> 0.001045 0.060001 -0.155275 0.218552 0.131322 0.450676 -0.016506 0.344135 -0.526915 -0.423409 -0.033450 0.760041 -0.348377 0.344610 0.005661 -0.424232 -0.104129 -0.040733 -0.532924 0.446284 -0.477671 -0.369140 0.288981 0.452649 -0.006267 -0.242969 -0.034338 0.273030 -0.105090 0.322329 0.528543 0.168476 -0.165553 -0.103738 0.331130 -0.578432 -0.101609 -0.065757 0.023249 -0.037537 -0.352343 0.294498 0.348342 -0.657843 0.030692 0.309444 0.223755 -0.493518 -0.132345 -0.066268
pow 0.251144 0.272346 -0.187622 -0.066501 -0.206664 0.230972 0.220492 -0.715342 -1.093997 -0.095561 -0.116071 0.415776 -0.621300 0.214194 -0.298972 -0.119157 0.319932 -0.193971 -0.052522 0.362177 -0.388082 -0.104348 -0.039681 0.750070 -0.585244 -0.649910 0.010287 -0.732332 0.634851 0.453622 -0.644291 0.341864 0.370173 -0.586250 0.041785 0.006330 -0.311677 -0.200414 -0.752178 -0.199401 0.719014 -0.002798 -0.469663 -0.540232 0.183285 -0.728346 -0.369728 -0.020577 0.401822 -0.589030
pr -0.380147 -0.183804 0.687416 -0.081708 -0.242810 0.068404 0.517901 -0.497081 -0.856806 0.680748 0.296236 -0.074741 -0.188823 -0.044515 -0.084150 0.149587 -0.393669 -0.014653 -0.772416 0.474240 0.012286 -0.156071 -0.173157 0.160846 -0.155561 -0.313286 -0.089099 -0.337711 0.523733 0.251153 -0.685980 0.684880 0.074751 -0.134976 0.329242 -0.575237 0.059157 -0.274868 0.064570 -0.449872 0.323698 0.407028 0.305297 -0.214251 -0.367166 -0.683510 -0.179000 0.274029 0.034633 -0.705397
line</w> 0.000627 0.188610 0.366143 0.482824 0.022046 1.067978 0.656014 -0.517249 -0.521037 -0.227856 0.301589 0.425549 -0.566025 0.030938 -0.267106 -0.034020 -0.045574 -0.137373 -0.321482 0.282508 -0.340380 -0.155636 0.065706 0.290633 0.139460 -0.296945 -0.294568 0.214172 0.277587 -0.084951 0.039354 0.038469 -0.066503 -0.135944 -0.272203 -0.366816 -0.082831 0.007072 0.009125 -0.537656 -0.122793 0.327660 -0.370740 -0.115235 -0.042532 -0.179270 -0.105909 -0.604378 0.279023 -0.006626
tre 0.129863 -0.551261 0.061377 0.402499 -0.153946 0.292910 0.199509 -0.177734 -0.576343 -0.370027 0.769538 -0.034660 0.091117 0.074794 -0.174449 -0.264833 0.216488 -0.662882 -0.579447 0.341369 -0.373962 -0.613175 -0.053015 0.259988 -0.525909 -0.197734 -0.580507 -0.212367 -0.036361 0.157420 0.155075 0.277362 0.353975 0.292956 0.515546 -0.536836 -0.062047 -0.199149 0.114188 -0.238890 -0.146589 -0.205701 0.085057 -0.243250 0.117733 0.377277 -0.415446 -0.007858 0.217142 -0.667180
onal</w> -0.102782 0.895331 0.248369 0.071054 0.622128 0.143783 0.535639 -0.549974 -0.012623 0.098586 -0.189370 0.193909 -0.035350 0.516375 0.685513 0.110313 0.613037 0.125862 -0.845692 0.359728 -0.628778 -0.103165 -0.232089 0.179807 -0.210375 -0.889963 -0.257492 0.540073 0.439683 0.672528 -0.102211 0.325804 0.264824 -0.248440 -0.431185 -0.482504 -0.487391 0.104736 0.044340 -0.097745 0.047203 -0.091553 0.261086 0.559580 -0.235986 1.125233 -0.229442 0.531746 -0.449122 0.208710
almost</w> -0.284015 -0.134146 0.220892 0.199619 -0.216421 0.408902 0.284077 -0.019555 -0.346094 -0.015595 -0.209752 0.078957 -0.273123 -0.149362 0.117096 0.079415 0.093236 -0.131555 -0.061508 0.148246 -0.143468 -0.089799 0.122139 0.314841 -0.255789 -0.424450 0.012298 -0.248942 0.128905 0.290785 0.212184 0.204740 -0.047883 -0.038613 -0.176754 -0.359002 -0.191386 0.004007 -0.100046 0.194814 0.162117 0.272187 0.316555 -0.288553 0.274086 0.098489 -0.391486 -0.177544 0.138975 -0.374625
world</w> 0.020684 -0.105565 0.301270 0.144301 -0.100091 0.317057 0.222988 -0.335032 -0.780760 -0.124243 0.032177 0.313487 -0.071196 0.271231 -0.335522 -0.636062 0.140927 0.032085 -0.474352 0.318817 -0.445692 -0.257949 0.110223 0.360413 -0.153128 -0.295907 0.004054 -0.416899 -0.061066 -0.037083 -0.284177 -0.180544 -0.241197 -0.434829 -0.273925 -0.457846 -0.242598 -0.210742 -0.278160 -0.224718 0.055906 0.187988 0.090358 -0.497791 -0.061810 0.380589 0.251154 -0.345788 0.228844 -0.258598
hard</w> 0.263659 -0.382129 0.234722 0.261020 -0.423843 0.178352 0.535858 0.073467 -0.331146 -0.053045 -0.351836 -0.024860 0.111056 -0.040811 0.416055 0.077212 0.510420 0.053855 -0.488554 0.447401 0.048899 -0.088526 -0.007395 0.328374 -0.002334 -0.402212 0.310494 -0.516788 -0.297645 0.620259 0.194495 0.066318 0.226258 -0.090771 -0.020633 -0.466950 -0.251582 -0.120167 -0.188765 0.246865 -0.463664 0.574929 0.028639 -0.282195 0.267714 -0.218162 -0.113816 -0.285696 0.061990 -0.602495
horror</w> 0.166961 -0.034247 0.450994 0.190487 0.391766 0.210917 -0.064750 -0.052807 -0.724956 -0.299444 -0.040910 0.687760 -0.329630 -0.265915 -0.005652 -0.296786 -0.165366 -0.148273 -0.424224 0.589599 -0.099017 0.146363 0.407740 0.346579 -0.664730 -0.291343 0.305735 -0.071500 -0.205385 0.154096 -0.103467 0.344522 0.119155 0.009435 -0.223033 -0.726925 -0.140453 0.141741 -0.234865 0.069113 -0.209377 0.283162 -0.128229 -0.557911 0.347047 0.000631 -0.319296 -0.270921 -0.050845 0.333642
actors</w> 0.300960 -0.079823 0.177752 0.220443 -0.184789 0.278600 0.242352 0.182000 -0.628590 0.059431 -0.252858 0.040273 0.122424 0.358711 -0.334951 -0.331939 -0.012101 -0.053133 -0.759154 0.652080 -0.419323 -0.250563 0.066462 0.286835 0.138932 -0.066449 -0.296246 0.101665 -0.169516 0.304525 0.173723 0.264144 0.340246 -0.186660 -0.183637 -0.158938 -0.576293 -0.278111 -0.329658 -0.291284 -0.113146 0.430784 0.208739 -0.253475 0.288894 0.273551 -0.360732 -0.011829 0.216952 -0.184093
need</w> 0.121357 0.256293 0.253624 0.547720 0.063020 0.328654 0.360332 0.233696 -0.473797 0.394298 0.455325 -0.153287 -0.287730 0.184048 0.393982 0.132293 0.379484 -0.150709 -0.684867 0.260895 0.343835 -0.510333 -0.149494 0.200435 0.224695 -0.541916 -0.030493 -0.141705 -0.009437 0.667123 0.204572 0.604997 -0.249478 -0.426689 -0.044381 0.155058 -0.256259 0.450330 -0.488883 0.415125 -0.376500 0.432768 0.199618 -0.708458 0.385005 0.109051 0.276519 -0.578569 0.089454 -0.688155
spe -0.133393 -0.261300 -0.243695 0.354151 -0.236389 0.360524 0.321835 0.212567 -0.406852 0.356259 0.820157 -0.862535 -0.520222 0.234666 0.039666 -0.526813 0.150692 -0.115197 -0.444472 0.407896 0.184821 -0.388396 -0.491388 -0.454572 -0.440182 -0.703168 -0.475080 -0.736825 0.417048 0.785893 -0.080614 0.517912 -0.084438 -1.029676 0.064938 -0.429845 -0.397556 -0.050446 -0.537917 -0.194136 -0.556596 0.551884 0.051381 -0.007247 0.605545 0.414611 -0.613022 0.385307 0.823808 -0.083282
quite</w> 0.043336 -0.091857 0.265203 -0.278181 -0.211586 0.440946 0.387909 -0.076484 -0.221726 0.105661 -0.480175 0.175531 0.159838 -0.377121 -0.196569 0.018432 0.557048 0.368135 -0.418113 0.633129 0.024359 0.110134 -0.185299 0.464153 -0.110720 -0.462289 0.180479 -0.239645 0.069998 0.359784 0.392220 0.682201 0.030380 -0.046026 -0.198544 -0.925398 -0.135585 0.090565 -0.184649 -0.026597 -0.026857 0.663985 0.096244 -0.070880 0.239226 -0.226860 -0.339372 0.003442 -0.022809 -0.542859
tried</w> 0.103031 -0.157259 0.403901 0.380008 -0.133837 0.254372 0.550506 0.472889 -0.550596 0.056107 0.142700 0.546712 -0.158084 0.305837 0.401613 -0.319655 -0.028681 -0.379215 -0.445755 0.101451 0.472426 -0.159983 0.070363 0.468819 0.193110 -0.371163 -0.157054 -0.315724 0.249771 0.423909 -0.062596 0.728471 -0.139437 -0.323020 -0.164902 0.487233 -0.275094 0.109803 -0.277391 0.560625 -0.592678 0.374837 0.060542 -0.523203 0.229723 0.422472 0.140654 -0.268452 0.318962 -0.899308
0 -0.414598 -0.277866 0.339079 0.090835 0.288649 0.649568 0.225975 -0.199765 -0.880245 -0.707943 0.339145 1.068365 -0.962321 0.009532 -0.095792 -0.800104 -0.715369 -0.710173 -0.488730 0.178107 0.023094 -0.389053 0.286624 0.115415 -0.472331 -0.967353 0.267898 0.408717 -0.000773 0.437737 0.371781 -0.305159 0.459579 -0.145547 0.373494 -0.309425 0.448222 -0.271739 0.673063 0.414583 -0.301003 -0.081710 0.352066 -0.627713 0.290321 1.026479 -0.465229 -0.570378 0.437996 -0.316063
als</w> -0.043852 0.492584 0.119717 0.383099 0.099838 0.223460 0.532480 -0.381173 -0.542185 0.176078 -0.437212 0.361240 0.190102 0.653424 -0.359096 0.434383 -0.191051 -0.129573 -0.913468 0.426251 -0.241263 -0.235452 -0.136177 0.257144 0.094604 -0.546237 -0.237098 0.103986 0.461459 0.164826 0.379347 -0.253316 -0.014545 -0.378709 -0.401945 -0.088402 -0.496544 0.114404 -0.271183 -0.132073 -0.062680 0.507978 -0.355010 0.158394 0.166792 0.366775 -0.100166 0.245354 -0.121023 -0.025855
bit</w> 0.080366 0.068150 0.229647 -0.148661 -0.136776 -0.159124 -0.231333 -0.109261 -0.394113 -0.299682 -0.160644 0.292124 -0.135357 -0.454783 -0.190865 -0.133173 0.395644 -0.391082 -1.096954 0.510425 0.061466 -0.006937 -0.367811 0.188384 -0.154141 -0.285941 0.191445 0.457731 -0.028999 0.312967 0.487852 0.721181 0.075367 -0.186888 -0.334412 -0.572636 -0.329895 -0.370862 -0.109371 0.210761 -0.133805 0.547862 -0.116278 -0.644975 0.382730 0.055625 -0.068710 -0.039314 0.023824 -0.393760
ations</w> -0.351211 0.177017 0.456173 0.014931 0.255108 0.104376 0.345232 -0.487257 0.070343 0.013775 -0.027041 0.382206 0.168676 0.311401 -0.748509 0.481089 -0.006906 -0.269382 -1.309894 0.490149 -0.351553 -0.132718 -0.167805 0.328490 0.128069 -0.741345 0.215190 0.533122 0.636541 0.204747 -0.090270 -0.252291 0.189029 -0.390522 -0.530438 -0.364394 -0.789351 -0.166543 -0.339447 -0.580908 -0.181571 0.888246 0.264782 0.143519 -0.120096 0.440366 -0.473712 -0.298939 -0.215211 0.333492
big</w> -0.059777 -0.048205 0.346170 -0.089022 -0.180149 0.449285 0.134139 0.226486 -0.361194 -0.457691 -0.273003 0.323283 -0.177198 -0.277860 0.180359 -0.306098 0.187858 0.022752 -0.740727 0.398127 0.075851 0.169055 -0.034723 0.040808 -0.141361 -0.216749 0.018239 0.411645 -0.093070 0.406793 0.493660 -0.063952 0.043289 0.078140 -0.053625 -0.930150 0.082040 -0.135929 0.151078 -0.246300 -0.251696 0.098534 0.191718 -0.639135 -0.171674 0.169200 0.361319 -0.159664 -0.324898 -0.250789
action</w> -0.018080 -0.210361 0.361371 0.098981 0.388975 0.325824 0.105256 0.231616 -0.734270 0.008588 -0.220523 0.651002 -0.153759 -0.035254 0.035476 -0.338228 0.117284 0.316562 -0.486967 0.416360 -0.538994 0.060063 0.205385 0.314064 -0.365255 -0.199742 0.037330 -0.153975 -0.128242 0.158172 0.112247 0.256175 -0.092106 -0.363175 -0.391610 -0.572468 -0.715184 -0.017885 -0.582815 0.139539 0.168240 0.341791 0.232622 -0.270497 0.054403 0.103153 -0.280160 -0.079850 0.084324 0.175471
stor -0.218383 0.700393 0.090940 0.176195 0.199865 0.418989 0.065239 -0.052354 -0.843239 -0.220572 0.553176 0.174384 -0.495362 0.086885 -0.671569 -0.251936 -0.276581 0.211896 -0.152403 0.698145 -0.179027 -0.400626 -0.409388 0.529182 -0.396885 -0.262243 -0.150514 0.143270 -0.183298 0.196803 -0.351263 -0.039173 0.332616 -0.132511 -0.116829 -0.865434 0.155798 -0.385022 -0.212819 -0.910592 0.037084 -0.440502 0.284737 -0.342191 0.167798 -0.082506 0.266059 -0.281295 0.108587 -0.554131
yes</w> 0.146916 0.116460 0.025022 -0.357604 -0.382440 0.426326 0.448062 -0.670844 -1.342789 -0.246544 0.661186 0.180304 -0.123701 0.161108 -0.066913 0.045331 -0.113231 -0.303750 -0.288762 0.044517 0.442155 -0.280713 0.079081 0.041962 -0.618599 -0.503229 0.070505 -0.599114 0.145135 0.075111 -0.017027 -0.174361 0.423390 -0.175340 0.071695 -0.629430 -0.790379 0.479646 -0.713355 0.062533 -0.331748 0.220776 -0.112084 0.138050 0.352304 0.542127 0.185796 -0.444135 0.498607 0.061619
res</w> 0.042540 0.452417 0.611062 0.688760 0.346273 -0.556818 0.507912 -0.300047 -0.511838 0.119359 0.090869 0.245563 0.645895 0.203899 0.558363 -0.192637 -0.560693 -0.006534 -1.103403 0.737949 0.187975 -0.367105 0.083911 0.245086 -0.080163 -0.731054 -0.731976 0.282792 0.308445 -0.446982 0.197833 -0.023629 0.394427 -0.188399 -0.023200 -0.770000 -0.844316 0.126286 -0.529762 0.022782 -0.310448 0.130115 -0.188607 -0.420831 -0.105079 0.532206 -0.326768 0.256644 0.279886 0.115834
far</w> -0.306350 -0.112072 0.108365 0.279514 -0.065722 0.318353 0.216481 -0.455138 -0.364531 0.122784 -0.366995 0.064970 0.154776 -0.020138 -0.027981 -0.181726 0.121773 0.056715 -0.609875 0.736779 0.234599 -0.050714 -0.113322 0.460796 -0.537013 -0.147782 0.114261 -0.188069 -0.191095 0.395867 0.444098 0.302863 0.115159 -0.399960 -0.010813 -0.108407 -0.273689 -0.179882 -0.385111 -0.068086 -0.375118 0.949884 0.051754 -0.284642 0.256651 -0.381532 -0.364868 -0.382880 0.238248 -0.708551
ger</w> -0.286569 0.872515 0.199365 0.316315 0.161889 0.833187 0.397691 -0.408324 -0.434470 -0.115066 0.099399 0.306028 -0.079914 -0.317606 0.010858 0.119098 0.305023 0.044403 -0.536934 -0.393910 -0.576140 -0.150035 0.344163 0.314835 0.027104 -0.756814 -0.179772 0.378824 0.159264 0.275769 0.583255 0.041614 0.109482 -0.036289 -0.157431 -0.544493 0.127808 0.332440 0.102027 0.104744 -0.205401 -0.286930 -0.098864 -0.444741 0.527635 0.012203 -0.673925 -0.091636 0.274181 -0.246198
both</w> 0.092734 -0.247522 0.074320 0.327622 -0.107370 0.346324 0.293322 0.290928 -0.668841 -0.248828 0.079297 0.223778 0.040241 0.296684 -0.007516 0.204375 0.089996 -0.131318 -0.310515 0.274969 -0.200514 -0.278760 0.287940 0.352284 -0.073461 -0.357096 -0.660717 -0.066062 0.009871 0.245135 -0.022112 0.114087 0.149581 -0.494266 0.128898 -0.389360 -0.294797 -0.061937 -0.622117 0.000215 -0.118180 0.235925 0.176412 -0.187148 0.153292 -0.065394 -0.396060 0.310871 0.069120 0.110302
amazon</w> -0.116382 -0.471484 0.474339 0.453495 -0.197340 0.406149 0.760896 -0.002183 -0.463087 -0.333952 0.527181 0.115583 0.131273 0.307865 -0.156864 0.245335 0.173852 0.125669 -0.158643 0.312729 -0.043881 -0.200814 0.206771 0.166533 -0.014968 -0.531033 -0.211601 -0.013826 -0.493809 0.148250 -0.119388 -0.272197 0.201746 -0.372518 0.003802 0.019044 -0.456324 -0.290165 -0.413600 -0.251527 -0.202698 0.632335 0.319866 -0.166835 0.337610 0.319843 -0.208836 -0.184465 0.067324 -0.336670
pla -0.202269 -0.268257 0.868940 0.207669 -0.055930 0.074804 0.384977 -0.282733 -0.391690 0.515724 0.288833 0.024140 -1.213176 0.131892 -0.462397 -0.120193 0.430282 0.344204 -0.694513 0.306881 -0.194403 -0.225893 -0.483559 0.192319 0.120580 -0.565398 -0.004936 0.358946 0.137297 0.263847 -0.598239 0.451393 -0.182963 -0.539093 0.152211 -0.825728 0.104167 0.432762 -0.322613 -0.452502 0.626333 -0.349646 -0.071983 -0.598876 0.193093 -0.568166 0.462434 -0.508766 0.285582 0.032623
must</w> 0.423424 -0.031821 0.096246 0.298426 -0.594740 0.292090 0.499807 -0.008473 -0.528893 -0.582052 -0.235269 0.558984 -0.022665 -0.085071 0.221145 0.129796 0.248570 -0.197702 -0.546929 0.388783 0.228095 -0.589209 -0.071944 0.167993 0.115359 -0.321454 -0.053742 0.132033 0.405938 0.460173 0.375852 0.884607 -0.006998 -0.020797 -0.023228 0.263801 -0.206754 0.377577 -0.622291 0.271775 -0.071780 0.172997 0.394713 0.058417 0.653375 -0.059592 -0.077108 0.249089 0.460761 -0.424894
wee -0.057673 -0.241739 0.320987 -0.158717 -0.716872 0.862292 -0.336788 0.385197 -0.570057 -0.334231 1.015849 0.322304 -0.383879 -0.446078 0.283088 -0.769283 -0.584744 -0.361929 -0.705182 0.295809 -0.016560 -0.158900 -0.330759 0.482325 0.248755 -0.695060 0.122084 0.455032 -0.260754 0.407234 0.330780 0.606208 0.257793 -0.421501 0.039097 -0.815176 -0.086073 -0.603472 0.374701 -0.314548 -1.184544 0.028887 0.643514 -0.097887 0.556046 -0.284144 0.195037 -0.979223 -0.209280 -0.392740
gs</w> 0.385393 0.514399 0.239207 -0.319177 0.225478 0.208239 0.799846 -0.397310 -0.588997 0.098052 0.322372 0.114537 0.165467 0.192646 -0.224381 0.945831 0.182630 -0.204420 -0.450037 0.027329 0.132326 -0.231239 0.246941 0.628392 0.439517 -0.713572 -0.670393 0.540491 0.167369 -0.031215 0.344248 -0.297438 0.977738 -0.583614 -0.316977 -0.799939 -0.458360 0.203906 0.078450 0.471980 -0.163643 0.084503 0.256822 -0.248691 0.058625 0.213954 -0.310603 -0.304535 0.000420 -0.247655
tu -0.255205 -0.044500 0.230583 0.153383 0.035894 0.593149 0.628990 -0.260450 -0.849515 -0.150199 -0.479703 0.268856 0.189246 -0.585888 0.753171 -0.413012 0.155424 0.386462 -1.041166 0.587588 0.073962 -0.231954 0.570910 -0.268797 -0.113135 -0.416324 -0.253609 0.595995 0.858645 0.175416 -0.379931 0.196879 0.471974 -0.502056 0.474192 -0.341785 -0.754594 -0.241205 0.118771 -0.396188 -0.468405 0.119551 0.104952 0.217905 0.068196 -0.124670 -0.228712 0.255058 0.379594 0.398996
ho 0.155137 0.191669 0.431588 0.375575 -0.710105 0.022950 -0.011306 -0.023311 -0.221759 -0.280008 0.081373 0.049485 -0.186908 0.177180 0.198144 0.067380 0.035265 -0.248058 -0.746744 0.224047 0.395855 -0.205789 -0.628362 0.754301 -0.188748 -0.922320 -0.085302 0.151541 -0.325776 -0.072874 -0.247923 0.115551 0.514460 -0.381125 0.534725 -0.335084 -0.241441 0.116087 0.375795 -0.729276 -0.584028 -0.359926 0.166519 -0.177985 -0.223398 0.423521 0.190873 -0.316563 -0.037395 0.081281
ms</w> -0.499072 0.436829 0.555346 0.151292 -0.255405 0.485171 0.570004 -0.307301 -0.621967 0.450197 0.239886 -0.005088 0.567707 0.196058 -0.515272 -0.500137 0.220931 -0.329213 -0.592565 0.698571 -0.413869 -0.302170 0.287350 -0.279248 -0.279921 -0.674750 -0.491567 -0.081541 1.102980 -0.013431 0.153212 0.083385 0.020815 -0.334675 -0.183523 0.024350 -0.555223 -0.144737 -0.269596 -0.051231 0.112016 0.385185 -0.202850 -0.388871 -0.029369 0.395223 -0.487757 -0.084837 -0.040389 0.288807
nu -0.174092 0.336400 -0.103286 0.040857 -0.352956 0.463904 0.260338 0.181940 -0.902326 0.177129 0.621855 0.028186 -0.288177 -0.144726 0.093302 -0.485770 0.302996 0.195095 -0.590270 0.197599 -0.620501 0.046042 -0.113117 -0.013553 -0.229248 -0.281049 0.090158 0.141883 0.251854 0.574810 0.055300 0.404247 0.353789 -0.168828 0.192192 -0.393304 -0.411570 -0.135650 -0.050375 0.078833 -0.238299 -0.526233 0.416971 -0.253942 -0.086036 0.030031 -0.381143 -0.364236 -0.052001 0.126567
chil 0.465776 -0.145557 -0.361735 -0.241527 -0.231834 -0.027048 -0.447023 -0.016962 -1.526703 0.002765 0.635896 0.062497 -0.477066 -0.182900 -0.244523 -0.081387 0.430237 -0.363569 -1.026352 0.223829 -0.392351 0.220515 0.140715 0.190703 -0.140189 -0.970328 -0.218606 -0.231720 -0.374384 0.758376 -0.096480 0.191254 -0.015964 -0.385276 -0.201906 0.244611 0.252254 0.056063 0.028442 0.747997 -0.439850 -0.226653 -0.411616 -0.685894 -0.232994 -0.003293 0.229613 -0.584583 -0.071864 -0.549372
sts</w> 0.065036 0.627882 0.361080 -0.186914 -0.265745 0.545087 0.261996 -0.043355 -0.380916 -0.032380 -0.062701 0.302684 0.159510 0.064267 0.158694 0.685882 -0.458717 0.006285 -0.970799 -0.273573 -0.165994 -0.895438 -0.209658 0.115894 -0.301247 -0.784026 -0.123780 0.134132 0.167902 -0.359347 -0.051720 -0.120450 -0.229710 -0.397252 0.027116 -0.180826 -0.471072 0.048543 -0.084198 -0.020477 -0.419880 0.619971 -0.351417 0.037045 0.257748 0.722361 -0.270416 0.219266 0.240690 -0.529243
ssed</w> -0.377345 0.780816 -0.065389 -0.105557 0.144470 0.168891 1.111586 -0.053512 -0.314835 0.003509 -0.222834 0.343389 -0.016235 0.242917 0.827094 0.428320 -0.350456 -0.118912 -0.810402 0.290132 0.299122 -0.310232 0.093712 0.362806 0.030732 -0.512728 -0.264142 0.694624 0.534894 0.526173 -0.224421 -0.216781 -0.437134 -0.352554 -0.360408 -0.024774 0.085883 -0.071486 -0.845050 -0.027698 0.142003 0.925677 0.287354 -0.001629 0.080716 0.388071 0.115000 -0.304156 -0.008193 -0.517271
tea</w> 0.478310 -0.158086 -0.046820 0.533384 -0.261330 0.309563 0.049456 0.038483 -0.260881 -0.221369 0.235120 0.182866 0.228037 0.489160 -0.138864 -0.288376 0.293765 -0.271022 -0.097450 0.592408 -0.015094 -0.213275 0.107220 0.209383 -0.030449 -0.680086 0.245828 0.072189 -0.105626 0.167791 -0.164674 0.313036 -0.004235 -0.304189 -0.013944 -0.292733 0.466533 0.202747 -0.615759 -0.265990 -0.341063 0.188941 0.226136 -0.509410 -0.184400 0.123482 0.136951 -0.261338 0.324606 -0.245923
year</w> 0.066523 -0.070098 0.430203 0.345789 -0.199245 0.470413 0.106974 -0.321116 -1.155930 -0.511546 0.135805 0.618534 -0.547112 -0.172249 0.181994 -0.467133 -0.636435 -0.949360 -0.210415 0.243744 0.067456 -0.507912 0.144966 0.125489 -0.304732 -0.283390 0.471488 0.023238 -0.123503 0.480284 0.391657 -0.079106 -0.167511 -0.007693 -0.359177 -0.756372 0.264042 -0.457466 0.134593 0.161209 -0.719094 0.527935 0.200824 -0.712413 0.434536 0.344293 0.130524 -0.411633 0.571356 -0.749861
direc 0.054847 -0.467259 0.189090 -0.157424 -1.005708 0.244882 0.321817 -0.203532 -0.349690 -0.417100 0.223279 0.915553 -0.343672 0.149014 0.444521 -0.143280 -0.162526 0.131934 -0.345100 0.572858 -0.556033 0.356084 -0.237848 0.538513 -0.309695 -0.054690 -0.124180 0.042098 -0.057748 0.393510 -0.646054 0.636163 0.210605 -0.542347 -0.059554 -0.435909 -0.811985 -0.210117 -0.605902 -0.665228 -0.202472 0.053659 0.612635 0.092173 0.247097 -0.113415 -0.633334 -0.673771 -0.055787 -0.128200
gra -0.035876 -0.269228 -0.177122 0.590245 0.132593 0.049679 0.586039 0.538937 -0.751320 -0.543606 -0.155180 0.320058 -0.593586 -0.243047 0.588490 -0.393492 0.192319 -0.184303 -0.576047 0.725430 0.139949 -0.516126 -0.463454 0.092772 -0.500013 -0.612017 0.070663 0.057644 0.252714 0.381444 -0.424127 -0.330227 -0.098148 0.002378 -0.468135 -0.288660 0.105909 -0.297315 0.015306 -0.658786 -0.028789 -0.137252 -0.232530 0.207222 -0.251979 0.265598 0.024364 -0.241943 0.254544 -0.141436
using</w> 0.185449 0.007082 0.347321 0.534965 0.295508 0.173713 0.150086 0.094716 -0.176779 -0.246982 0.009919 0.079917 -0.162150 0.119794 0.419315 -0.432503 -0.024340 -0.092437 -0.266947 0.024477 0.026333 -0.480254 -0.245267 0.442974 -0.008452 -0.804507 -0.212463 -0.029104 0.159099 0.141542 0.276198 0.279042 -0.026153 -0.295595 0.030960 -0.172780 -0.353868 -0.420625 0.157245 0.215395 0.136428 0.486140 0.078184 0.019184 0.196869 -0.036431 0.065599 -0.044925 0.665828 -0.554647
may</w> 0.455038 0.308240 -0.048849 0.320953 -0.454701 0.649607 0.379175 0.169999 -0.152544 -0.320330 -0.358169 0.436676 -0.014392 0.222101 -0.184971 -0.019486 0.500553 -0.003854 -0.130259 0.198160 0.355802 -0.392818 -0.257080 0.247916 0.112571 -0.652261 -0.069932 0.175007 0.408018 0.668073 0.150333 0.758506 0.070764 -0.095378 -0.320333 0.114442 -0.285816 0.116127 -0.756347 0.121541 -0.052078 0.269428 0.459840 0.181898 0.372709 0.113118 -0.204625 0.029535 0.427643 -0.433622
cast</w> 0.189779 0.127989 0.015005 0.114029 -0.551856 0.381654 0.124639 0.027616 -0.533589 -0.050349 -0.048013 0.368732 -0.009788 0.277714 -0.326048 -0.183751 0.224302 -0.079843 -0.615193 0.583994 -0.392539 -0.004726 0.103386 0.287946 -0.185744 -0.071342 -0.198180 0.013706 -0.006415 0.100976 0.054102 0.036062 0.106030 -0.366698 -0.313814 -0.555785 -0.202706 -0.024665 -0.227301 -0.419293 0.043143 0.169176 0.019236 -0.454368 0.116973 0.120398 0.082000 -0.367682 -0.138632 -0.109945
kill 0.182641 -0.330818 -0.094999 -0.175565 -0.602574 0.058291 0.495957 0.142920 -0.825132 -0.174566 -0.078933 0.335906 -0.309611 0.424813 -0.062361 -0.145914 0.486522 -0.223466 -0.091712 0.356201 -0.204760 -0.128128 -0.139203 0.183951 -0.648629 -0.413328 0.415924 -0.353887 -0.000967 1.400235 -0.412402 0.126743 0.304879 -0.644427 -0.456023 -0.364821 -0.515758 -0.408917 -0.403671 -0.213857 0.442615 -0.311965 0.332551 -0.439722 -0.008278 -0.177950 -0.295045 -0.172492 0.322297 -0.330950
fact</w> -0.028352 -0.372869 0.427317 0.283640 -0.474457 0.324744 0.331441 -0.031828 -0.799950 -0.407937 0.379062 0.337850 -0.165633 0.622936 -0.388973 -0.376350 0.269308 -0.037979 -0.752732 0.529924 -0.126415 -0.618861 0.421579 0.525432 -0.346794 -0.195033 0.100490 -0.187123 0.050749 -0.167564 0.030902 0.306848 -0.319624 -0.570088 -0.401572 -0.173026 -0.675902 0.080901 -1.470676 -0.097218 0.168296 0.811072 0.210455 -0.416125 -0.421573 0.386939 0.213139 -0.645086 0.811832 -0.273774
ious</w> 0.191864 0.673014 0.456874 0.161925 0.538610 0.300275 0.184661 -0.220581 -0.955790 0.472585 -0.070504 0.449059 0.163594 -0.493888 -0.110726 0.392158 0.431713 0.482332 -0.200215 0.107376 0.364981 -0.062902 -0.105074 -0.424337 -0.252993 -0.624507 -0.853404 0.844401 0.822813 0.227999 0.779304 -0.045830 0.265815 -0.264353 0.190440 -0.326660 -0.535085 -0.095606 0.005190 -0.162866 -0.121372 0.481546 -0.297905 -0.444516 0.534549 0.356621 -0.188084 0.059699 0.352925 0.175629
put</w> -0.013551 -0.282307 0.374257 0.370051 -0.187717 0.242571 0.331995 0.040347 -0.617274 0.011060 0.408812 0.208201 0.006238 0.245244 0.032708 0.028297 0.127181 -0.362268 -0.412459 0.002132 0.421647 -0.321107 0.045188 0.217254 0.270478 -0.209533 -0.446924 -0.075218 -0.129656 0.575636 0.034807 0.731501 -0.117595 -0.199641 -0.079902 -0.213485 -0.472855 -0.312431 -0.364730 0.168214 -0.042446 0.543752 0.082479 -0.362234 -0.021880 0.211933 0.083682 -0.618895 0.140877 -0.649479
funny</w> 0.121921 0.173202 0.318088 0.002788 0.022368 0.372299 0.291470 -0.069924 -0.761675 -0.155108 -0.000547 0.207584 0.027307 -0.178046 -0.352706 0.059029 0.389481 0.116058 -0.496153 0.311656 -0.063892 0.306606 -0.131761 0.248560 -0.060973 -0.276721 0.368219 0.042185 -0.193283 0.188439 0.030628 0.265840 0.122709 -0.127257 -0.378579 -0.368340 -0.221967 0.141475 -0.056450 -0.358555 -0.233541 0.600220 -0.027023 -0.392500 0.122150 -0.235801 -0.438965 -0.518943 0.430955 -0.537794
fully</w> 0.072211 0.036459 0.555054 -0.141243 -0.033235 0.196957 0.237502 -0.158961 -0.369386 0.552810 -0.004932 0.097593 -0.248775 0.112249 -0.298006 0.539267 -0.024496 0.188383 -0.515915 -0.021180 0.081425 -0.113277 -0.082229 0.289424 0.558126 -0.732633 -0.346738 0.073757 0.430745 0.242292 0.057578 0.271988 0.114045 -0.161981 0.485681 -0.420608 -0.212674 0.256559 -0.581430 0.136382 -0.249197 0.534388 -0.002684 0.219538 0.320978 0.323535 -0.412837 0.049212 -0.040483 0.209358
rel 0.143749 0.200908 0.539773 0.074563 0.165974 0.600425 0.881243 -0.517136 -0.423219 0.630213 0.038826 -0.096278 -0.111058 0.184171 0.364975 -0.087521 0.395753 -0.115647 -0.945678 0.742735 -0.712483 0.151875 -0.429724 0.330008 -0.038812 -0.732625 -0.219257 -0.051529 -0.457287 0.261083 -0.734504 0.374969 -0.031975 0.224151 -0.260197 -0.307170 -0.737126 -0.822520 0.466477 -0.665374 0.400567 0.604676 -0.010184 -0.155416 -0.135418 -0.259019 0.337940 0.108783 0.443982 -0.457819
always</w> 0.247734 -0.091386 -0.160330 -0.078737 -0.427159 0.401960 0.598129 0.125268 -0.609266 0.113390 -0.199082 0.110273 0.046517 -0.059815 -0.112428 0.252874 0.664989 0.178083 -0.451209 0.584984 0.282508 -0.265706 0.022445 0.309492 0.249583 -0.305213 0.060715 -0.561583 0.263746 0.449151 0.351077 0.343732 0.031759 -0.013230 -0.151196 -0.184629 -0.017245 0.501473 -0.401971 0.211001 -0.091678 0.217934 0.172085 -0.204331 0.375966 0.144029 -0.099275 0.059487 0.051576 -0.851152
gets</w> 0.327729 0.358392 0.301498 0.247623 0.140836 0.137468 -0.012964 0.165787 -0.477519 0.106002 -0.005318 0.185609 -0.410879 0.059041 -0.081985 0.120258 0.007489 -0.202491 -0.677073 -0.173082 0.544086 0.003955 -0.027849 0.089121 -0.198350 -0.440755 -0.117873 0.003597 0.105726 0.668354 0.228350 0.540252 0.177618 -0.104746 0.049002 -0.153335 0.058857 -0.236477 -0.447968 -0.151349 0.329337 0.158059 0.006237 0.068035 -0.241912 0.370053 0.173149 -0.209627 -0.025680 -0.317473
buy</w> 0.296590 0.420868 0.439287 0.562071 -0.113314 0.552869 0.438857 0.157589 -0.571856 0.165737 0.521117 -0.096968 -0.110412 0.245515 0.164659 -0.122393 0.144577 -0.296619 -0.595036 0.310864 0.473432 -0.083451 0.157876 0.565132 0.533824 -0.509449 -0.126042 -0.412576 -0.235706 0.552014 -0.177493 0.549035 -0.219607 -0.063590 0.172115 -0.109128 -0.311174 0.061490 -0.022775 0.224097 -0.197285 0.642785 0.086587 -0.362902 0.506814 0.223728 0.128095 -0.909415 0.197738 -0.736602
her 0.427333 -0.065880 -0.182668 0.151819 -0.527170 -0.172077 -0.428606 -0.051747 -0.980813 0.213303 0.091633 -0.101751 -0.273647 -0.305983 0.014378 -0.121390 -0.266306 -0.053315 -0.661855 0.439353 0.031527 -0.064394 0.172487 0.533800 -1.007122 -0.457059 -0.525804 0.404305 -0.093509 0.392829 -0.284434 0.302562 0.240081 -0.088961 0.354616 -0.366311 0.338251 -0.187761 -0.313996 0.186442 -0.287615 0.128186 -0.144238 -0.525181 0.163657 -0.153535 -0.434292 0.033694 0.273744 -0.347558
clo 0.465054 -0.258483 0.120441 -0.207727 -0.295190 0.189617 0.561986 -0.181837 -0.437604 -0.152242 -0.181309 -0.035897 -0.543093 -0.137377 0.442343 -0.357317 0.322026 -0.116869 -0.519341 0.319851 0.052657 0.731893 -0.232242 0.771603 -0.402776 -0.418615 -0.206269 0.310685 -0.210333 1.261949 -0.212743 0.378963 -0.219226 -0.395618 0.346323 -0.109334 -0.536146 -0.177617 0.182895 -0.596841 -0.072133 0.476856 0.059770 -0.023558 0.174577 -0.109809 0.138467 -0.518792 0.026821 -0.178676
might</w> 0.490276 0.156160 0.083651 0.344036 -0.575373 0.801250 0.715819 0.269244 -0.378435 -0.201969 -0.433837 0.661235 -0.042408 -0.197514 0.045989 -0.002194 0.355607 -0.195989 -0.114907 0.256340 0.325468 -0.745699 -0.001517 0.215226 0.341992 -0.759352 -0.155557 0.028185 0.278194 0.362728 0.280021 0.847575 0.107814 -0.255051 -0.124667 0.368438 -0.059385 0.443789 -0.846595 0.384856 -0.226311 0.264651 0.477777 0.233317 0.585337 0.178429 -0.058096 -0.137085 0.671591 -0.457955
ght</w> -0.199171 0.333064 0.411730 0.281447 0.014230 -0.087859 0.958904 -0.159140 -0.398167 -0.231219 0.026300 -0.145317 0.618628 0.569093 0.775233 0.119133 -0.449431 -0.263375 -0.734385 0.090944 0.406339 -0.043295 0.326157 0.410959 -0.052842 -0.544711 -0.540612 0.316931 0.450775 0.280926 -0.146089 0.091453 -0.256608 -0.578811 -0.133127 -0.580404 -0.469332 -0.075814 -0.374136 0.217657 -0.008105 0.187517 -0.047799 -0.224379 -0.052634 0.759156 -0.578885 -0.047188 -0.082711 -0.741690
eng 0.150615 -0.404227 0.110826 0.581874 -0.086903 0.650752 -0.313879 0.005063 -0.141579 0.162423 -0.009799 -0.065514 -0.961784 0.036649 -0.076416 -0.177772 -0.541463 0.700462 -0.740884 0.262523 -0.217843 0.498374 -0.038840 0.466169 -0.742110 -0.622510 -0.298624 -0.811679 -0.003545 0.616356 -0.501875 -0.291448 0.277069 -0.661321 -0.192169 -0.629207 0.064772 -0.874055 -0.174041 -0.393742 0.221663 0.099325 0.197175 -0.733275 -0.271631 0.268360 -0.446384 -0.132428 0.352944 0.019368
ood</w> 0.143557 0.001914 0.081957 0.352438 -0.266214 0.149108 -0.176768 -0.283273 -1.128208 0.003212 0.187855 0.549282 -0.065667 0.327153 -0.343930 0.203374 0.413390 -0.191531 -0.677688 -0.147066 -0.517087 0.093487 -0.404893 0.037044 -0.642298 -0.682391 -0.201428 -0.154945 0.012910 0.069863 0.254459 -0.342352 -0.033404 -0.256811 -0.039725 -0.175832 -0.410578 -0.250646 -0.173916 0.276412 0.288976 0.664291 -0.237938 -0.230785 -0.401632 0.928686 -0.593510 -1.069109 -0.620243 -0.294332
pic -0.062271 -0.314152 0.297722 0.400919 -0.626166 -0.093365 0.042985 0.112731 -0.331007 -0.022301 0.160785 0.465921 -0.641159 -0.024937 0.843823 -0.629943 -0.225096 0.122498 -0.863947 0.605499 -0.143384 -0.736693 -0.176654 0.081908 -0.293200 -0.446628 -0.642108 -0.105792 -0.133796 -0.356112 0.003194 0.376352 0.408322 -0.227170 -0.136238 -0.818795 -1.039525 -0.041523 -0.396522 -0.584643 -0.185395 0.295423 0.545108 0.009692 0.515860 -0.173392 0.155928 -0.451989 0.250146 -0.140271
char -0.462060 0.419835 0.056355 0.317959 -0.279579 0.629969 0.149721 0.586243 -0.727274 0.083425 0.275871 0.345358 -0.451184 -0.102647 -0.215416 -0.306165 0.073209 0.247499 -0.682873 0.737556 -0.070681 0.143748 0.414795 -0.009083 -0.645482 -0.659440 -0.259992 -0.200495 -0.113374 0.313905 -0.212642 0.073470 0.633592 -0.053830 -0.017239 0.511788 0.145905 -0.216154 0.088037 -0.729218 -0.085802 0.022572 0.037175 -0.163377 -0.434533 0.393102 -0.097130 -0.089755 -0.330992 -0.809276
eat</w> 0.422808 0.457110 0.220322 0.362769 0.041251 0.445655 0.282644 0.367212 -0.770625 0.196646 0.587414 -0.056473 0.121022 0.032397 -0.004420 -0.113372 -0.032321 -0.111183 -0.443410 0.291754 0.449155 -0.078230 0.066196 0.491562 0.400616 -0.388037 -0.443672 -0.230964 -0.176321 0.319306 -0.224565 0.552484 0.158982 -0.105548 -0.192734 -0.013035 -0.383486 0.196573 -0.220529 0.415611 -0.283619 0.339152 -0.149679 -0.465049 0.267658 0.401153 0.172647 -0.860539 -0.091831 -0.362831
pos 0.134621 -0.112324 0.487925 -0.438965 0.524132 0.345453 1.080491 0.598289 -0.339117 0.187651 -0.237864 0.279043 -0.192662 0.501933 0.392710 0.338549 0.292503 -0.216750 -1.139200 0.721583 -0.191328 -0.168708 -0.340640 0.046378 -0.157129 -0.310159 -0.434809 0.596329 -0.387295 0.788561 -0.277226 0.576643 -0.214683 -0.230467 -0.094886 0.074740 -0.160608 0.071001 0.137451 -0.471915 -0.035743 -0.265387 0.598836 -0.267939 0.414773 -0.194070 0.212737 0.810670 -0.061456 -0.200664
feel</w> 0.402503 0.136702 0.373509 0.488209 -0.436056 0.330665 0.246940 -0.227290 -0.144812 0.038015 0.242589 0.037524 0.122457 0.175269 -0.257460 -0.131995 0.528291 -0.153543 -0.715292 0.661227 0.063206 -0.193943 -0.119941 0.202075 0.085148 -0.104654 0.013023 -0.128613 0.072301 0.375134 0.121156 0.609729 -0.243980 -0.138495 -0.177163 0.004582 -0.091422 0.233825 -0.128144 0.715094 -0.476292 0.509280 0.404461 -0.370329 0.018795 0.130153 0.011658 -0.474341 0.214177 -0.556805
dd -0.035688 0.343670 0.184861 -0.081754 0.060357 0.154830 -0.072028 0.602475 -0.226304 -0.156487 0.502604 -0.182588 -0.383185 0.850934 0.079556 -0.008871 -0.534417 0.393437 -1.264794 0.740485 -0.056748 -0.484735 0.275146 -0.007634 -1.054897 -0.540583 -0.026657 0.363651 0.116772 0.527167 -0.617326 0.130806 0.239218 0.091427 -0.744978 -0.434429 0.613662 -0.107485 -0.513352 -0.376117 -0.199633 0.081350 0.341219 -0.864011 -1.058128 0.985549 0.302050 1.063043 0.625114 -0.806595
director</w> 0.229961 -0.230659 0.158188 -0.361414 -0.229252 0.099445 0.373083 -0.169612 -0.795141 -0.239624 0.073294 0.253146 0.058264 0.461014 -0.569178 -0.178434 -0.003268 0.280474 -0.553581 0.466254 -0.232318 -0.047112 0.058462 0.250543 0.092341 -0.364646 0.193538 -0.282874 0.026501 0.280641 -0.096643 -0.052877 0.026950 -0.092153 -0.363394 -0.252717 -0.276226 0.215751 -0.164039 -0.357395 0.002698 0.145348 0.099491 -0.432254 -0.080962 0.362599 -0.145776 -0.133912 0.382482 -0.384201
trying</w> 0.156106 -0.477591 0.310112 0.653879 -0.155774 0.177822 0.743350 0.532715 -0.239903 -0.017201 -0.154300 0.020853 -0.108615 0.229672 0.295618 0.135945 0.498406 0.236941 -0.410923 0.356507 0.229293 -0.283181 0.047865 0.135046 -0.026183 -0.499819 -0.170734 -0.057877 -0.098709 0.849324 -0.296772 0.388400 0.086164 -0.505407 -0.409839 -0.170481 -0.406896 -0.194341 -0.017811 0.120736 -0.304021 0.660773 -0.226755 -0.126102 0.375500 -0.054649 0.160576 -0.279945 0.144613 -0.552866
seems</w> 0.520534 -0.008915 0.254050 0.688547 0.092820 0.447237 0.310721 0.265683 -0.105239 0.202965 -0.142823 0.164011 -0.416068 0.149966 -0.201252 0.073864 0.068825 -0.082155 -0.548890 0.413367 0.397089 0.003723 0.154223 0.268158 0.159655 -0.701256 0.192403 0.098840 0.251966 0.356434 -0.048852 0.930182 0.167495 -0.069623 -0.420178 0.128680 -0.333124 -0.274181 -0.568761 0.250026 0.103322 0.591676 -0.071833 0.133846 0.292950 -0.145392 0.152823 -0.375664 0.350377 -0.593862
off -0.068629 -0.016553 0.099424 0.086962 -0.282724 0.563062 0.495939 -0.283483 -0.568528 0.499948 -0.106904 0.381200 -0.762609 0.584764 -0.380112 -0.084521 0.283376 -0.205535 -0.188006 0.435954 -0.114153 -0.288471 0.056839 0.264583 -0.548870 -0.517270 0.267240 -0.468356 -0.130709 0.525776 -0.832233 0.367834 0.374562 -0.071675 0.124070 -0.274257 -0.040627 -0.413298 -0.173992 -0.069178 0.653020 0.469657 0.127350 -0.135393 -0.271761 -0.328379 -0.363496 0.324964 -0.151230 -0.585625
inter -0.131005 0.088001 0.495530 0.397618 0.085984 0.434524 0.369548 0.045660 -0.148456 0.442616 -0.323838 -0.134581 -0.126241 0.039696 0.331430 -0.271768 0.017531 0.412163 -0.993652 0.258809 -0.345833 -0.028093 -0.208983 0.027946 -0.162339 -0.076084 -0.381243 0.138563 -0.091645 0.661349 -0.222749 0.083344 0.062189 -0.843270 -0.907047 -0.220527 -0.276933 -0.152140 -0.330011 -0.163079 0.287078 -0.154595 0.332548 -0.222853 -0.131361 -0.001898 0.335943 -0.334144 0.102307 0.013672
ically</w> 0.276331 0.156006 0.754161 0.095072 0.317243 0.163644 -0.380428 -0.508424 -0.827034 0.006597 -0.134497 0.328322 -0.117411 -0.413947 -0.313492 0.095999 0.360338 0.516099 -0.838960 0.234783 -0.299919 -0.345359 -0.097127 0.076729 -0.111250 -0.760293 0.101859 0.050045 0.911843 -0.169767 0.265611 0.261163 0.197180 -0.113735 -0.396892 -0.449211 -0.046515 0.389162 -0.264377 -0.107548 0.711171 0.712330 0.018115 0.404836 -0.015988 0.250712 -0.026230 -0.187038 -0.374598 0.273315
kn 0.260015 -0.267905 0.504863 0.043685 -0.414300 0.633694 0.623536 -0.437477 -0.572027 0.661103 0.444975 0.029066 -0.636977 0.613102 -0.824469 0.005810 0.337846 -0.398772 -0.588603 -0.138438 0.180098 -0.520097 0.425078 -0.134539 -0.170411 -0.329753 -0.621372 0.158069 -0.469766 0.472269 0.154231 0.402451 0.542381 -0.200254 -0.567115 -0.555911 0.236954 -0.008359 -0.109807 -0.085509 0.536411 -0.004409 0.219899 -0.224949 0.517494 -0.859909 -0.144016 -0.112743 0.477491 -1.072359
my 0.552273 0.156831 -0.231905 0.422271 0.017020 0.031755 -0.409814 -0.513139 -0.738466 0.232530 0.186827 0.537798 -0.378728 -0.548403 -0.255133 -0.443374 -0.034694 -0.111852 -0.228849 0.411797 0.224539 -0.207716 -0.402818 0.664802 -0.747011 -0.661089 -0.428386 0.010580 -0.224302 0.554173 -0.189619 0.287392 0.263722 -0.026043 0.065577 -0.198878 -0.349604 -0.172241 0.107279 0.153128 0.062051 0.754257 -0.296640 -0.452495 0.817992 -0.057349 -0.257436 -0.409206 0.380343 -0.496410
ki 0.225614 0.454355 -0.474317 0.232776 -0.072889 0.299130 0.337523 0.300374 -0.719886 -0.543237 0.351850 0.239737 -0.194736 -0.197095 -0.213514 -0.238778 0.315709 -0.213353 -0.558906 0.456300 0.072640 -0.073798 -0.404292 0.123365 -0.309237 -0.316991 0.121327 0.389093 0.123370 0.713032 -0.575866 0.087380 0.295197 -0.060489 0.489573 -0.296188 -0.131142 -0.214058 -0.091921 -0.045850 -0.706698 -0.296703 -0.033216 0.128567 -0.405280 0.727438 0.171887 -0.395628 -0.061986 -0.517706
each</w> -0.331863 -0.093106 0.389011 0.406584 -0.036419 0.456880 0.244139 0.315945 -0.406384 -0.373148 0.238815 0.404822 -0.162860 0.581277 0.207666 -0.288881 -0.025208 -0.253522 -0.124875 0.090768 -0.228406 -0.225888 0.481503 0.092754 -0.455436 -0.367201 -0.725264 0.226376 -0.429656 0.311705 0.067931 -0.044790 0.005596 -0.589163 -0.155935 -0.664301 -0.163761 -0.157052 -0.424571 0.080178 -0.040988 0.241023 0.410651 -0.282222 0.479022 -0.009920 -0.181896 -0.190294 0.052261 0.088774
ing 0.281342 0.293971 -0.512345 0.002945 0.032048 0.615707 0.142617 -0.332812 -0.363371 -0.347907 0.428654 0.418186 -0.538847 -0.229883 -0.388444 -0.150707 0.375045 -0.120568 -0.324694 -0.129975 -0.051167 0.288844 -0.266309 0.624676 -0.820675 -0.976044 -0.128030 -0.288619 0.627080 0.491380 -0.066918 0.246790 0.754593 -0.265522 -0.140216 -0.101821 0.525041 -0.414880 -0.355446 0.035899 0.341794 -0.226197 0.013318 -0.348410 -0.215868 0.164736 -0.451582 0.214356 -0.581261 -0.266803
av -0.092472 0.175101 -0.431727 -0.227828 0.274379 0.044969 0.225533 0.178348 -0.395635 0.053228 0.534968 -0.174598 -0.334666 -0.549202 -0.624993 0.124612 -0.083874 0.466861 -0.254023 0.034820 0.692801 -0.541130 -0.049023 0.242065 -0.433808 -1.032930 -0.471886 0.403637 -0.086176 0.781435 -0.262331 0.551712 0.192719 0.077642 0.286479 -0.302821 0.050296 0.145987 -0.494860 -0.423533 -0.394949 0.088158 -0.463240 -0.934011 0.035327 0.590217 0.021547 0.106552 -0.072427 -0.718182
isn</w> 0.731958 0.174393 0.709971 0.496827 -0.222338 1.045353 0.244972 0.039634 -0.738574 0.216967 0.206894 -0.360049 -0.062243 0.186630 -0.426409 -0.706806 0.546868 0.219364 -0.477989 -0.110723 0.460889 -0.225432 0.280537 0.089369 -0.367074 -1.149140 0.297996 -0.741187 -0.195050 0.215385 -0.242703 1.357477 -0.093834 -0.209281 -0.602274 -0.610995 0.447085 0.292310 0.124750 -0.003468 0.214752 -0.005179 0.318294 0.099402 -0.419472 0.360430 0.146329 -0.240479 0.332546 -0.343891
ster</w> -0.045215 0.395633 0.336047 -0.352400 0.019270 0.482720 0.396526 0.101700 -0.659521 -0.491861 0.200864 0.331509 0.204367 0.096953 0.052858 0.469540 -0.150443 -0.254788 -0.729951 -0.086375 -0.175423 -0.026220 -0.213994 0.297650 -0.203719 -0.853291 -0.079674 0.197869 0.067579 0.256457 0.223273 -0.124311 -0.243651 0.185358 -0.085356 -0.635564 0.000755 0.115436 0.498424 -0.167791 -0.109859 0.199658 -0.417384 -0.513932 -0.100923 0.545436 -0.290321 0.406235 0.178874 -0.221091
mor 0.072132 0.127888 0.099187 0.282016 -0.098294 0.300563 -0.124427 -0.261933 -0.342351 -0.447244 -0.095218 0.182200 -0.286268 0.070008 0.180200 -0.622773 -0.481418 -0.225493 -0.842677 0.274217 -0.340964 -0.431158 -0.428081 0.413921 -0.682427 -0.161120 0.039726 -0.121756 -0.024330 0.315243 -0.248592 0.199067 0.103411 -0.459756 0.044959 0.019373 -0.539535 -0.646479 -0.111546 0.009718 0.013765 -0.104978 0.216444 0.261378 0.008883 0.149353 0.005035 -0.249675 -0.041990 -0.194322
na 0.444623 -0.109463 -0.110332 -0.076543 -0.009200 -0.326311 0.544708 0.162572 -0.600371 0.039012 0.116031 0.420669 -0.506218 -0.481658 -0.310634 0.084534 0.605740 0.113084 -0.249836 0.295556 0.082572 0.149092 -0.724091 0.479776 -0.793939 -0.820960 0.077892 0.292542 0.101346 0.412098 0.049526 0.003815 -0.047234 -0.295081 0.596627 -0.363751 -0.215808 -0.137821 -0.397806 -0.449332 -0.484474 -0.094735 -0.260653 -0.339150 0.078373 0.690407 0.069604 -0.389959 0.106181 -0.518965
ness</w> 0.072372 -0.011139 0.413007 -0.136362 0.003659 0.174695 0.121755 -0.642422 -0.485498 0.230427 0.918168 0.188345 -0.005430 0.404823 -0.927279 0.737337 0.657153 -0.267537 -0.692038 0.056980 -0.283108 0.287241 0.025898 0.515355 -0.161931 -0.868825 0.101686 -0.012572 0.719406 0.191619 -0.186536 0.027756 0.118839 -0.021969 -0.489438 -0.278101 -0.047033 -0.018804 0.027027 0.126100 -0.008132 0.294688 -0.497640 -0.378087 -0.099160 0.499166 -0.105463 0.082333 -0.414319 -0.478891
done</w> -0.246632 -0.162343 0.062237 0.212200 -0.257622 0.375902 0.256327 0.125065 -0.761106 -0.155446 -0.224769 0.400408 0.052501 -0.046785 -0.263879 0.139412 0.254279 0.212921 -0.339765 0.856609 -0.027579 -0.194597 0.193343 0.643565 -0.128840 -0.090613 -0.082535 -0.241783 0.037276 0.368842 0.254055 0.578858 0.205021 -0.129586 -0.115210 -0.280729 -0.311231 -0.040909 -0.100301 0.053224 -0.172524 0.610915 -0.240835 -0.272230 0.787613 -0.219891 -0.185701 -0.494025 0.261223 -0.916087
sup 0.607622 0.086982 0.055610 -0.398119 -0.835946 0.143394 0.717910 0.047968 -0.405207 -0.210047 -0.458769 0.556942 -0.544464 0.355314 0.641360 0.127304 0.796525 -0.171591 -0.566272 0.188536 0.377805 -0.882385 -0.251831 0.928799 -0.571409 -0.407679 0.042430 -0.666508 -0.163331 0.904903 -0.538670 0.431212 -0.229980 -0.423650 -0.155736 -0.253494 -0.417805 0.450803 0.070104 -0.420709 -0.043345 0.248043 -0.288636 0.223286 0.474292 0.123672 0.135999 0.491084 0.018543 -0.740880
shi 0.327484 0.134420 -0.469966 0.603607 0.006599 0.768998 0.834681 -0.257358 -0.748421 -0.592455 0.073005 0.037276 -0.171184 -0.285377 0.592330 -0.427797 0.122713 -0.589716 -0.748715 0.438424 -0.175964 0.422476 0.135210 0.598008 -0.481722 -0.291625 -0.750471 0.482515 0.138780 0.218262 -0.437616 -0.450957 0.082339 0.099371 0.617498 -0.109450 0.094170 -0.385502 0.345391 -0.416004 -0.004360 0.554123 0.254375 0.178486 -0.135833 0.088608 -0.035788 0.064140 0.440997 -0.675559
owing</w> 0.170390 -0.360600 0.011782 0.277721 -0.214625 0.478084 -0.644008 -0.307643 -0.746395 -0.109987 0.084140 0.368419 -0.219082 0.506281 0.104913 0.309826 0.246184 0.239092 -0.585217 -0.193349 0.299827 -0.107956 -0.389319 0.637879 -0.229972 -0.504460 -0.440468 -0.484511 0.417962 0.415536 0.103952 -0.596209 0.089640 -0.253016 -0.250212 -0.305468 -0.339932 -0.521725 -0.699503 0.312404 0.317171 0.924374 0.658721 -0.351132 -0.042173 0.526998 -0.074879 -0.417443 -0.060448 -0.154890
least</w> -0.078895 -0.564330 0.528440 0.609322 -0.115654 0.367399 0.352002 -0.119768 -0.573580 -0.349702 -0.036389 0.087043 0.203701 0.444647 -0.176698 -0.052423 0.309972 -0.831257 -0.263775 0.145501 -0.466399 -0.016649 0.348298 0.808331 0.068598 -0.206425 -0.352885 0.099452 0.269855 0.530002 0.339643 0.290378 -0.430037 0.031369 0.379333 -0.380985 -0.246196 0.134715 -0.398461 0.229925 -0.088637 0.507962 0.361323 -0.443155 0.143520 0.228892 0.110333 -0.590628 0.380869 -0.778290
gener 0.052077 0.367013 0.408957 0.100769 0.316066 0.356081 0.367743 -0.464474 -0.441894 0.214900 0.104677 0.260657 -0.340922 0.079707 0.362765 -0.140442 0.150112 0.186911 -0.742370 0.759195 -0.311462 -0.414401 -0.052301 -0.041534 -0.519931 -0.575180 0.425477 -0.216260 -0.376594 -0.042407 -0.973414 0.503642 -0.056500 -0.397426 -0.429637 -0.015312 -0.446726 -0.703258 0.344337 -0.353516 0.236878 0.350428 0.012392 -0.084725 0.383392 -0.445618 0.046079 0.074408 0.670177 -0.657983
cur 0.252067 0.107307 0.622413 -0.560865 -0.854105 0.112470 0.474004 -0.390261 -0.379355 -0.021184 0.249873 -0.050485 -0.614278 -0.227026 0.526325 -0.314287 -0.405846 -0.159830 -0.797014 0.634070 -0.281482 -0.338259 -0.268602 0.470220 -0.443823 -0.613302 0.478002 -0.198424 -0.046952 0.407246 -1.111995 0.357632 0.027650 0.218550 0.250356 -0.127048 -0.353599 -0.568142 0.204868 -0.003397 -0.309261 0.510099 0.380704 0.368644 -0.171805 0.174740 -0.129056 0.272842 -0.236334 -0.068854
than 0.387688 0.166902 0.356711 -0.019952 -0.248117 0.675883 0.318739 -0.242780 -0.497999 0.117207 0.988836 0.039210 -0.582307 0.010771 0.314763 0.338230 -0.143751 -0.282562 -0.132292 0.039966 0.486372 -0.294985 -0.546501 0.003495 0.020378 -1.428478 0.274614 0.089530 -0.591549 0.118090 0.179186 0.298496 0.762771 -0.318367 0.644298 -0.190748 -0.444870 -0.168252 0.159728 -0.361954 -1.019855 0.084843 0.331067 0.021404 0.463213 0.080451 -0.143655 -0.637776 0.633026 -0.575345
sal -0.265607 0.143618 -0.133421 0.097137 -0.366292 0.626729 0.243477 0.060857 -0.282908 -0.133475 0.664331 -0.077274 0.434112 -0.504228 -0.063804 -0.401333 0.096216 -0.436983 -1.133794 0.861290 0.048654 0.029972 -0.025787 0.294750 -0.636970 -0.092568 -0.062850 -0.154291 -0.063967 0.622290 0.030004 0.475057 0.233418 -0.353427 0.083098 -0.130426 0.221859 -0.064699 0.222171 -0.514265 0.101463 -0.035492 0.317683 0.006830 -0.163823 0.007603 -0.032955 -0.281241 0.206836 -0.278801
bro 0.350210 -0.783633 0.000828 0.136813 -0.310064 0.587716 0.210605 -0.047986 -0.714447 -0.031505 0.092757 0.151759 -0.287228 -0.163158 0.347555 0.532516 0.249132 -0.244808 -0.260080 0.268722 0.125210 0.120761 -0.662994 -0.053285 -0.673812 -0.325124 -0.083564 -0.033747 0.172415 0.674718 0.336824 0.628521 0.119959 -0.139219 0.035938 0.140845 0.011744 -0.289097 -0.387530 -0.342862 0.289371 0.001121 -0.080194 -0.459753 -0.294007 0.352334 0.204363 0.154959 0.240136 -0.433173
ef -0.182784 0.025617 0.602168 0.014047 -0.432316 0.785320 -0.201463 0.267131 -0.622433 0.406739 0.165063 -0.063906 -0.055288 0.261199 0.154379 -0.546950 0.495440 0.040766 -0.619653 0.218854 -0.307426 -0.330632 0.117061 0.038160 -0.437956 -0.234139 0.087687 -0.181585 0.530396 0.307234 -0.269658 0.952242 0.294630 0.348355 0.002707 -0.241713 -0.352871 -0.089154 -0.160706 -0.003366 -0.051052 -0.626769 -0.066893 -0.733867 -0.483284 0.411938 0.079222 -0.323672 0.247191 0.030002
comes</w> 0.322643 0.133060 0.326532 0.690832 -0.160339 0.197906 0.086560 -0.032650 -0.512169 -0.050728 0.084064 0.035918 -0.319600 0.313991 0.073884 0.359004 -0.177715 -0.085552 -0.335771 -0.080592 0.215009 0.082767 0.665571 -0.144703 -0.255990 -0.364197 -0.005177 0.293377 0.124263 0.507821 -0.100475 0.551816 0.022612 0.223104 -0.255475 -0.499549 -0.147192 -0.537947 -1.049441 0.195860 0.558322 0.183014 -0.124168 -0.198024 -0.337375 0.539594 0.138978 -0.609240 0.051176 -0.561737
fun</w> 0.078205 -0.057447 0.287083 0.338440 -0.262644 0.341852 0.270930 0.030928 -0.125125 -0.119190 0.132396 0.606456 0.178871 -0.173482 0.004682 -0.112293 0.441871 -0.018811 -0.472770 0.440654 -0.057912 0.053361 0.004395 0.460548 -0.080786 -0.172701 -0.022896 0.228874 -0.403056 0.319706 0.338289 0.341738 0.267631 -0.408312 -0.370283 -0.540575 -0.501025 -0.178818 -0.125440 -0.013001 -0.246758 0.792528 -0.085889 -0.503307 0.518839 -0.350414 0.005554 -0.321259 0.431421 -0.450263
z</w> -0.005942 0.129523 0.316662 -0.118491 0.179133 -0.040830 0.278042 -0.130188 -0.710053 -0.347627 0.417793 0.273768 0.001473 -0.236909 -0.503205 -0.068330 -0.768096 -0.188573 -0.431201 0.157109 0.018165 -0.300407 0.261229 0.057029 -0.450503 -0.987433 0.006992 0.179600 0.354509 0.030651 0.140248 -0.015958 0.036733 -0.292406 0.238148 -0.435907 -0.093853 0.558499 0.011156 0.203808 -0.821510 0.065126 -0.322260 -0.191687 -0.038609 1.100083 -0.433440 -0.052489 -0.091108 -0.143112
surpri 0.144759 0.236175 0.128961 -0.251983 -0.266239 0.007115 0.749594 -0.368083 0.062042 -0.254263 0.049886 0.339757 -0.515909 -0.141035 0.366333 -0.377875 0.967908 -0.025746 -0.311701 1.143964 0.319621 0.401717 -0.314260 0.438000 -0.342988 -0.519992 0.745044 0.313598 -0.335644 1.321844 -0.165963 0.775024 -0.305171 -0.301182 -0.245712 -0.301551 -0.778696 -0.240408 -0.152178 -0.718056 -0.205449 0.596589 0.258756 -0.276978 0.224377 -0.003078 -0.076564 -0.485964 0.302287 -0.508265
hum 0.721152 0.279576 0.537854 -0.095510 -0.604537 0.296545 0.503191 -0.700695 -1.270508 -0.064256 0.465003 0.205031 0.005847 -0.049173 -0.024599 -0.147254 -0.060130 -0.262407 0.049284 0.529216 -0.594191 -0.284408 -0.188650 -0.076084 -0.691354 -0.047678 -0.122764 0.566796 -0.069560 0.370603 -0.515109 0.330233 0.433409 -0.399646 0.261365 -0.475845 -0.434898 -0.434475 0.075322 -0.226846 -0.263736 -0.082962 -0.398285 -0.411069 -0.198039 -0.074880 -0.060390 -0.080800 0.349232 -0.118681
low</w> 0.043442 0.387536 0.111944 0.151512 -0.239369 0.097040 -0.131106 -0.512595 -0.792238 -0.352233 -0.360534 0.210221 -0.361881 -0.257613 -0.059430 -0.166980 0.238361 -0.197542 -0.535433 0.586638 0.031969 0.061518 -0.008496 0.440641 -0.463128 0.211703 0.595903 0.183283 0.076491 0.726763 0.109466 0.191632 -0.068647 0.005340 -0.377440 -0.777416 0.121578 -0.128191 -0.151241 -0.282624 -0.477193 0.691971 0.033631 -0.267267 0.258454 0.390665 -0.374506 -0.278944 0.231358 0.058158
prov 0.498071 0.442614 0.182646 -0.045548 0.212375 0.079474 0.922125 0.558202 -0.433429 0.406959 -0.194771 0.201820 0.025645 0.117361 0.193821 -0.365336 -0.100709 0.324846 -0.496049 0.422226 0.210474 -0.016773 -0.406499 0.552571 -0.939600 -0.556691 -0.046127 -0.174577 -0.630389 0.364127 -0.676367 0.585082 -0.336497 -0.691486 -0.054847 0.028999 -0.206749 -0.188756 -0.572656 0.082719 0.555832 -0.273013 0.173400 0.201896 0.685304 0.388051 -0.319441 0.191277 0.522958 -0.838836
ative</w> -0.017940 0.663495 0.541354 -0.059824 0.665176 -0.002200 0.051853 -0.666950 -0.226738 0.036459 -0.520233 0.407836 -0.336801 -0.029745 -0.201307 0.045502 0.178543 0.380401 -0.945872 -0.084908 -0.417230 -0.151124 -0.029380 0.288225 -0.316147 -1.386621 -0.259073 0.207643 0.599579 0.063977 -0.321353 -0.067938 0.212713 -0.521427 -0.638975 0.143010 -0.005835 0.002480 -0.362964 0.372755 0.308329 0.379009 -0.185626 0.084436 0.361505 0.238872 -0.032921 -0.003856 -0.375207 0.131119
place</w> 0.195176 -0.305276 0.318715 0.529708 -0.197754 0.303677 0.263057 -0.004970 -0.397172 -0.185339 0.131816 0.315505 -0.197320 0.075179 0.275926 -0.522376 0.139784 -0.288995 -0.696351 0.198745 -0.200742 -0.320689 0.181929 0.062477 -0.128374 -0.061712 -0.135930 0.021943 -0.238377 0.293164 0.295064 0.047729 -0.107401 -0.467325 -0.331736 -0.401739 -0.336981 -0.042497 -0.665198 -0.121502 -0.112617 0.518016 0.117449 -0.405207 -0.018359 0.424952 -0.014779 -0.190636 0.152038 -0.147255
tw 0.046290 -0.354626 0.298585 0.133844 0.030293 -0.009726 0.821260 -0.271844 -0.294537 0.568892 -0.051807 0.366904 -0.171824 0.325655 -0.093331 0.169975 0.112615 0.040995 -0.365638 0.443767 0.055024 -0.766967 -0.194361 0.049438 -0.456201 -0.847080 -0.298894 0.298119 0.140352 0.559571 -0.191695 0.314393 0.105298 0.158035 0.160961 -0.019734 0.251382 -0.448497 0.409711 -0.303286 -0.272172 0.607300 0.334944 -0.333280 -0.111355 -0.371294 0.629254 0.159016 -0.214919 0.137572
point</w> 0.052907 -0.394512 0.432816 0.346611 0.006744 0.414194 0.238966 0.021876 -0.413740 -0.036710 0.299602 0.181874 -0.089101 0.206558 -0.153117 -0.328378 0.150579 -0.090098 -0.545043 0.443090 -0.160107 -0.344842 0.109551 0.124173 -0.099896 -0.109338 -0.234993 -0.165610 0.234278 0.159083 -0.217548 0.212264 -0.196716 -0.296980 -0.245117 -0.432675 -0.323470 -0.408798 -0.630102 0.059046 0.039731 0.392135 0.129567 -0.548435 0.071042 0.094767 0.202067 -0.508717 0.380065 -0.068356
tions</w> 0.079061 -0.184562 0.251118 0.043429 0.393420 0.099640 0.572879 -0.361802 -0.673094 -0.088678 -0.362965 -0.226244 0.103106 0.503791 0.635459 0.426734 -0.124010 -0.200664 -1.230866 0.432269 -0.232265 -0.322754 0.284984 -0.336809 0.459286 -0.195417 -0.221285 0.078926 0.853192 0.026373 -0.436692 0.265145 0.364451 -0.613108 0.343257 -0.843490 -0.245909 -0.215250 -0.171459 0.046345 -0.550204 0.885143 -0.087190 0.045087 0.273413 0.348831 -0.612484 -0.167406 0.540897 0.331240
saw</w> 0.382583 0.298544 0.158936 0.503870 -0.119309 0.719958 0.199875 -0.147029 -0.740848 -0.266390 0.303040 0.838217 -0.132198 0.559929 -0.043183 -0.567161 -0.200710 -0.485584 -0.324431 0.091692 0.650846 -0.363165 0.642860 0.213483 0.009462 -0.301418 -0.490547 -0.114330 -0.004168 0.199463 0.060221 0.642576 -0.681434 0.074229 -0.136733 -0.194545 -0.280370 0.003041 -0.687949 0.044039 -0.451109 0.467030 0.431592 -0.132250 0.037467 0.392368 -0.101881 -0.540876 0.169850 -0.937203
any -0.103519 -0.151591 0.173367 -0.027805 -0.329217 1.177946 0.337099 -0.234296 -0.416935 -0.341595 0.330139 0.179929 0.129939 0.044234 0.182068 -0.129650 0.360403 0.117028 -0.015408 0.105701 0.202199 0.177209 0.373566 0.268153 -0.328593 -0.443171 -0.122937 0.306071 -0.432349 0.295086 0.531214 0.717775 0.367020 -0.317098 -0.287903 -0.427254 -0.827472 -0.008859 -0.619347 0.170207 0.203895 -0.050229 0.648446 0.014638 0.970700 0.059605 -0.575812 -0.700373 0.505990 -0.103506
looking</w> -0.206510 -0.684235 0.257125 0.301574 -0.346756 0.144403 0.335739 0.119064 -0.676833 -0.361569 -0.069084 -0.396020 0.055623 0.060047 -0.009616 -0.028636 0.502137 -0.454764 -0.541897 0.717838 0.061254 -0.262945 0.187851 0.451395 0.246072 -0.492221 0.162965 -0.383705 -0.162663 0.496446 0.269481 0.551596 0.221084 -0.272198 0.159569 -0.340116 -0.036320 -0.349436 0.032957 0.253255 -0.606668 0.248061 -0.353267 -0.444688 0.214202 -0.262401 0.130291 -0.383019 -0.019541 -0.736754
ately</w> 0.126240 0.470218 -0.132869 -0.222617 -0.040513 0.337037 0.638503 -0.335641 -0.288982 0.301624 -0.107232 0.655950 -0.487838 0.264319 0.195952 0.358204 -0.003416 -0.272629 -0.487348 0.841514 -0.399537 0.476520 0.200140 0.725264 -0.046553 -0.698714 0.069050 -0.085661 0.398468 -0.056401 0.130550 0.331679 -0.118379 0.161294 0.333691 -0.085926 -0.489229 0.334154 -0.651193 0.296085 0.209240 0.898853 0.158804 0.506239 0.455936 1.028754 -1.067831 -0.264719 0.020927 0.067162
young</w> 0.062134 0.112060 0.045107 -0.070539 0.006325 0.253219 -0.327821 0.232328 -0.689554 -0.037331 -0.308079 0.355428 -0.284741 0.303459 -0.254537 0.135824 0.192946 -0.229018 -0.747537 0.279242 -0.182205 -0.135285 0.011754 0.008600 -0.243599 -0.348490 -0.156694 -0.065048 -0.077066 0.413676 0.507865 0.246234 0.311870 -0.359121 -0.418849 -0.491886 0.111484 -0.275676 -0.260538 -0.027904 0.133903 0.097507 -0.285515 -0.553991 -0.358633 0.039205 0.270850 -0.010313 0.047514 -0.171813
lin -0.206914 0.134707 0.116096 0.010114 0.065809 0.509195 0.250279 0.278929 -1.095712 -0.213728 0.511393 -0.003094 -0.553617 -0.039512 0.231094 -0.096793 0.092563 -0.250302 -0.359398 0.307898 -0.084878 -0.329262 -0.071782 0.131891 -0.589260 -0.218641 -0.251662 -0.184704 0.158637 0.457838 -0.181331 0.280435 0.640921 -0.583233 0.279167 -0.607662 -0.027412 -0.438579 -0.051348 -0.181090 -0.056687 -0.113635 0.703520 -0.038375 0.056144 -0.335760 -0.258108 -0.263242 0.030977 -0.182673
ve 0.241618 0.430800 0.189232 0.428990 -0.431547 0.410251 0.344037 0.009354 -0.522034 0.108667 0.380320 0.484598 -0.111258 -1.076360 0.179145 -0.176798 -0.089369 -0.001791 -0.961340 0.195484 -0.595364 -0.030008 -0.306852 0.032112 -0.296793 -0.531698 -0.158960 -0.060831 0.604907 0.184546 -0.331376 0.341218 0.158433 -0.493725 0.186275 0.222303 -0.036096 -0.343849 -0.445104 -0.187275 0.768287 0.210419 0.417577 -0.138364 -0.099802 -0.080128 -0.045451 0.236008 -0.241068 -0.355404
mil -0.199835 -0.005858 0.532731 0.240340 -0.256138 0.344514 0.121844 0.167047 -0.568215 -0.212854 0.519997 0.154131 -0.536623 -0.276708 -0.181647 -0.125642 -0.360963 -0.187684 -0.829090 0.735723 0.187682 -0.281167 0.094081 0.226404 -0.574463 -0.632632 -0.042051 0.130692 -0.517586 0.560050 0.227136 0.073923 0.429896 -0.326433 0.198692 0.209986 0.330807 -0.616645 0.389987 -0.307795 -0.162311 -0.042796 -0.095041 0.075777 -0.044629 -0.052768 0.096922 0.037771 0.153276 -0.443373
gen 0.396362 0.064028 0.136604 -0.043130 -0.095706 -0.336873 0.800374 0.110234 -0.950899 0.195955 -0.033580 -0.143257 0.274865 -0.050966 -0.108754 -0.622330 -0.038165 0.064398 -0.847876 0.730392 0.021006 -0.753760 -0.291452 0.423809 -0.690076 -0.634403 -0.181098 -0.119499 -0.192482 0.017305 -0.608270 0.143193 0.400820 -0.423352 -0.017553 -0.457089 -0.136797 -0.069656 -0.407379 -0.046334 -0.229017 -0.601982 -0.139829 -0.316549 -0.408707 -0.170861 0.024200 0.041775 0.143382 -0.245193
different</w> -0.229027 -0.235472 0.344604 -0.105091 0.215006 0.189349 0.068634 0.157479 -0.460368 -0.105601 -0.184531 0.211297 -0.132705 0.266745 -0.118138 0.273467 -0.028003 0.053735 -0.604082 0.506565 0.129775 -0.002203 0.224158 0.244539 -0.013729 -0.134788 -0.246577 0.284858 -0.163160 0.278611 0.177812 0.573787 0.382939 -0.450079 -0.382778 -0.422456 -0.441709 -0.215574 -0.443115 -0.071193 -0.260781 0.215562 0.322726 -0.314676 0.504788 -0.312896 -0.010008 -0.245004 0.012041 0.066317
sed</w> -0.054433 0.268496 0.184873 0.018775 -0.083987 0.068438 0.586646 -0.517859 0.425271 -0.014792 -0.170672 0.208462 -0.280248 0.304083 0.458791 0.270848 0.495134 0.142552 -1.111433 0.575459 -0.211301 0.168466 0.058584 0.560929 -0.022578 -0.623339 -0.137609 0.428244 0.679398 0.234612 0.076914 0.008704 -0.165555 0.122642 -0.413732 -0.442874 -0.594670 -0.159125 -0.270446 -0.052090 -0.205051 1.049075 -0.159534 0.382575 0.062097 0.392957 0.108430 -0.109341 0.196376 -0.811498
order</w> 0.060822 -0.145941 0.298649 0.787716 0.118208 0.359593 0.533788 0.006133 -0.203862 0.015227 0.372677 0.165149 -0.165625 0.195865 0.403553 -0.564555 -0.040884 -0.087947 -0.764635 0.475376 0.159443 -0.086294 0.270357 0.424995 0.042261 -0.399623 -0.196843 -0.137561 -0.054774 0.326250 -0.115671 -0.035828 -0.252993 -0.164438 0.001487 0.035102 -0.259967 -0.172880 -0.364099 0.011499 0.001792 0.540768 -0.063433 -0.427494 0.239003 0.063369 0.141024 -0.387395 0.371500 -0.634705
stic</w> 0.071400 0.868869 0.587362 -0.498760 0.074436 0.608640 -0.203868 0.130491 -0.121190 -0.402781 -0.283285 -0.106766 0.178693 0.238866 -0.289965 0.365211 -0.272239 0.392708 -0.670873 0.165331 -0.230496 -0.169560 -0.152768 0.194346 -0.166469 -1.117520 0.054267 0.219393 0.274288 -0.037531 -0.108322 0.284626 -0.033199 -0.063379 -0.180841 -0.768241 -0.545433 0.460126 -0.535648 -0.023627 -0.001613 0.215274 -0.265713 0.351651 0.092545 0.282221 -0.199852 0.428862 0.195750 -0.361150
coun -0.540818 -0.213552 0.536757 0.255549 -0.806747 0.819577 0.140429 -0.030638 -0.148809 0.446082 0.754447 -0.078996 -0.281897 -0.332282 0.426741 -0.318144 -0.269562 -0.025579 -0.868021 0.381997 -0.111383 -0.325225 0.130989 -0.004341 -0.081240 -0.018472 0.023814 -0.083747 0.504845 0.628270 -0.197531 0.788604 0.327782 -0.120133 0.228783 -0.296921 -0.167308 -0.171612 0.118427 0.310148 -0.020720 -0.078626 0.371677 -0.534491 0.047052 0.008087 -0.070649 -0.504626 -0.017123 0.032287
dog</w> 0.411876 -0.237489 0.206294 -0.146850 -0.350744 0.278344 0.274312 0.013347 -0.740460 -0.408675 0.357765 0.243839 -0.072293 -0.182403 -0.053553 0.316803 0.065881 -0.129993 -0.169194 0.142648 -0.087364 -0.372889 -0.089640 0.226398 0.422989 -0.405560 -0.118645 -0.064410 -0.418725 0.419087 -0.143565 0.030582 -0.039937 0.055008 0.131943 -0.552305 -0.241915 -0.362215 -0.053511 -0.161304 0.036757 0.217736 0.135738 -0.669482 -0.192195 0.220066 -0.026328 -0.179589 0.019774 -0.300847
pri 0.144251 -0.009063 0.076409 0.577482 -0.083479 -0.012919 0.755204 -0.148375 -0.402457 -0.025436 -0.603792 0.264378 -0.175822 -0.138876 -0.152059 -0.225205 0.463995 -0.078475 -0.766708 0.629721 0.405774 -0.367705 -0.512545 0.099415 -0.211249 -0.369057 -0.298147 0.037387 -0.405947 0.497578 -0.342489 0.059973 -0.018341 -0.376686 -0.288630 -0.470080 0.091547 -0.479192 0.422321 -0.326390 0.189139 -0.101197 -0.161263 0.077599 -0.274687 0.228999 0.173350 0.235550 0.181666 0.000091
pres 0.100450 -0.308067 0.321733 -0.223408 0.252091 0.516784 0.639255 0.161047 -0.332289 0.286253 -0.606357 0.394133 -0.454754 0.524872 0.465329 -0.051118 0.097575 0.159119 -1.483175 0.599245 -0.558563 -0.022054 -0.683156 0.585734 -0.727766 -0.339738 0.125475 0.377584 -0.735719 0.413339 -0.424215 0.563421 -0.321466 -0.174378 -0.553749 -0.034593 -0.495763 -0.108014 -0.406440 -0.311244 0.540448 0.535607 0.169176 0.297851 0.058978 -0.074644 0.047975 0.670245 0.449677 -0.112343
ot</w> 0.071685 0.347173 0.480828 0.698284 -0.347503 0.291426 0.121010 -0.377286 -0.283110 0.507099 0.067858 0.081005 0.031847 -0.040433 -0.258442 0.302509 0.157869 0.569143 -1.021366 0.401765 0.142959 0.052375 -0.749624 0.474340 -0.193310 -0.786774 0.422828 0.357657 -0.056786 -0.020699 -0.111497 -0.501990 0.620928 -0.479427 -0.128256 0.017033 0.016688 0.239725 -0.544734 0.033859 -0.609099 0.517531 -0.314106 -0.566730 0.068452 1.005691 -0.087679 -0.136505 0.075112 0.342927
appe 0.521862 0.213760 0.439574 0.523216 -0.269032 0.256002 0.600581 0.413490 -0.435787 0.743760 0.115837 -0.370945 -0.173913 -0.085001 -0.211791 -0.068282 -0.040918 -0.584447 -0.296305 0.516597 -0.152461 -0.273952 -0.249553 -0.342739 -0.700874 -0.249271 -0.720727 -0.134224 0.457427 0.637058 -0.074425 0.611035 0.304839 -0.053519 0.214194 -0.147368 0.002450 -0.652402 -0.350430 -0.355897 0.202251 -0.019321 0.305908 -0.839653 0.427931 -0.331790 -0.136776 -0.119127 0.455767 -0.544379
pi 0.308953 0.262037 0.036621 0.156790 0.291882 0.317992 0.779834 -0.106904 -0.506715 -0.194905 0.132744 0.062494 -0.456071 -0.671901 0.218295 -0.323173 0.326695 -0.167739 -0.780000 0.379464 0.057606 0.114696 -0.160254 0.501000 -0.239789 -0.388802 -0.302790 0.360059 -0.056750 0.286460 0.030560 -0.085276 0.436502 -0.237999 0.499582 -0.296356 0.286356 -0.315780 -0.120901 -0.160823 0.037674 -0.361337 -0.273488 -0.379731 -0.340579 -0.009086 -0.118490 0.224690 -0.039958 -0.103230
minutes</w> -0.236971 -0.586698 0.476726 0.422634 -0.243926 0.514473 -0.008751 0.116133 -0.706208 -0.543634 0.326951 0.678560 -0.277492 0.144123 0.225779 -0.741946 -0.641272 -0.807609 -0.397575 0.364681 -0.094119 -0.266341 0.515014 0.149958 -0.531923 -0.289237 -0.206522 0.337806 -0.232005 0.436285 0.568789 0.128987 0.164766 -0.378902 -0.059656 -0.167503 -0.238723 -0.158642 0.142965 0.596762 -0.504861 0.387750 -0.008669 -0.776000 0.028988 0.363669 -0.588716 -0.715711 0.600812 -0.271684
chi -0.047106 0.391949 -0.006753 -0.011421 0.434037 0.340666 0.034802 -0.019623 -0.499539 -0.247529 0.336403 0.038489 -0.275078 -0.560232 0.570128 -0.534625 -0.100932 -0.385631 -0.425992 0.478129 0.108633 -0.158152 -0.604171 0.609596 -0.629694 -0.564236 -0.457011 -0.095498 -0.097500 0.370980 -0.211654 0.251150 0.667008 0.007690 0.782004 -0.644109 -0.197048 -0.136355 -0.074771 -0.302380 -0.589318 0.703882 -0.291077 -0.207464 -0.208334 0.081951 -0.158607 0.172790 0.042939 -0.293328
probably</w> 0.309105 -0.152566 0.257239 0.513164 -0.064973 0.548769 0.202052 0.557499 -0.735639 -0.231110 -0.005206 0.191700 -0.122520 0.083974 -0.187043 0.020267 0.468826 0.134761 -0.263647 0.836652 0.038600 -0.418089 -0.029768 0.282995 0.257938 -0.143709 -0.011436 -0.600844 -0.423827 0.538299 -0.098345 0.367025 -0.289699 -0.360675 -0.244581 -0.374261 -0.137950 0.423315 -0.196113 0.036683 -0.366711 0.483342 0.119377 -0.094597 0.182319 0.376115 0.300562 -0.091210 0.183020 -0.487213
cle 0.141187 -0.115707 0.315342 0.145767 -0.384670 0.255192 0.651619 0.108835 -0.587953 0.060714 -0.010104 -0.014587 -0.073822 -0.386539 -0.045573 -0.055710 0.253091 -0.117018 -0.099089 0.266882 -0.113590 0.257793 -0.144699 -0.125690 -0.394897 -0.494015 0.138892 -0.394169 0.589837 0.429051 -0.032945 0.633322 0.348482 0.224038 0.401087 -0.742782 -0.071510 -0.214423 -0.445536 0.029098 0.022166 0.100549 -0.345201 -0.722360 0.274734 -0.255585 -0.328658 -0.116337 0.934811 -0.378357
ill</w> 0.250493 -0.116804 -0.235424 0.127607 -0.246059 0.340992 0.342782 0.274489 -0.264247 0.211575 0.321647 0.040504 -0.024877 0.041909 -0.018097 0.013837 0.081182 0.004665 -0.809752 -0.223484 -0.139735 0.312312 -0.142985 0.213564 0.088901 -0.987914 0.051345 -0.010749 0.352236 0.188556 0.200086 0.088627 0.215325 -0.420781 0.244836 -0.075100 -0.321124 -0.214074 -0.093947 -0.359270 -0.486840 0.518399 0.155703 -0.413893 -0.022840 0.469531 -0.635264 -0.447364 -0.394357 -0.324178
har 0.299198 -0.144111 0.056708 -0.188954 -0.244144 -0.048225 0.182154 -0.068245 -0.220461 0.036625 0.202469 0.127232 -0.144041 -0.269149 -0.265530 -0.368956 0.279305 0.001630 -0.807018 0.435679 -0.034914 0.050832 -0.185710 0.384132 -0.555273 -0.457454 -0.049128 -0.244027 -0.131304 0.260187 -0.282074 0.201454 0.291031 -0.297708 -0.278046 -0.000581 -0.484126 -0.093882 -0.148110 -0.192479 -0.344832 -0.150940 0.303812 -0.162452 -0.188699 0.227131 0.091122 -0.180805 -0.380638 -0.427428
8</w> -0.293576 -0.311327 0.443486 0.162787 0.020136 0.531564 0.244699 -0.160253 -0.770253 -0.706353 0.216813 0.633528 -0.431922 0.067167 0.029559 -0.566630 -0.652646 -0.477065 -0.386468 0.097983 0.062483 -0.097125 0.380959 0.029211 -0.322042 -0.980635 0.252684 0.200310 -0.085961 0.357284 0.146962 -0.472413 0.348744 -0.081758 0.116139 -0.492476 0.012170 0.010746 0.252259 0.554169 -0.459533 0.299600 0.039527 -0.731689 0.164598 0.654286 -0.477359 -0.667828 0.243308 0.167535
ans 0.077483 0.080065 -0.054713 0.390872 0.009583 0.595480 -0.130423 0.191043 -0.438913 -0.221720 -0.016990 -0.066497 -0.769414 0.844176 0.410602 -0.189229 0.329728 0.501164 -0.761549 0.209590 -0.205149 0.158690 -0.376285 0.176265 0.179940 -1.425250 0.579644 -0.635690 0.687092 0.257282 -0.434189 0.530207 0.483281 0.222392 -0.053845 -0.479481 -0.134856 -0.105815 0.054391 0.310162 0.628131 0.065671 0.266117 -0.140544 -0.302131 -0.299383 -0.380120 -0.156292 0.339024 -0.401154
dis 0.180915 -0.030006 0.194084 0.153578 0.311599 0.239891 0.460049 0.184932 0.186019 -0.062474 0.269833 -0.030381 -0.312109 0.002237 0.185919 -0.221072 0.245815 0.005502 -0.637973 0.348118 -0.047674 -0.240981 -0.146911 -0.268247 -0.292466 -0.834303 -0.279435 -0.039067 0.521590 0.326629 -0.135730 0.174412 -0.214799 -0.317173 -0.121953 0.104224 -0.190796 0.202007 -0.270211 0.174433 -0.115131 0.048087 0.354956 -0.346785 -0.111143 0.144202 0.319822 0.336126 0.212590 -0.492474
ently</w> 0.155484 0.427292 0.074218 -0.322928 0.204877 0.470135 0.554352 -0.068382 -0.340834 -0.125276 -0.118729 0.483328 -0.098853 -0.092477 -0.406363 0.457985 0.117568 0.578070 -0.866924 0.382270 -0.307381 0.160191 -0.038503 0.607951 0.232556 -0.418917 -0.638959 0.175175 0.375404 0.087378 -0.065909 -0.278069 0.172886 -0.037000 0.115853 -0.042985 -0.095421 -0.035649 -0.549135 0.311968 -0.067174 0.282652 0.266408 0.363575 0.759016 0.602788 -0.664265 0.311106 -0.208065 -0.168724
end 0.299064 0.458091 -0.285312 0.047762 -0.134641 0.481221 -0.072711 -0.163513 -0.642838 0.122694 -0.595294 0.129542 -0.478630 0.355101 -0.151998 0.011052 0.045033 -0.169623 -1.117691 0.557598 -0.020773 0.216704 -0.211382 0.325684 -0.650386 -0.416059 -0.188500 0.051702 -0.022835 -0.066848 -0.201953 0.032558 0.543039 0.222411 -0.538636 -0.222495 0.072740 -0.591544 0.013969 -0.335055 0.421785 -0.242622 0.259839 -0.068557 0.291356 0.209056 -0.364336 -0.162914 -0.348133 0.087792
bre 0.189476 -0.289726 -0.631840 0.452290 -0.096752 -0.026436 0.337514 -0.278558 -0.346694 -0.326506 0.909088 -0.396995 -0.155171 0.261090 0.033893 -0.180391 -0.013341 -0.228067 -0.297915 0.049575 0.100442 0.308617 -0.684605 -0.011202 -0.440804 -1.046667 -0.365580 -0.249888 0.094801 0.713124 -0.361917 0.166711 0.343255 -0.185267 0.111574 -0.409592 0.234876 -0.137651 -0.237197 -0.254344 0.133825 0.062269 0.134995 -0.617309 0.425178 0.599734 0.308329 0.113418 0.417729 -0.797479
ak</w> -0.104763 -0.061184 0.059230 -0.186723 0.013496 0.663060 0.064093 -0.244117 -0.051906 0.251949 0.203783 0.132489 -0.170089 0.189068 -0.187533 0.532574 -0.276268 0.246833 -0.280159 -0.159557 -0.072734 -0.160689 0.105466 0.475079 -0.190820 -0.822141 -0.348358 0.269479 0.511105 0.741209 0.310419 -0.444973 0.260094 -0.493547 -0.292543 -0.544760 -0.271292 0.382049 -0.766385 -0.060696 -0.489589 0.854430 -0.268344 -0.745413 -0.065409 0.514802 0.192298 -0.131701 0.648189 -0.283072
kind</w> 0.326155 -0.179514 0.678448 0.196616 -0.217861 0.104713 -0.190559 0.089572 -0.628402 -0.368598 0.036986 0.517641 0.279087 0.209643 -0.355611 -0.420268 0.463968 -0.107860 -0.709955 0.498457 -0.274604 -0.273725 -0.098954 -0.077160 -0.107974 -0.394055 -0.205062 0.046232 -0.115850 0.284158 -0.003428 0.239627 -0.330289 -0.496348 -0.668299 -0.543814 -0.500622 0.194789 -0.379059 0.249751 -0.417604 0.425063 0.116209 -0.899108 -0.005328 -0.077623 -0.063781 -0.072167 0.328617 0.001677
7 -0.359808 -0.609847 0.725455 0.132969 -0.175153 0.550714 0.351556 -0.288225 -0.855178 -0.992924 0.345434 0.484961 -0.271557 0.206065 -0.163556 -1.161299 -0.713813 -0.418847 -0.335396 0.165901 -0.008120 -0.390600 0.548761 -0.054062 -0.285875 -1.162487 0.426074 -0.213053 -0.165447 0.398323 0.176003 0.239491 0.329379 -0.171110 0.157708 -0.519590 0.475531 -0.294837 0.551740 0.329153 -0.342938 -0.115376 0.172516 -1.137008 -0.254768 0.730106 -0.410734 -0.579595 0.466609 0.126386
led</w> -0.496394 0.199685 -0.003994 0.688174 -0.423106 0.613610 0.740523 -0.119139 -0.766023 -0.214358 0.109252 0.099472 -0.237599 0.071904 0.115069 0.521367 0.071175 0.099928 -0.736929 -0.479150 -0.189501 0.073478 0.219812 -0.255228 0.150865 -0.721058 -0.312829 0.336883 0.430628 0.262417 0.134469 -0.265805 -0.036581 -0.191967 0.044536 -0.529014 0.316716 -0.600822 -0.184662 -0.104541 -0.059133 0.517405 -0.248451 -0.557847 -0.568877 0.290982 -0.078987 -0.264600 -0.571867 -0.043301
typ 0.548464 0.371065 -0.089545 -0.068593 -0.269031 0.328242 0.120995 0.013117 -0.936281 -0.809540 0.536466 0.344435 0.395287 -0.079635 0.050572 -1.077273 -0.595674 0.065237 -0.689101 1.022609 0.198602 -0.561166 0.142949 0.076751 -0.900379 0.006930 -0.370408 -0.043354 0.020106 0.329157 -0.490704 0.243307 0.112669 -0.858742 0.156515 -0.571838 0.176108 0.087750 -0.419233 -0.237869 -0.406100 -0.327722 0.201561 -0.529475 -0.101753 -0.064278 -0.015619 0.129649 0.147579 -0.269956
stuff</w> 0.381375 -0.089527 0.265731 0.308404 -0.255516 0.387117 0.017394 -0.261189 -0.350480 -0.336647 0.277778 0.371518 0.020338 0.289283 -0.176645 -0.485189 0.258965 0.068669 0.015765 0.555440 -0.138327 -0.392150 -0.022276 0.302469 -0.118419 -0.463768 0.063356 -0.257831 0.178071 0.001275 0.099341 0.226496 -0.351857 -0.519373 -0.121190 -0.303140 -0.221017 -0.092040 -0.428731 -0.038656 -0.016443 0.639834 -0.000607 -0.291539 0.244614 0.052759 0.022497 -0.375947 0.305438 -0.276619
maybe</w> 0.322181 0.053297 0.190613 -0.087362 -0.142602 0.665862 0.365548 -0.306035 -0.976387 -0.249816 0.445768 0.437889 -0.143452 0.218683 -0.357390 -0.228943 0.001596 -0.566973 -0.050423 0.327760 0.569724 -0.216359 0.258380 0.230981 -0.088578 -0.371302 0.239066 -0.350516 -0.174891 0.150103 0.321330 0.387898 -0.034103 -0.198634 -0.212178 -0.128913 -0.404407 0.393481 -0.391673 -0.072174 -0.126945 0.427876 0.275085 -0.283745 0.001854 0.477596 -0.222379 -0.645545 0.398014 -0.622400
night</w> 0.017716 -0.122830 0.370141 0.529453 -0.004790 0.439342 0.220147 -0.200788 -0.757459 -0.641631 0.271860 0.398558 -0.005764 0.405025 -0.310526 -0.143118 -0.086655 -0.353638 -0.290940 0.059096 -0.483565 0.244147 0.264386 0.065720 -0.109213 -0.262503 -0.102209 0.135526 -0.128977 0.158616 -0.163580 -0.038402 0.195200 0.114016 -0.044955 -0.363293 -0.266031 -0.369850 -0.209205 -0.077057 -0.159094 0.171796 0.400456 -0.408861 0.152014 0.417217 0.354182 -0.420583 0.002638 -0.259772
ff -0.146985 0.340759 0.155490 -0.258101 -0.267865 -0.018261 0.771883 -0.059571 -0.472183 0.093297 0.276155 -0.139323 -0.534909 0.202834 0.138397 -0.173786 -0.432700 0.078479 -0.650551 0.644046 -0.083892 -0.815417 0.029937 -0.052036 -0.639054 -0.786174 -0.060171 -0.595645 0.714759 0.367907 -0.783626 -0.011795 0.418200 -0.590599 -0.418075 -0.541261 0.244187 -0.163627 -0.219695 -0.128470 0.521309 -0.113699 0.040881 -0.103797 -0.090842 -0.138480 -0.522955 0.792653 -0.265677 -0.382691
ther 0.341133 0.255593 -0.169945 -0.932362 -0.059433 0.358639 0.746635 -0.645359 -0.483206 -0.090916 0.194367 -0.222803 -0.059880 -0.156097 0.316820 -0.063513 -0.329596 0.342590 -0.349069 0.057494 0.138376 -0.528537 0.281973 -0.403275 -1.190313 -0.651581 -0.492111 0.235886 0.453270 0.741020 -0.526232 0.205530 0.259107 -0.373918 0.076435 -0.038536 0.318781 0.109420 -0.064684 -0.067107 -0.230434 0.052050 0.181233 -0.351727 0.357406 0.748564 0.070359 0.341101 0.135824 -0.455512
ling</w> -0.213904 0.330265 -0.021530 0.493660 -0.404275 0.406165 0.422686 -0.384011 -0.758110 -0.337493 0.297510 0.396777 -0.082824 0.140933 -0.138914 0.478888 0.306533 -0.224358 -0.581727 -0.264186 -0.298950 -0.018121 -0.009475 -0.050210 0.339572 -0.631498 -0.134577 0.325582 0.678719 0.315282 0.383342 0.046718 -0.020840 -0.289854 -0.017104 -0.072243 0.088605 -0.445366 -0.250746 -0.124074 -0.168629 0.319208 -0.053988 -0.453854 -0.713553 0.668863 -0.343847 -0.182877 -0.607262 0.086494
ple</w> 0.105510 0.873751 0.318660 0.148537 0.028714 0.187586 -0.193233 -0.613619 -0.117606 0.015895 -0.100916 0.637614 0.056925 -0.040135 -0.087763 -0.128355 -0.217575 -0.347225 -0.637161 0.427203 -0.005662 0.103953 0.023333 0.577452 -0.411820 -0.564643 -0.316801 0.518189 0.002362 0.554632 0.570617 0.170113 -0.163472 -0.365866 -0.280702 -0.872492 -0.604269 -0.556656 -0.311045 -0.409259 0.495831 0.658404 -0.396661 -0.212529 0.150217 0.186448 -0.775077 0.075127 0.325534 0.152940
anyone</w> 0.360808 -0.480380 0.495188 0.290475 -0.092117 0.124718 0.469778 0.299004 -0.368532 -0.023801 0.233722 0.069976 -0.002602 0.153938 -0.319938 0.255984 0.565543 0.469893 -0.274936 0.599808 0.009586 -0.239204 0.121893 -0.147937 0.217516 -0.620930 -0.227283 -0.142425 -0.717228 0.539130 0.035625 0.185917 0.213180 -0.605916 -0.566859 -0.011695 -0.447902 0.064036 -0.494194 0.605692 -0.015862 0.417977 0.165791 0.002010 0.404734 0.140901 0.074635 -0.310359 0.265975 -0.634802
hel 0.476601 -0.159431 -0.547006 0.532239 -0.085849 0.339696 0.347928 0.232248 -0.509813 -0.080725 0.072481 0.339422 -0.327278 -0.330179 0.284617 -0.022618 0.063624 -0.224754 -0.488953 0.498540 0.222639 -0.362642 -0.289008 0.481735 -0.131661 -0.508391 -0.135419 -0.210528 -0.313727 0.471991 -0.345994 0.349712 0.559791 0.007670 -0.008492 0.000486 0.514144 -0.230845 -0.372203 0.216426 -0.204866 0.367276 0.247225 0.005000 -0.320577 -0.136538 -0.154072 -0.188703 0.144007 -0.501064
view 0.358398 -0.327376 -0.093123 0.103593 -0.330165 0.155733 0.700467 0.123663 -0.547638 -0.084795 -0.085415 0.282210 -0.237891 0.548408 -0.093622 -0.484792 0.377864 -0.158440 -0.287140 0.500622 -0.366492 -0.353643 -0.137820 0.418660 -0.433016 -0.353553 -0.185481 -0.571647 -0.227593 0.850592 -0.338083 0.235139 0.227432 -0.670199 -0.483230 -0.380857 -0.448721 -0.292387 -0.502509 -0.153260 0.757647 -0.087081 0.447947 -0.576916 0.121115 -0.373369 -0.002469 -0.190637 0.101608 -0.494068
ep 0.426272 -0.439869 -0.357330 -0.229338 -0.397225 -0.448163 0.043572 -0.349945 -0.220001 -0.265485 -0.298395 0.570719 -0.247983 -0.160178 0.266649 0.176447 -0.231673 -0.100551 -0.755757 0.252628 0.018095 -0.847627 -0.491413 0.714622 -0.755325 -0.818229 -0.368974 0.132001 0.421168 0.725543 -0.381762 0.440636 0.347497 -0.189424 -0.606678 -0.253514 0.199955 -0.311494 -0.762606 -0.552531 0.544819 -0.096559 0.078213 -0.131335 0.542106 -0.062327 -0.314489 0.013843 0.066596 0.046465
music</w> 0.137258 -0.165082 0.067679 0.131506 -0.273417 0.443907 0.005687 -0.313992 -0.768798 -0.301814 0.213732 0.462166 -0.013015 0.059347 -0.175468 -0.152652 0.049879 -0.028613 -0.352662 0.458498 -0.565088 0.012137 -0.159987 0.345292 -0.281748 -0.084490 -0.078139 -0.071881 -0.204999 0.037250 -0.361710 -0.020060 0.190380 -0.279770 -0.156720 -0.535900 -0.403366 -0.023221 -0.283988 -0.367030 -0.113319 0.484342 0.030823 -0.374539 -0.016581 -0.014485 -0.184990 -0.514173 0.299057 -0.209704
ns</w> -0.037075 0.136925 0.035892 0.566257 -0.270700 0.205557 -0.013658 -0.678696 -0.650649 0.257928 0.615917 0.077478 -0.106742 0.072167 -0.083363 0.387082 0.431551 -0.153637 -0.875349 0.158017 -0.158347 -0.448267 0.075083 -0.051736 0.333162 -0.495342 -0.591170 -0.302682 0.607972 0.285708 -0.008232 -0.307236 0.511187 -0.323871 -0.649756 -0.570823 -0.881456 0.141179 -0.224534 0.153400 0.445321 1.139072 0.119558 -0.097917 0.559244 0.480874 0.416432 -0.013779 0.172952 -0.310050
ker</w> -0.269229 0.269538 0.330738 -0.491858 -0.250182 0.449211 0.256695 -0.369632 -0.608964 -0.373587 0.156245 0.073038 0.288156 -0.230118 -0.431704 0.188402 0.190660 -0.281557 -0.434713 -0.046773 0.009977 -0.420677 -0.192874 -0.099469 -0.050130 -0.622035 -0.123540 0.132144 0.191345 0.350791 0.131493 -0.022423 0.419685 -0.178482 -0.115733 -0.519714 0.107937 0.132443 0.232212 0.200888 -0.339354 0.878352 -0.269865 0.119434 -0.440643 0.980687 -0.338832 -0.339044 0.246028 -0.469283
ky</w> -0.222124 0.409965 0.464624 -0.327877 -0.017530 0.318887 0.254045 -0.519728 -0.482148 -0.125327 -0.105845 0.032390 -0.131019 -0.155882 -0.108384 0.471511 0.228335 -0.167080 -0.347137 0.098239 -0.055807 -0.131782 0.036527 0.144875 0.017395 -0.519047 -0.022623 0.259548 0.675378 0.436058 -0.055803 0.222965 0.435083 -0.268225 -0.173043 -0.918013 0.032482 -0.296801 -0.110447 0.054260 -0.254291 0.315680 -0.139036 -0.049389 -0.440050 0.683091 -0.451728 0.015583 -0.524605 0.043868
making</w> 0.188765 0.059802 0.230869 0.441463 -0.372175 0.354787 0.008562 0.116264 -0.807373 -0.215551 -0.325045 0.379062 -0.104957 -0.130964 -0.078414 -0.339914 0.026414 -0.313819 -0.478426 0.053120 0.105465 -0.097438 0.126504 0.355706 -0.199562 -0.260604 -0.021312 -0.076014 -0.022621 0.270429 0.063609 0.231221 -0.087309 0.118486 -0.324398 -0.416344 -0.074023 -0.227691 -0.353628 -0.089110 -0.361613 0.433324 0.063758 -0.492571 -0.136393 0.196270 0.221635 -0.116298 0.096195 -0.196151
sur 0.500068 -0.338630 -0.161822 0.320378 0.269084 -0.024327 0.339353 0.481876 -0.510610 -0.295649 -0.112301 0.130274 -0.220795 0.208295 -0.240151 -0.193379 0.319219 0.097731 -1.245035 0.395579 -0.405732 0.282427 -0.291139 0.051851 -0.760285 -0.796811 -0.353206 0.116138 -0.603732 0.153163 0.139541 0.301929 0.215059 0.117290 -0.000746 0.198068 -0.068455 -0.324399 -0.081859 0.540769 0.435226 -0.018561 0.232634 0.013663 -0.182824 0.401226 0.185456 0.331540 -0.204411 -0.195525
friend</w> -0.097000 0.270627 0.188381 -0.016445 -0.263743 -0.002900 0.109751 -0.343352 -0.826199 -0.326423 0.375817 0.464569 -0.236911 0.204532 -0.301720 0.067430 0.186356 -0.336940 -0.519900 0.201327 0.117136 0.042626 -0.053207 0.008545 -0.089372 -0.347847 0.189210 0.116956 -0.281725 0.192981 0.028453 0.122666 0.353155 -0.030997 -0.510462 -0.215967 -0.222770 -0.221010 -0.299377 0.121963 0.169713 0.232990 -0.192336 -0.971168 -0.417849 0.394300 0.123991 -0.531629 -0.244863 -0.149474
script</w> -0.008062 -0.114078 0.031824 -0.211758 0.023259 0.136159 0.185593 -0.400027 -0.457912 -0.332496 0.016629 0.347740 -0.027412 0.248508 -0.275228 -0.066808 0.111646 0.172802 -0.713424 0.355642 -0.127655 -0.135889 -0.138678 0.301367 -0.104561 -0.367742 -0.149784 -0.132652 -0.120157 0.077761 -0.102842 -0.099116 -0.207534 -0.537405 -0.106348 -0.453727 -0.654469 -0.048724 -0.522302 -0.552261 0.091573 0.773573 -0.229668 -0.455726 0.193641 -0.009017 0.134498 -0.312263 0.337172 -0.321415
read</w> 0.184036 0.056223 -0.076970 0.220961 -0.149376 0.478093 0.348506 -0.189264 -0.565950 -0.040795 0.021393 0.366613 0.006619 0.361787 0.192703 -0.365417 0.212003 0.070413 -0.632346 0.164049 0.382382 -0.060378 0.135552 0.232808 0.130250 -0.408253 -0.126930 -0.220373 0.140598 0.317827 0.154501 0.180632 -0.025297 -0.038149 -0.184730 0.293173 -0.398779 0.126333 -0.165310 0.214243 -0.107420 0.310404 0.103488 -0.341237 0.169964 0.381853 0.071338 -0.447405 0.401116 -0.492576
gar -0.006379 0.144359 -0.355908 0.299391 0.004446 0.103469 0.167552 0.099693 -0.504003 0.119492 -0.029783 0.225353 -0.436734 0.339810 0.132096 -0.458860 0.239034 0.234717 -0.706655 0.144449 -0.579599 -0.186677 -0.254406 0.033267 -0.753617 -0.504466 -0.046426 0.361380 -0.064081 0.305552 -0.281324 0.102376 0.389930 -0.585530 0.175409 -0.032435 -0.222549 -0.040101 -0.512573 -0.080201 0.052746 -0.646507 0.178920 -0.435621 -0.156926 0.581566 0.091232 0.085439 -0.178282 -0.278433
black</w> 0.305356 0.128782 0.368701 -0.087795 -0.055839 0.111385 0.072999 -0.018058 -0.747132 -0.175321 -0.021860 0.007451 -0.105794 0.074958 -0.031118 0.059215 -0.113534 -0.098142 -0.607040 0.020512 -0.096060 -0.315355 -0.009184 0.055337 -0.426852 -0.122914 -0.042430 -0.100504 -0.068876 0.355725 0.012897 0.324993 0.159079 -0.374116 -0.322785 -0.635336 0.098012 0.119463 -0.300307 -0.405563 -0.297992 0.152837 -0.305208 -0.137972 -0.252492 0.514303 -0.028343 0.015181 0.137890 -0.026319
ows</w> 0.324435 -0.093881 0.030280 -0.041915 -0.174557 0.530887 -0.394860 -0.274218 -0.645931 -0.002528 0.247651 0.133988 -0.291315 0.698230 -0.462100 0.460852 0.124641 0.046767 -0.849894 -0.252890 0.521236 -0.033408 -0.096583 0.575387 -0.133960 -0.493690 -0.007845 -0.709056 0.497863 0.365488 0.165919 0.132942 0.116047 -0.543742 -0.476597 -0.126870 -0.365844 -0.639939 -0.644602 0.677235 0.505770 0.731560 0.562231 -0.310816 0.156486 0.561927 0.067421 -0.648633 -0.136795 -0.373768
lov 0.490488 0.316776 0.012953 0.168544 0.155068 0.408561 0.304354 0.178738 -0.812348 -0.026176 0.490755 0.244408 -0.438185 0.097085 -0.466750 -0.021598 0.062998 -0.037912 -0.122222 0.363942 0.681587 -0.155200 -0.110653 -0.041622 -0.518597 -0.115791 -0.068950 -0.402263 0.017084 0.625297 0.140173 0.771922 0.327461 -0.425398 -0.237288 -0.087565 -0.083425 -0.442124 -0.575188 -0.109817 0.486685 0.198171 0.751328 -0.108574 -0.080955 -0.484039 -0.408248 -0.122203 0.194699 -0.623816
tive</w> -0.172943 -0.100656 0.296853 0.001449 0.210287 0.454505 0.256445 -0.079255 -0.583961 -0.000442 -0.328424 -0.035345 -0.112329 0.397907 0.411487 0.603894 0.140906 -0.104561 -1.110598 0.519207 -0.122049 -0.176946 0.332739 -0.110091 0.356221 -0.376007 -0.203125 0.142300 1.021144 0.103414 0.261026 0.694215 0.483090 -0.429798 -0.045868 -0.516939 -0.303215 -0.105384 -0.361828 0.098765 -0.105171 0.345279 -0.141587 0.104928 -0.120211 0.083728 -0.865153 -0.158192 0.025520 0.437402
c</w> -0.198067 0.152376 0.188876 0.276693 0.353052 0.178104 0.407215 -0.488196 -0.363337 -0.195124 0.160808 0.266852 -0.101150 0.071767 -0.095796 -0.284618 -0.148811 -0.181619 -0.785067 -0.110018 -0.404173 -0.325464 -0.220966 0.154839 -0.521427 -0.887762 0.323958 0.322841 0.662742 -0.015542 0.262236 0.012003 0.451181 -0.339930 0.135529 -0.321302 0.280130 0.289896 0.365850 -0.107370 -0.268083 -0.097098 -0.163861 -0.476899 0.139576 0.625093 -0.367346 -0.173647 -0.143248 0.076510
ear 0.617272 -0.489359 0.500969 0.123530 -0.418233 0.406583 -0.574455 -0.053718 -0.391306 0.102730 0.104361 0.615059 -0.271715 0.458320 0.275761 -0.471923 0.117411 0.161650 -0.357721 0.401078 0.008894 -0.286103 -0.285577 0.519046 -0.658425 -0.545627 -0.333857 -0.600057 -0.023425 0.791702 -0.111951 -0.048329 0.532565 -0.611341 0.134132 0.175534 -0.189589 -0.328417 -0.067031 -0.555556 0.381967 0.185787 -0.363989 -0.168187 -0.604526 0.316217 0.409695 0.108388 0.054119 -0.277880
sta 0.336081 -0.489141 0.560426 0.034998 -0.110814 -0.114440 1.020930 0.018386 -0.095843 -0.243824 0.390380 0.399584 0.002617 -0.320745 0.168756 -0.323007 0.228327 0.245947 -0.408726 0.398519 0.175600 -0.138902 -0.332154 0.298519 -0.321047 -0.887904 0.138717 0.922909 -0.034309 0.122792 -0.134395 0.377972 -0.234398 0.179084 -0.049320 -0.447138 0.095390 -0.671129 -0.246063 -0.626981 -0.223981 0.323346 0.163320 -0.320235 -0.546292 0.290667 0.295290 0.715725 0.221775 -0.666493
est -0.002482 0.032330 0.432114 -0.190914 -0.414047 0.313922 0.567048 0.312562 -0.508182 0.102238 -0.439956 0.045941 -0.109018 0.042111 -0.276227 0.100302 0.263793 0.426229 -1.248869 0.544808 -0.034257 0.363632 -0.299380 -0.068997 -0.741978 -1.017614 -0.200583 -0.377558 0.054302 0.028097 -0.120446 0.499863 0.095082 0.147246 -0.227674 0.252183 -0.098005 -0.199887 -0.297475 -0.029616 0.679307 -0.624088 -0.288719 0.103986 0.285060 0.676542 -0.043008 0.064532 0.145960 -0.283998
foll -0.027938 -0.449500 -0.021796 0.393548 -0.516959 0.555354 0.721427 -0.400894 -0.640914 0.285781 0.574083 0.003430 -0.518467 0.745098 -0.383829 0.143273 0.172099 -0.078770 -0.182287 0.084844 -0.007939 -0.485686 0.121274 0.124312 0.110732 -0.599571 -0.549921 -0.337861 -0.503521 0.682053 -0.390280 -0.102441 0.134866 0.141622 -0.200102 -0.478123 0.098192 -0.073037 -0.251147 -0.057742 0.298778 0.320042 0.588127 -0.600783 0.373355 -0.384462 0.230614 -0.111365 0.119762 -1.060676
kes</w> 0.321340 0.622116 0.413118 0.310159 -0.449700 0.266705 0.018872 0.135353 -0.280213 -0.154278 0.446895 0.420074 0.371103 0.341416 -0.064212 0.110149 -0.291605 -0.093259 -0.706006 0.278955 0.806990 -0.446989 -0.073469 0.291875 -0.319014 -0.688975 -0.125907 0.457789 0.079804 0.192667 0.561810 -0.129449 -0.177140 -0.405157 0.147621 -0.273651 -0.231805 0.091909 -0.194936 -0.260699 -0.133886 0.422153 -0.476734 0.007052 -0.300515 0.479144 -0.218857 0.077450 0.470005 -0.228455
up 0.159379 -0.262085 0.256889 0.433035 -0.094633 0.515389 0.538863 0.299833 -0.272638 -0.189207 0.168952 0.466598 -0.155153 -0.017275 0.437515 -0.463189 0.145238 -0.175151 -0.695778 0.040626 0.020153 0.118420 0.074731 0.283313 -0.095264 -0.617403 -0.335278 0.344769 -0.245992 0.703456 -0.114625 -0.113364 -0.042238 -0.155811 0.487151 0.122361 -0.389682 -0.755700 0.043538 -0.158790 0.301563 0.320077 0.432761 0.189082 0.156858 0.124345 0.181842 -0.254161 -0.123130 -0.062465
vo -0.383833 -0.447096 0.370616 0.136927 -0.404851 0.429824 0.497822 -0.514320 -0.528311 0.051522 0.056327 0.619100 -0.722920 0.317847 -0.563764 -0.277593 -0.388209 -0.328774 -0.397297 0.487930 -0.324735 -0.023235 -0.172578 0.213309 -0.012445 -0.516246 -0.071787 -0.051688 -0.068287 0.496411 -0.890227 0.374154 0.111472 -0.142653 0.189691 -0.593916 -0.087784 -0.733818 -0.077771 -0.720695 0.346632 0.103576 0.569178 -0.274847 -0.047813 -0.315396 -0.127146 0.108647 -0.168906 -0.225282
stan -0.281767 0.060599 0.222971 0.159787 -0.378434 0.233919 -0.196034 -0.217125 -0.434073 0.247985 0.026857 0.543053 -0.192308 0.026870 0.624845 -0.090982 0.095024 0.129383 -0.851703 0.295954 -0.917199 -0.576474 -0.119577 0.084500 -0.078692 -0.519217 -0.428549 0.362082 -0.214668 0.492478 -0.119198 0.629816 0.659792 -0.195347 -0.453886 -0.741314 -0.593031 0.258524 -0.270100 -0.139639 0.143134 -0.069032 0.014004 -0.013818 0.413483 -0.398146 -0.483749 -0.246268 0.115673 0.138206
looks</w> 0.468879 0.020146 0.178476 0.515042 -0.444574 0.549540 0.033825 -0.095781 -0.228777 -0.179421 0.046313 0.270880 -0.132351 0.025817 -0.376844 -0.193583 0.070552 -0.388139 -0.650511 0.459847 0.074303 -0.045851 0.149483 0.318078 -0.497565 -0.335702 0.347536 0.233130 0.011695 0.378682 0.120310 0.817698 0.083045 0.058674 -0.469711 -0.180962 -0.029301 -0.276863 -0.352236 0.438305 0.031523 0.669333 -0.027907 0.248158 0.040325 -0.172374 -0.317027 -0.374269 0.228051 -0.570338
worst</w> 0.278122 0.068478 0.473648 0.322136 -0.013203 0.370553 0.008447 0.199981 -0.608678 -0.643720 -0.016932 0.654706 0.135548 0.397165 0.037707 -0.529266 0.185832 0.124149 -0.610321 0.467754 -0.167131 -0.320039 0.643064 0.370616 -0.258563 -0.335451 -0.127603 -0.303414 0.047263 0.230115 -0.048668 0.383232 -0.799448 0.056086 -0.103794 -0.630800 -0.308074 0.079488 -0.266284 -0.116819 -0.462776 0.080484 0.057418 -0.755919 -0.291294 -0.032208 0.149037 -0.040842 0.133935 0.080563
mag 0.407669 0.426398 0.602054 -0.515638 -0.035806 0.095213 0.772692 -0.425091 -0.756912 0.437314 0.304330 0.448511 0.003094 0.243031 -0.214214 -0.100602 -0.132016 0.259353 -0.463362 0.657353 0.199050 -0.469152 -0.555760 0.511511 -1.100584 -0.442960 -0.067427 0.021856 -0.154619 -0.195865 -0.696205 0.063880 -0.103042 -0.738883 0.110704 0.083240 -0.099609 0.002926 -0.430881 -0.356442 0.084976 -0.526629 0.038061 -0.034552 0.177806 0.104572 -0.052835 0.221842 0.340072 -0.915529
8 -0.276386 -0.720059 0.601772 0.240631 0.030360 0.603151 0.321527 -0.174683 -1.035330 -0.711938 0.363185 0.364857 -0.475066 0.266842 -0.253841 -0.996396 -0.757488 -0.264636 -0.419294 0.174468 -0.180308 -0.285095 0.404023 0.173221 -0.334822 -0.886537 0.312675 -0.391334 -0.162527 0.507750 0.217010 0.152469 0.153076 0.031784 0.330986 -0.400596 0.492266 -0.232210 0.631608 0.288778 -0.441298 -0.055444 0.176832 -1.054586 -0.205707 0.917769 -0.328829 -0.448279 0.469062 -0.089530
wasn</w> 0.478069 0.056487 0.722045 0.488532 -0.566342 1.160823 0.541022 -0.031967 -0.728668 0.409713 0.439759 -0.255689 0.079644 0.410228 -0.463075 -0.553849 0.582700 0.102206 -0.504517 0.148476 0.552245 -0.088639 0.675584 0.069990 -0.385224 -1.118001 0.338090 -0.773517 -0.286011 0.515869 0.194826 1.531664 -0.488732 -0.142005 -0.645950 -0.615039 0.088316 0.588621 -0.114305 0.102547 -0.100724 0.308572 0.463041 -0.022085 -0.346811 0.353624 -0.033782 -0.584982 0.155043 -0.588472
nice</w> 0.057756 -0.087898 0.041910 -0.116394 0.036038 0.174958 0.131060 -0.139404 -0.318101 -0.281441 -0.220517 0.438306 -0.034678 -0.386503 -0.071967 0.233192 0.516865 -0.003364 -0.620280 0.390684 0.137343 0.068845 0.045826 0.361016 -0.042420 -0.337885 0.239440 0.155539 0.053708 0.384330 0.506648 0.448675 0.283207 -0.019765 -0.371658 -0.477655 -0.271291 -0.081557 -0.254061 -0.118026 -0.033216 0.642437 -0.071157 -0.301891 0.402732 -0.054468 0.061200 -0.041754 -0.059612 -0.564229
$</w> -0.338547 -0.651566 0.663628 0.344461 0.083081 0.652284 0.296719 -0.112042 -0.306929 -0.828892 0.123743 0.564990 -0.510252 -0.026530 0.149892 -0.987890 -0.407438 -0.482844 -0.173967 0.332272 -0.110890 -0.152631 0.183229 0.214422 -0.153027 -1.051154 0.111465 0.509275 -0.336678 0.460764 0.238662 -0.355941 0.100677 -0.449446 0.519534 -0.244781 -0.084254 -0.337042 0.624320 0.327218 -0.396199 0.143499 0.203535 -0.687691 0.630128 0.102467 -0.226618 -0.736787 0.494384 -0.322421
ale</w> 0.242084 0.012661 -0.148035 0.245864 0.122450 0.466062 0.236421 0.200761 -1.004610 -0.302344 -0.219598 0.227881 0.408954 -0.136087 0.114806 0.211740 0.478939 0.027931 -1.203584 0.097998 -0.423357 -0.270180 0.071750 -0.031865 -0.199658 -0.237637 -0.411985 -0.066132 0.519452 0.225948 0.480300 -0.064850 0.255630 -0.108824 -0.361626 -0.438545 0.023746 0.003259 0.079676 -0.475038 -0.013542 0.358943 -0.052628 -0.133203 -0.105624 0.678140 -0.256298 -0.377334 -0.470817 -0.154008
money</w> 0.409858 -0.198546 0.561157 0.242036 -0.535809 0.560715 0.581036 -0.020092 -0.427441 -0.203248 0.086781 0.257031 0.089557 -0.158448 0.337279 -0.334133 0.104553 -0.478299 -0.465096 0.374087 -0.045641 -0.068431 -0.163165 0.306460 0.193494 -0.402493 -0.381327 0.383563 -0.641185 0.487692 0.124632 -0.121001 0.106382 -0.360743 -0.051725 -0.005794 -0.898214 -0.295244 -0.041879 -0.068625 -0.274283 0.660480 0.193284 -0.405542 0.130614 0.268251 0.206688 -0.356810 0.270047 -0.076056
said</w> 0.033212 -0.025509 0.130408 0.100287 -0.329478 0.562988 0.394610 0.114719 -0.759483 0.117982 0.159679 0.361142 -0.204627 0.426297 -0.313967 0.129760 0.368300 -0.359704 -0.273664 0.379998 0.032476 -0.080967 0.240001 0.230529 -0.207189 -0.277087 0.005911 -0.188820 -0.034449 -0.002426 0.056415 0.395563 0.093499 -0.270601 -0.390177 -0.010259 -0.571823 0.181212 -0.752956 -0.070005 0.141835 0.568869 -0.016614 0.065621 -0.071746 -0.031781 -0.208991 -0.516284 0.456392 -0.628485
ys</w> 0.145327 0.312459 -0.185289 -0.130362 -0.001246 0.276174 0.344984 0.110740 -0.526678 -0.271986 0.337745 -0.214860 0.035398 -0.006074 -0.108207 0.232326 0.194971 -0.162611 -0.594023 -0.562699 0.212062 -0.198057 0.268726 0.298954 -0.082080 -0.983877 -0.140713 0.166265 0.368579 0.418012 -0.022681 0.023608 0.175457 -0.250261 -0.145042 -0.263116 -0.146673 0.222215 -0.388958 0.198925 -0.076410 0.469631 -0.064276 -0.377464 -0.265838 0.644140 0.121896 0.046083 -0.015807 -0.193543
dre 0.219528 -0.215081 -0.131350 0.356317 -0.128245 0.352469 0.517423 -0.105717 -0.400503 -0.039098 0.355449 -0.019533 -0.067206 0.097640 -0.125789 -0.522782 0.218548 -0.412372 -0.092434 0.969316 -0.145694 0.120837 -0.798157 0.435558 -0.072988 -0.436523 -0.062478 -0.207346 -0.188638 0.644937 -0.311795 0.054177 0.253636 0.420832 -0.406318 -0.566244 0.132412 -0.121054 0.199143 -0.235119 0.257651 -0.265889 -0.055915 -0.785669 -0.165838 0.415210 -0.287329 0.077872 0.124407 -0.384019
once</w> 0.173759 -0.111024 0.119492 0.148849 -0.256602 0.281595 0.274057 -0.349771 -0.824772 -0.362659 0.106572 0.417639 -0.021228 0.180691 -0.115505 0.156052 0.121703 -0.390735 -0.211997 0.173456 0.155347 0.124980 0.238660 0.319376 -0.064364 -0.429842 -0.269885 -0.121997 -0.184132 0.287061 0.225927 0.040726 -0.252523 -0.059831 0.148201 -0.092036 -0.438956 -0.038537 -0.480644 -0.129047 -0.138179 0.525772 0.532752 -0.081100 0.468503 0.119671 -0.272487 -0.226519 0.326543 -0.592584
ins</w> -0.245389 0.215613 0.198877 0.334993 0.054172 0.564080 -0.133403 -0.190576 -0.352605 0.120606 0.055154 0.043618 0.299193 0.472632 -0.271952 -0.148621 -0.054646 0.287803 -0.576897 -0.387975 0.039040 -0.082175 0.078872 0.311943 -0.223940 -1.057817 0.123488 0.344469 0.453830 0.236102 0.042991 -0.164434 -0.011838 -0.744022 -0.473298 -0.439038 -0.441568 0.169646 -0.363212 -0.388811 0.215813 0.586762 0.004887 -0.380417 -0.338720 0.404537 0.163057 0.542681 0.305976 0.041348
5 -0.347940 -0.794015 0.699574 0.330296 0.088932 0.763336 0.368004 -0.241820 -0.690836 -0.678247 0.237192 0.516081 -0.508671 0.240122 0.040893 -0.889751 -0.639312 -0.502996 -0.456518 0.209416 0.005869 -0.282211 0.314618 0.187397 -0.296885 -0.913051 0.493783 -0.087675 -0.251262 0.501576 0.253234 0.165372 0.291016 -0.433705 0.254870 -0.524043 0.145942 -0.312803 0.699593 0.615940 -0.295148 0.082268 0.215750 -0.868955 -0.137110 0.507746 -0.178532 -0.663147 0.341643 -0.033875
sted</w> -0.219392 0.183663 0.366138 -0.143159 -0.651609 0.472446 0.547986 0.210989 -0.003400 -0.482448 -0.205986 0.237574 0.234639 -0.187814 0.239634 0.154843 -0.178424 0.004193 -0.847332 -0.245996 0.264886 -0.644717 -0.238577 -0.118075 -0.097801 -0.670232 -0.412813 0.458256 -0.015193 0.349562 0.317688 -0.129708 -0.251017 -0.012791 0.024099 -0.628667 -0.296912 -0.021208 -0.234833 0.126591 -0.326600 0.563414 -0.444358 -0.303532 -0.041385 0.777651 -0.013818 0.065472 0.224664 -0.414455
sive</w> -0.245248 0.167306 0.569299 0.138248 0.865298 0.251458 0.623274 -0.213801 0.016400 -0.210271 -0.404347 -0.204915 -0.002985 -0.195081 0.275302 0.640962 0.721053 0.320960 -1.089060 0.148608 0.056531 0.194660 -0.135180 0.175233 -0.580385 -0.763284 0.403181 0.066367 0.305382 0.435040 -0.173314 -0.015437 -0.075226 -0.114505 -0.666617 -0.748196 -0.348924 -0.004215 -0.516417 0.409038 -0.038428 0.450569 0.014357 -0.036697 -0.012707 0.948446 -0.143804 0.357880 0.229391 0.402593
small</w> -0.090647 -0.165855 0.362887 -0.089007 0.091278 -0.010091 0.106667 -0.230265 -0.317123 -0.027285 0.067076 0.063769 -0.149570 -0.083568 -0.185116 -0.342531 -0.027007 -0.440158 -0.933815 0.216938 -0.065389 0.109702 -0.095954 0.580906 -0.073832 -0.137217 0.052042 0.425445 0.067949 0.500669 0.428125 0.239726 0.419373 -0.268644 -0.220221 -0.708043 -0.157801 -0.251194 -0.299840 -0.230759 -0.132537 0.304874 0.128702 -0.500751 0.275311 -0.109045 0.031674 -0.224875 -0.133282 -0.064045
deci 0.635680 -0.205128 0.088331 0.584934 -0.233010 0.291861 0.637047 0.096784 -0.847840 0.596729 0.328880 0.436158 -0.591241 0.516329 0.765522 -0.071171 0.640625 -0.253677 -0.428533 0.610361 0.051516 0.152254 0.081407 0.218626 -0.487531 -0.238891 -0.269110 0.190629 -0.366424 0.717295 -0.428931 0.545992 -0.175234 -0.487025 0.260592 0.152016 -0.588646 0.467720 -0.264502 -0.318231 0.089958 0.052614 0.079859 0.209768 0.707185 0.483381 -0.161737 -0.502649 0.726399 -0.924198
someone</w> 0.012464 -0.336860 0.090051 0.239501 -0.259212 0.184780 0.536623 0.088366 -0.288905 -0.244695 0.331442 -0.032975 -0.070067 0.166301 -0.209652 0.249752 0.395033 0.491303 -0.311427 0.289808 0.078194 -0.074321 -0.045289 -0.010256 0.134290 -0.428571 0.024344 -0.156671 -0.400284 0.449680 0.111224 0.162767 0.231130 -0.587850 -0.389266 -0.158783 -0.024871 -0.022922 -0.278612 0.384798 -0.228827 0.590092 0.189248 -0.166145 0.468073 0.201866 0.051612 -0.464207 0.282518 -0.718581
mu -0.040210 -0.292644 0.040060 -0.097196 -0.136191 0.167320 0.414105 0.210681 -0.398518 -0.030373 0.407898 0.119915 -0.188158 -0.243359 0.072487 -0.242390 0.315620 -0.016920 -0.790234 0.451520 0.118876 0.215420 -0.533623 0.259838 -0.057853 -0.889255 0.293677 0.342687 0.389710 0.323530 -0.105530 -0.194266 0.207064 -0.138382 0.073370 -0.172276 -0.089706 -0.025945 0.169500 -0.388676 -0.186151 -0.277689 0.313631 -0.048996 -0.314968 0.308931 0.073102 -0.328328 -0.391091 -0.126990
days</w> -0.000422 -0.215790 0.360374 0.042879 -0.102716 0.551952 -0.074960 0.124933 -0.668523 -0.378599 0.436290 0.684508 -0.027188 0.335396 0.184261 -0.507265 -0.257230 -0.783112 -0.209576 0.334749 -0.290035 -0.392949 0.179515 0.399788 -0.204605 -0.141125 -0.387412 0.138607 -0.240704 0.234376 0.487821 0.115661 0.299137 -0.390056 0.048881 -0.176979 -0.569799 -0.304114 -0.121122 0.269453 -0.291299 0.416502 0.379521 -0.680358 0.271597 0.261882 -0.259005 -0.423910 0.391158 -0.358968
’</w> 0.016592 -0.397915 0.508228 0.180043 -0.369673 0.468676 0.479802 -0.107136 -0.337977 0.167498 0.196308 0.173112 -0.740272 -0.198838 0.028801 -0.385868 0.775025 0.366455 -0.285503 0.764567 0.628789 -0.644422 -0.280120 -0.330977 -0.411020 -1.295667 0.632853 -0.216207 0.176697 0.540192 0.305327 0.061828 -0.036448 -0.149612 -0.550971 -0.006267 -0.148977 0.589806 -0.248583 0.852427 -0.204585 0.017106 0.385750 0.341777 -0.636072 -0.176846 0.527544 -0.387550 0.273512 -0.870356
6</w> -0.355439 -0.225257 0.347152 0.218870 0.001819 0.631998 0.302278 -0.427415 -0.745472 -0.879571 -0.048713 0.864492 -0.261215 -0.002429 0.000247 -0.566709 -0.771207 -0.427788 -0.178185 0.235067 0.131057 -0.400373 0.386306 0.060616 -0.111280 -0.715086 0.025812 0.402539 -0.104429 0.389036 0.371074 -0.439367 0.236000 -0.086901 0.305171 -0.314009 0.160582 -0.260072 0.332211 0.479512 -0.461769 0.254448 0.006356 -0.625832 0.375510 0.595728 -0.430498 -0.412071 0.359358 -0.077124
between</w> 0.248014 0.085630 0.199738 0.042235 0.149487 0.637387 0.085712 -0.019781 -0.469350 -0.053131 -0.442099 -0.011940 -0.351183 0.339244 0.138993 -0.235282 -0.267812 0.073683 -0.351661 0.102391 -0.249167 0.059122 -0.175341 0.125388 -0.025031 -0.592001 -0.531383 0.219645 -0.012838 0.278443 -0.275383 0.188475 0.245959 -0.080538 -0.083532 -0.481858 -0.171748 -0.426424 -0.057422 -0.222520 -0.015775 -0.268686 0.823047 -0.029595 -0.145665 0.454346 -0.205257 0.132979 0.055791 0.191576
art</w> 0.511138 -0.163818 -0.239156 -0.021835 0.062735 0.721976 -0.070857 -0.172526 -0.519192 0.183106 0.175676 0.360733 -0.066501 -0.408325 -0.316836 -0.194631 -0.158974 -0.074715 -0.623843 -0.000652 -0.268763 0.041982 -0.085701 0.107679 -0.339837 -0.589986 0.385032 0.103383 0.158821 0.454895 -0.114378 -0.307004 -0.105777 0.053945 -0.130000 -0.471262 -0.184718 0.395926 -0.199340 -0.110264 -0.553517 0.656572 -0.342026 -0.652766 -0.059890 0.482093 -0.158720 -0.264957 0.294004 -0.130502
yet</w> 0.289602 0.070029 0.115158 -0.123909 -0.255503 0.314128 0.227598 0.119209 -0.499393 -0.074556 0.179381 0.505520 -0.177998 -0.086519 -0.130929 0.074521 0.311881 -0.204360 -0.105773 0.182978 0.034277 0.059691 0.436027 0.425110 -0.157448 -0.514430 -0.034323 -0.293006 -0.013501 0.438057 0.137915 0.469948 0.293885 -0.263673 -0.178397 0.002889 -0.184069 0.096106 -0.548478 0.016293 0.085355 0.321859 0.070444 0.000380 0.195445 0.192471 -0.123868 -0.222784 0.519850 -0.344762
coo 0.339306 0.051245 -0.107341 0.028724 -0.385529 0.341769 0.053119 0.319460 -0.458007 -0.097625 0.788191 0.485811 -0.610966 -0.018473 0.006875 -0.098547 -0.380728 0.100102 -0.632026 0.491183 -0.132102 -0.390852 -0.278997 0.241095 0.216597 -0.730794 -0.219005 0.330752 -0.186276 0.431615 0.253538 0.132597 0.468179 0.283534 0.587477 -0.229909 0.034128 -0.172880 -0.182324 -0.809370 -0.941085 -0.039233 0.281180 -0.340856 0.022208 0.138767 0.046280 -0.050017 0.024198 -0.254358
yed</w> 0.130159 0.916795 0.128081 0.059617 -0.230157 0.592121 0.607997 -0.157065 -0.203336 -0.341462 0.100546 0.037628 -0.169906 -0.222597 0.040801 -0.074415 0.120170 0.233203 -0.920049 -0.251024 0.659760 -0.160271 0.517945 0.555494 0.545554 -0.822537 0.047017 0.293579 0.334669 0.019139 -0.025403 -0.065285 0.000167 -0.055156 -0.152597 -0.586771 -0.295159 0.057635 -0.656429 -0.036341 -0.067964 0.665840 -0.404372 0.034614 -0.143701 0.398676 0.262259 -0.261741 -0.413617 -0.615387
tic</w> 0.427683 0.808524 0.508569 -0.399830 0.351572 0.840542 0.317930 -0.584173 -0.684907 -0.415838 -0.002787 0.367920 0.033961 0.134310 -0.031312 0.122813 -0.172599 -0.118801 -0.400971 0.212063 -0.012646 -0.347684 0.167086 0.105563 -0.224863 -0.864039 -0.584228 0.438016 0.666303 0.010766 0.081169 0.401094 0.593191 -0.163838 0.023838 -0.397624 0.200630 -0.090386 -0.215719 0.245875 -0.174408 -0.050549 -0.441703 0.071627 -0.170113 0.205562 -0.425962 0.009714 -0.627819 0.570155
price</w> 0.267241 -0.027160 0.200762 0.201933 -0.275667 0.462014 0.263139 -0.140132 -0.495991 -0.307770 -0.010403 0.524279 0.170118 0.415232 -0.278232 -0.600721 0.024819 -0.409583 -0.507683 0.680559 -0.372920 -0.211597 0.048508 0.403119 -0.086116 -0.175688 0.130965 -0.263530 -0.281510 0.251838 0.012522 0.114873 -0.311901 -0.151573 -0.069754 -0.311741 -0.466394 -0.152420 -0.296280 -0.358176 -0.039300 0.778427 0.032795 -0.424973 -0.091934 0.096128 -0.066862 -0.341271 0.357405 -0.616856
especially</w> 0.107844 0.203923 -0.025538 0.033161 -0.095078 0.667231 -0.001373 -0.209802 -0.770935 0.084518 0.164401 0.401886 -0.217413 0.360777 -0.351118 -0.009363 0.237674 -0.094665 -0.073109 0.467622 -0.204901 -0.104537 0.119220 0.456745 -0.439446 -0.186540 -0.017158 -0.247085 -0.350629 -0.160341 0.136681 -0.016528 0.030869 -0.248298 0.092950 -0.509216 -0.140490 0.037711 -0.537783 -0.140943 -0.068315 0.454436 0.163995 0.023472 0.127034 0.433838 -0.275414 -0.340638 0.395528 -0.295529
high</w> -0.228140 -0.006599 0.037612 0.004312 0.012824 0.090459 0.205923 -0.244037 -0.766240 -0.283568 -0.408311 0.113484 -0.192266 -0.306134 0.148476 -0.277350 0.045167 -0.087048 -0.592588 0.367606 -0.064488 0.010608 0.104204 0.503648 -0.219919 -0.112498 0.105110 0.177156 -0.171386 0.369612 0.151078 -0.007635 0.109043 -0.280905 -0.047294 -0.559655 0.028501 -0.261630 -0.152080 0.051149 -0.282055 0.441790 0.012577 -0.364191 0.197100 -0.113101 -0.216409 -0.044461 0.093086 -0.262599
illi 0.320982 0.579917 -0.139078 -0.011414 0.016957 0.430844 0.264977 -0.518899 0.249019 -0.889215 0.721940 0.759974 -0.345595 0.258735 0.413702 -0.353772 0.748751 -0.366757 -0.305665 0.547664 -0.092002 0.711604 -0.793420 0.772973 -0.390702 -1.053746 -0.115957 -0.407121 0.459383 0.455169 0.124628 0.473992 1.041912 0.328257 0.058573 -0.336533 -0.064387 -0.569809 -0.239574 0.433541 0.493219 0.074152 0.059180 -0.398291 -0.099315 -0.182270 -0.554268 0.041534 0.149335 -0.554829
cla -0.121282 0.113450 0.072125 0.052204 0.018002 -0.147530 0.877909 0.417063 -0.608233 -0.159147 -0.010197 -0.068922 -0.395072 0.140649 0.037200 -0.529925 0.117521 -0.089009 -0.361727 0.655141 0.053205 -0.192885 -0.835815 0.255243 -0.464017 -0.356278 0.359847 0.180211 -0.261872 0.888876 -0.337583 0.468786 -0.179385 0.171331 -0.077803 -0.143463 -0.140299 -0.263697 -0.406633 -0.009577 0.300201 0.195196 0.086119 -0.304490 0.322568 0.504009 -0.232343 -0.163218 0.397489 -0.209200
help</w> 0.186829 0.123030 0.409724 0.557182 -0.115506 0.579220 0.654794 0.196252 -0.257618 0.209726 0.236771 -0.189350 0.380169 0.337021 0.209730 0.021385 0.461363 0.079012 -0.738419 0.211565 0.078799 -0.363313 -0.316656 -0.188318 0.362316 -0.478297 -0.234132 -0.518046 -0.348465 0.644133 -0.184073 0.306318 -0.169306 -0.444499 -0.194318 -0.010526 -0.494633 -0.022858 0.044648 0.479717 -0.316156 0.555264 0.324708 -0.533852 0.297317 0.126107 0.069395 -0.645181 0.375237 -0.516787
consi 0.763942 0.159470 -0.007116 0.209254 -0.017560 0.339485 0.295104 -0.386208 -1.118579 0.390248 0.130789 0.404864 -0.546912 -0.015995 -0.061767 0.048186 1.030014 0.212201 -0.152665 0.336375 -0.232168 0.087697 -0.350140 0.205947 -0.411144 -0.459248 -0.208959 -0.462153 -0.136600 0.263164 -0.280504 0.356451 0.036490 -0.579545 -0.154916 0.217271 -0.861952 0.092657 -0.505859 -0.135937 0.072596 -0.222682 -0.043107 -0.005227 0.560381 -0.130157 -0.015933 -0.579530 0.266901 -0.294735
came</w> 0.093652 0.118012 0.236386 0.791071 -0.198938 0.291307 0.194015 -0.131584 -0.529964 -0.302021 0.208539 -0.021420 -0.296417 0.171752 -0.102117 0.292478 -0.048800 -0.064063 -0.234315 -0.156868 0.347070 -0.118078 0.604075 -0.168818 -0.089499 -0.184861 -0.226516 0.293653 -0.026322 0.571893 0.117815 0.602777 -0.015129 0.190008 -0.291165 -0.611315 -0.104077 -0.260988 -0.870966 0.364688 -0.087861 0.216705 0.263442 -0.381519 -0.228892 0.296913 0.133045 -0.467068 0.014467 -0.411056
box</w> -0.075018 -0.183749 0.047880 0.268816 -0.326506 0.199157 0.270316 -0.198841 -0.627602 -0.475462 0.218228 0.533153 -0.240544 0.257651 -0.388776 -0.281902 -0.151954 -0.194749 -0.674903 0.351483 0.057705 0.008353 0.102430 0.122050 -0.217744 -0.246271 0.114932 -0.249290 0.000937 0.095122 0.110599 -0.032809 -0.212800 -0.106428 -0.233472 -0.277522 -0.124397 -0.345321 -0.174093 -0.283352 -0.069242 0.350130 0.239787 -0.884333 0.049964 0.119085 0.242332 -0.480500 -0.045402 -0.514830
family</w> 0.222999 -0.180779 0.115543 0.199777 -0.388089 0.144434 0.310331 -0.053862 -0.615891 -0.100783 0.056649 0.361731 0.161483 -0.000381 -0.184894 -0.073556 0.118649 -0.207653 -0.522212 0.331331 -0.029960 -0.020534 0.034202 0.095899 -0.192105 -0.149916 -0.348566 0.008253 -0.272851 0.165480 0.244067 0.014828 0.020508 -0.287397 -0.241663 -0.439399 -0.461432 -0.076653 -0.101649 -0.125450 -0.070150 0.353690 0.153938 -0.561826 0.038045 0.141130 0.124336 -0.068228 0.213308 -0.463938
set</w> -0.222942 0.038718 0.298547 0.495034 -0.154679 0.075544 0.092948 -0.100466 -0.490993 -0.382280 -0.065589 0.342673 -0.092402 0.117799 0.100888 -0.119490 0.009998 -0.147582 -0.544860 0.355762 -0.084302 -0.252272 0.262844 0.523865 0.129820 -0.382404 -0.361362 -0.180019 -0.252290 0.398896 -0.026068 -0.225874 0.002112 -0.162719 -0.263831 -0.229956 -0.408743 -0.453060 -0.241396 -0.125071 -0.047257 0.541816 0.149979 -0.332060 0.208308 -0.108948 0.343010 -0.216796 0.236802 -0.467038
comedy</w> 0.200322 -0.066715 0.314293 0.087048 0.013097 0.295625 0.223738 -0.414741 -0.606839 -0.326220 -0.095063 0.484273 -0.082863 -0.238701 -0.125616 -0.188187 -0.149199 -0.246093 -0.487081 0.700356 -0.146683 -0.168367 0.006698 0.296963 -0.208918 0.017702 0.213470 -0.155921 -0.016060 0.208157 0.113764 0.421124 0.144557 0.070790 -0.141665 -0.537844 -0.172039 -0.217189 -0.148769 -0.028389 -0.334956 0.401593 -0.210312 -0.529177 0.201606 0.027850 -0.199159 -0.350168 0.278112 -0.212050
everything</w> 0.008890 -0.373943 0.384149 0.449230 -0.387574 0.418545 0.374472 -0.011025 -0.425641 -0.444642 0.255164 0.492954 -0.088546 0.275714 -0.131008 0.124681 0.291661 0.153765 -0.231165 0.518008 -0.129761 -0.068629 0.477879 0.176276 -0.030377 -0.331755 -0.144670 -0.092072 -0.231546 0.310030 0.006817 0.014042 -0.273512 -0.423411 -0.098391 -0.506087 -0.232603 -0.163336 -0.543387 -0.139539 -0.094088 0.685118 0.192083 -0.242489 0.241887 -0.127902 -0.131854 -0.461118 0.506367 -0.476911
ace</w> 0.267679 0.125597 -0.236494 -0.006281 -0.311271 0.210355 0.306324 -0.570192 -0.128395 -0.289859 -0.185813 0.286781 0.100810 0.176774 0.342648 -0.092455 0.367114 0.231513 -0.970252 0.497541 0.257952 0.176284 -0.120520 0.754487 -0.313632 -0.610498 0.223030 -0.139529 0.068590 0.128081 0.013093 -0.235868 0.306200 -0.337476 -0.193088 -0.625265 -0.250731 -0.227501 -0.092938 -0.049695 -0.214986 0.586371 0.221111 -0.292003 -0.067802 0.520789 -0.693603 -0.379804 -0.213671 0.756770
ingly</w> 0.251915 0.474458 0.263820 0.154751 0.054387 0.204232 0.216268 -0.686356 0.090367 0.110555 -0.155904 0.185047 -0.114003 0.169002 -0.391751 0.576353 0.429193 0.072743 -0.344727 0.333630 -0.256184 0.118206 -0.261681 0.744904 -0.104365 -0.811166 -0.083354 0.027714 0.689652 0.458688 0.655807 0.273019 0.100053 0.293391 -0.015522 -0.647580 -0.042252 -0.274326 -0.226336 -0.005955 0.151537 0.573078 -0.158797 0.300386 0.188985 0.660043 -0.272691 0.194162 -0.566334 -0.150330
reali 0.856381 0.268775 0.406244 0.430987 0.398253 0.376691 0.586467 -0.019575 -0.673206 0.450314 0.294450 -0.278575 -0.548066 -0.323976 -0.147399 0.245423 0.924076 -0.292625 -0.136115 0.666017 0.333749 0.493109 -0.407436 0.086252 -0.643920 -0.304016 -0.056681 0.061919 -0.397594 -0.000550 -0.433053 0.941086 0.023969 -0.276630 0.100441 -0.169364 -0.569492 0.559293 -0.479468 -0.285450 -0.188065 -0.165294 -0.004182 -0.302347 -0.041042 0.264325 -0.213808 -0.449938 0.554197 -1.043060
lar -0.120916 -0.142447 -0.322044 0.222600 -0.123703 0.444110 0.006833 -0.112113 -0.364452 -0.346443 -0.115855 0.245232 -0.383127 -0.472860 -0.023937 -0.142220 0.053189 0.033180 -1.107226 0.675334 -0.061093 0.036742 -0.111127 0.458343 -0.237344 -0.380484 0.141129 -0.168737 -0.014226 0.158877 0.481665 0.844796 0.407831 -0.411526 0.366779 -0.327275 -0.070346 -0.732757 0.169360 -0.557728 -0.496196 -0.583831 -0.086890 -0.551834 -0.125161 0.037670 0.144780 -0.008441 -0.035400 -0.398543
els</w> 0.126332 0.098083 0.134634 0.274203 0.037913 0.437393 0.192139 0.109160 -0.436636 -0.196567 0.106733 0.179006 0.281110 0.368905 0.061598 0.288357 -0.293143 0.283135 -1.020793 -0.073826 -0.138129 0.023361 -0.113563 0.278362 -0.332371 -0.557573 -0.119994 -0.001191 0.866486 -0.186142 0.468975 0.396476 0.213021 -0.232015 -0.600887 0.099930 -0.341291 0.011197 -0.278212 0.311091 0.134723 0.427524 -0.399244 -0.197792 -0.302673 0.264391 -0.163680 -0.066480 -0.151062 -0.410192
gy</w> -0.020071 0.750960 0.116145 -0.194735 0.564356 0.215487 0.521694 -1.127146 -0.807883 0.080594 0.608477 0.377793 -0.365251 -0.128371 -0.726028 0.436162 0.029993 0.054262 -0.440986 -0.143892 -0.239324 -0.600449 0.238493 0.252150 -0.549451 -1.154631 -0.108465 -0.167361 0.901193 -0.011304 -0.526147 -0.286143 0.670402 -0.355689 0.275636 -0.092445 0.033247 0.251955 -0.372834 0.007608 -0.090592 0.111274 -0.303989 -0.250982 0.140493 0.369274 0.018085 -0.013885 0.187637 -0.292649
sel 0.088443 -0.068595 -0.119115 0.508173 -0.004796 0.334327 0.256591 0.264497 -0.841168 -0.379623 -0.039694 -0.149190 0.091403 0.225331 -0.202542 -0.300736 0.489228 -0.623306 -0.904359 0.508176 -0.181304 -0.292948 -0.187658 -0.337575 -0.426000 -0.297737 -0.439988 -0.140615 -0.184419 0.049816 0.026891 0.204697 0.777759 -0.304041 -0.186880 -0.308200 0.044867 -0.799895 0.367548 -0.090539 0.037922 -0.058188 0.234005 0.286550 -0.363132 0.210084 0.422712 -0.092579 -0.558995 -0.414607
having</w> 0.076725 -0.234911 0.373487 0.219735 -0.034008 0.099144 0.369015 0.184299 -0.226203 -0.007284 -0.329954 0.191923 -0.121789 -0.126999 0.061363 -0.115561 0.132051 -0.042598 -0.565042 0.280744 0.050245 0.227876 0.207794 0.293477 -0.157767 -0.210170 -0.128040 -0.138979 -0.071978 0.567756 0.345590 0.552454 0.253099 -0.236472 -0.307746 -0.235136 -0.380618 -0.353520 -0.040185 0.119063 -0.224651 0.608799 0.066512 -0.465551 0.542106 -0.093827 -0.018838 -0.184173 -0.001336 -0.544076
worth</w> -0.030594 -0.196066 0.494217 -0.073124 -0.348707 0.571453 0.314000 0.020918 -0.452609 -0.455974 -0.179309 -0.032010 0.068666 -0.261306 -0.061370 -0.339197 0.273280 0.105337 -0.481859 0.489284 0.056230 -0.124928 0.205927 0.270598 -0.099121 -0.373581 0.459152 -0.515017 -0.307766 0.363075 0.457498 0.241643 -0.371846 -0.051284 -0.121898 -0.511022 -0.226332 0.116874 -0.136670 -0.109244 0.003377 0.679188 0.171096 -0.662887 0.166113 0.288628 0.231360 -0.352352 0.241449 -0.586407
u</w> 0.186377 -0.291095 -0.019346 -0.154942 -0.123500 0.289515 0.587143 -0.144640 -0.270026 -0.164859 0.455992 -0.105501 -0.055883 0.129548 -0.290502 0.063519 0.047095 0.211095 -0.353415 0.289086 0.186767 0.102481 -0.146062 0.222031 0.039533 -1.218175 0.308083 -0.078250 0.043434 0.172656 0.332440 -0.108483 0.332458 0.038656 0.206516 -0.230999 0.031513 -0.084657 0.011872 0.008813 -0.078771 -0.246228 -0.006855 -0.452122 0.058889 0.673326 -0.023874 0.035523 0.136257 -0.601375
ates</w> 0.409726 0.251879 -0.049008 0.089066 0.150983 -0.265233 0.319097 -0.470454 -0.887819 -0.153268 -0.147932 0.410304 -0.213480 0.013231 -0.256617 0.023189 0.154618 -0.185646 -1.076113 -0.102150 -0.011733 -0.063673 -0.434218 0.386523 0.257700 -0.719732 -0.117147 0.244109 0.355273 -0.077865 -0.216158 0.116713 -0.193373 -0.146885 -0.104573 -0.222079 -0.172774 -0.020398 -0.511567 0.159144 0.271523 0.343466 -0.071237 0.033939 -0.103477 0.429272 -0.110301 -0.340175 -0.379996 0.129875
del -0.073187 0.154118 -0.035677 -0.359988 -0.539522 0.117022 0.604709 -0.561372 -0.809946 0.395488 -0.088231 0.241021 0.043345 0.242447 -0.012232 0.078844 0.325284 -0.047169 -0.501598 0.899347 0.351446 -0.351459 -0.318586 -0.253375 -0.804657 -0.505871 0.163731 -0.408231 0.108404 0.021580 -0.334409 0.407546 0.488953 -0.198017 0.034949 -1.079896 -0.152643 0.141413 0.022407 -0.239089 0.202720 0.111068 -0.117109 0.210909 -0.170773 -0.094447 -0.576219 0.798601 0.454308 -0.474848
role</w> 0.143677 -0.159036 0.118889 0.085871 -0.339506 0.236771 0.152974 -0.081798 -0.545156 -0.005663 -0.246306 0.206158 0.250142 0.273332 -0.196866 -0.381278 0.044625 -0.300807 -0.693245 0.443497 -0.082415 -0.071979 -0.158979 0.324053 -0.091547 -0.236695 -0.160387 -0.527335 0.086901 0.137312 0.035185 0.475110 0.074107 -0.298679 -0.451819 -0.434255 -0.458235 -0.360930 -0.462338 -0.281114 0.273995 0.296764 -0.410349 -0.709080 -0.214215 0.197281 -0.125404 -0.403242 0.385322 -0.216274
ue</w> 0.107394 -0.392974 0.312877 0.145800 0.460670 0.159762 -0.018572 0.255516 -0.527981 0.086526 0.459027 0.524843 -0.146404 0.082545 0.502784 -0.019787 -0.147334 -0.041116 -0.913206 0.138047 -0.026993 -0.066670 -0.401030 0.422309 0.088658 -0.622981 -0.758055 0.176654 0.690799 -0.007124 -0.107177 -0.149039 0.252254 -0.292856 -0.023414 -0.352219 -0.597665 0.079453 -0.915668 -0.033741 -0.090222 0.571351 -0.141288 0.112008 -0.249500 0.559066 -0.264484 -0.168382 0.032438 0.430249
sing</w> 0.147518 0.467258 0.396614 0.203666 -0.178984 0.318477 0.449787 -0.261946 0.144151 0.312616 -0.055337 0.097555 0.081883 0.355146 0.381634 0.036644 0.265787 0.093137 -0.947124 -0.142012 -0.195051 0.041324 0.166327 0.448643 0.167694 -0.537487 -0.003288 0.216639 0.176061 0.393017 0.176364 0.134973 -0.026629 0.179762 -0.420570 -0.598338 -0.440572 0.230816 -0.191330 0.142319 -0.103135 0.772306 0.048494 0.183992 -0.603102 0.893380 0.299467 -0.293118 -0.008896 -0.451763
perfect</w> -0.050898 -0.055946 0.190134 0.078758 -0.041397 0.402575 0.199013 -0.065432 -0.681463 -0.191746 -0.112161 0.242521 0.166330 0.147766 -0.158293 0.028262 0.297635 0.165034 -0.459180 0.523362 0.005395 -0.061342 -0.099670 0.490367 -0.143668 -0.444182 0.105563 -0.252202 -0.187411 0.130189 -0.083637 0.113431 0.040398 -0.392985 -0.284316 -0.762492 -0.493697 0.049742 -0.100783 -0.330130 -0.096543 0.414426 0.058649 -0.363934 0.154862 -0.328040 0.125366 -0.074482 0.078062 -0.163383
original</w> 0.122713 -0.211862 0.343641 0.089438 0.068498 0.597455 0.201905 -0.035846 -0.520506 -0.343510 -0.183175 0.342375 -0.067301 0.128108 -0.445467 -0.304119 0.219548 0.236416 -0.537799 0.264902 -0.465382 0.094129 0.235086 0.265373 -0.257053 -0.281484 -0.010417 -0.313809 -0.275023 0.201330 0.011813 0.136320 -0.152823 -0.040441 -0.319475 -0.679979 -0.317475 -0.099696 -0.650609 -0.352283 -0.090971 0.511749 0.118318 -0.390284 -0.246972 0.119935 -0.070309 -0.154194 0.360043 -0.003727
suc -0.340992 0.233367 0.279980 0.255270 -0.013667 -0.014725 0.138733 0.394434 -0.668540 0.141820 0.479136 0.071612 -0.177937 -0.344053 0.410431 0.153338 -0.044446 0.315845 -0.596598 0.347840 0.165207 0.005130 -0.834631 -0.027330 0.200802 -0.839378 -0.093194 0.081040 -0.196713 0.337058 -0.282498 1.137228 0.137071 0.094741 0.131893 -0.391491 -0.802441 -0.303989 -0.134963 -0.157147 -0.251416 -0.006988 0.049077 -0.280802 0.718852 -0.240227 -0.365703 -0.331496 0.720431 -0.021058
act</w> 0.056170 0.233202 0.098041 0.629248 0.495050 0.229406 0.444067 -0.056814 -0.407188 0.044333 -0.256915 -0.033064 -0.224610 0.467869 0.326354 0.043888 0.387761 0.172042 -1.191226 0.170132 -0.213570 -0.173259 -0.465660 0.253525 0.074120 -0.309656 -0.010701 -0.278791 -0.028852 0.059519 -0.300090 0.009592 -0.034244 -0.474492 -0.322739 -0.194940 -0.476338 0.073903 -0.451730 0.342187 0.008801 0.639547 0.373532 -0.138435 0.014414 0.009196 -0.188984 -0.456297 0.126496 0.365998
usu 0.097475 0.286709 -0.109714 0.139963 -0.114491 0.538978 0.297067 -0.203065 -1.097964 0.244352 -0.018088 0.156021 -0.000920 0.058212 -0.249405 0.064603 0.473090 -0.227993 -0.727359 1.010139 -0.280397 -0.187892 -0.088800 -0.062909 -0.456334 -0.139233 0.246638 -0.315831 -0.200407 0.384073 -0.408535 0.744964 0.003555 -0.447264 -0.427215 0.309178 -0.632488 -0.132883 -0.196787 -0.329637 0.055812 0.084312 0.322572 -0.353317 0.187027 -0.443849 -0.677531 0.078968 0.387747 -0.802850
true</w> 0.285219 -0.125563 0.364641 0.052709 -0.213555 0.200540 0.069901 -0.011782 -0.598703 -0.292473 -0.254067 0.376681 0.029057 0.116723 0.075391 -0.175408 0.284107 0.112951 -0.405129 0.166933 0.267701 0.002847 0.084570 0.359281 -0.217000 -0.356577 0.110845 -0.311765 -0.073136 0.178199 0.065571 0.189536 0.038313 -0.274049 -0.270409 -0.602870 -0.169875 -0.012477 -0.451806 -0.306982 0.090988 0.392510 -0.095631 -0.327122 -0.118580 0.062054 0.254027 -0.199793 -0.146591 -0.071514
cli 0.142003 -0.295641 0.042335 0.122219 0.411741 0.323386 -0.216253 -0.160773 -0.597989 -0.210521 0.099426 0.586110 -0.334102 -0.267778 0.063835 -0.638526 0.184068 -0.097110 -0.592582 0.880968 -0.091953 -0.292208 -0.324383 0.248077 -0.847986 -0.227147 0.163492 -0.323485 0.068571 0.248825 0.087150 0.199604 0.374922 -0.238475 0.173475 -0.516431 0.293485 0.011528 0.538571 -0.330497 -0.258446 -0.001346 0.146379 -0.373296 -0.569793 0.157394 0.235259 -0.180079 0.122628 0.044052
ori 0.049610 0.319003 -0.196542 0.145444 0.056759 0.536806 0.226706 -0.383725 -0.895537 -0.107275 -0.102616 0.033993 -0.407496 -1.107678 -0.573725 -0.248989 0.042821 -0.078951 -0.986025 0.639160 -0.195156 0.282545 -0.524764 0.083213 -0.889575 -0.665486 -0.230990 -0.140916 0.457133 -0.109533 -0.103207 0.264768 0.582346 0.023139 0.453891 -0.072933 -0.024339 -0.214891 0.279634 -0.241629 0.112227 -0.150003 0.352255 -0.341799 -0.170838 0.204738 -0.158981 0.095682 -0.681398 0.135381
reason</w> 0.054453 -0.290835 0.589773 0.117523 0.090625 0.439178 0.278403 -0.004133 -0.831515 -0.007708 -0.096971 0.370232 0.016174 0.354375 -0.430844 -0.180314 0.295541 -0.524429 -0.415604 0.657588 0.329121 -0.373678 0.344129 0.284173 0.231233 -0.237784 -0.201884 0.077922 -0.143163 0.360736 0.186546 0.452258 -0.288269 -0.507784 -0.247515 -0.138908 -0.721934 0.090413 -0.609883 -0.124884 -0.105008 0.554178 -0.038491 -0.660360 0.521618 -0.146575 0.244727 -0.677585 0.501628 -0.591902
body</w> 0.122315 -0.186582 0.277763 -0.086575 -0.315411 0.448972 0.364926 -0.125805 -0.366385 0.261024 0.054427 0.113743 -0.006263 0.289566 -0.190720 0.128401 0.108828 0.022516 -0.317152 0.337775 -0.102386 -0.303189 0.110936 0.276971 0.470219 -0.293571 -0.377356 -0.693457 -0.050967 0.121932 0.253737 -0.000237 0.192449 -0.289541 -0.210180 -0.172346 -0.643333 -0.006128 -0.228180 0.193966 0.024343 0.466132 0.546192 -0.613313 0.432099 0.305678 -0.130148 -0.308459 0.405216 -0.409641
next</w> 0.294100 -0.103464 0.216875 0.304650 -0.013115 0.614723 0.255955 -0.041410 -0.503503 -0.489166 -0.016471 0.497381 -0.418421 0.239606 0.402251 -0.298520 -0.091314 0.004264 -0.424347 0.298968 -0.442326 -0.389133 0.277221 0.411787 0.181930 -0.295446 -0.255763 -0.225320 -0.179249 0.274193 0.143111 -0.265653 -0.161930 -0.066573 0.445763 -0.452031 -0.145606 -0.119744 0.075415 0.020305 -0.305315 0.336993 0.401254 -0.298252 -0.034128 0.371689 0.344247 -0.509024 0.201022 -0.003794
happy</w> 0.061613 -0.013107 0.011635 0.366152 -0.292715 0.395895 0.491377 -0.121953 -0.328963 -0.002626 -0.042520 0.123584 0.115369 0.029861 -0.102738 0.263565 0.311501 -0.022104 -0.351698 0.387421 0.094988 -0.196636 -0.208629 0.480109 -0.077024 -0.403729 0.247249 0.127309 -0.219498 0.483306 0.281533 0.189460 0.053325 -0.266972 -0.034771 -0.384351 -0.244383 -0.089168 -0.013198 -0.184304 -0.363254 0.768723 -0.028796 -0.147771 0.086842 -0.301047 0.039945 -0.384546 0.248571 -0.824507
keep</w> 0.201733 -0.043905 0.229638 0.287009 -0.130441 0.478173 0.540179 0.299950 -0.478090 0.371987 0.248033 0.160501 -0.145860 0.258986 0.609640 0.336413 0.026607 -0.087330 -0.437744 -0.034494 0.195881 -0.405486 0.002310 0.302569 0.496531 -0.326196 -0.486817 -0.306905 -0.235419 0.505376 0.004112 0.273846 0.177009 -0.177191 0.229374 -0.151632 -0.687899 -0.085205 -0.601649 0.445425 0.082370 0.647688 0.248079 -0.446589 0.454883 0.207948 0.309376 -0.367492 0.151648 -0.223308
home</w> 0.190077 -0.303369 0.160120 0.283994 -0.473452 0.414349 0.665827 -0.000994 -0.471663 -0.540279 0.210065 0.194298 0.072119 0.063817 0.156565 0.103805 0.035273 -0.464506 -0.234923 -0.073327 -0.036472 -0.020427 0.216321 0.132459 -0.113688 -0.511514 -0.204828 0.028471 -0.178557 0.501208 0.146600 0.019027 0.107694 -0.142833 0.121550 -0.424339 -0.353127 -0.239056 -0.169952 -0.016979 -0.117532 0.450808 0.044120 -0.187728 0.024323 0.120332 0.122487 -0.243399 0.235158 -0.395234
interesting</w> 0.052420 -0.015189 0.411305 -0.098050 0.097664 0.387122 0.302612 0.068894 -0.342496 0.013742 -0.356613 0.138753 -0.039051 -0.077828 -0.116461 0.228670 0.533661 -0.036095 -0.475487 0.518862 -0.047496 0.061894 0.097503 0.238884 -0.251172 -0.531600 0.265187 0.078529 -0.170931 0.180336 0.141900 0.539366 0.271192 0.006345 -0.441334 -0.402212 -0.580592 -0.023527 -0.443651 -0.116664 0.010030 0.477181 -0.188857 -0.153573 0.097505 -0.400951 -0.347806 -0.256076 0.377169 -0.400985
ion</w> 0.197514 0.103946 0.983955 -0.269850 0.199327 0.426484 0.776894 -0.352567 -0.429413 0.540798 -0.080040 0.328987 -0.097351 -0.311748 -0.526360 0.022757 0.679606 -0.291505 -0.948365 -0.256527 -0.215770 -0.156123 -0.015862 0.100643 0.509351 -0.854545 -0.442287 0.220780 0.021321 -0.092501 -0.226635 0.064424 -0.457798 -0.661565 0.009947 -0.362018 -0.368214 0.203883 0.095207 -0.395761 -0.041872 0.851280 -0.261139 0.073140 -0.001664 0.256205 -0.112699 -0.023418 0.537667 -0.202096
scri 0.101221 0.077465 -0.093064 0.584248 -0.279515 0.433362 0.641007 0.612763 0.079661 -0.172394 -0.904376 0.721665 -0.025646 -0.070613 0.659254 -0.066254 0.152017 0.156290 -1.060456 0.526307 -0.260227 -0.907110 -1.021664 0.056593 -0.299185 -0.399145 0.056060 0.633098 0.386211 0.686195 0.182868 0.713166 0.565237 -0.420760 -0.057834 -0.444366 -0.342587 -0.378195 -0.131714 -0.524213 0.175373 0.383779 0.187467 -0.143054 0.754964 -0.131814 -0.308098 -0.233560 0.045006 0.182707
three</w> -0.087691 -0.293726 0.288455 0.185480 -0.234583 0.307417 0.130431 0.108721 -0.847639 -0.404466 -0.053396 0.281566 0.144245 0.351528 0.037331 -0.101661 -0.145772 -0.317759 -0.508482 0.146875 -0.304545 -0.206951 0.216182 0.026839 -0.247255 -0.099451 -0.569693 0.141593 -0.099791 0.361833 0.344598 -0.053365 0.024886 -0.237747 0.103183 -0.454219 -0.000080 -0.316496 -0.110027 0.049630 -0.191344 0.185626 0.341826 -0.532130 0.090462 0.259851 -0.097984 -0.257155 0.136282 -0.070520
ob 0.126618 0.126335 0.202022 0.111113 -0.273048 0.105341 0.440712 0.291480 -0.461762 0.112278 -0.130799 0.138143 -0.233522 0.148115 0.427181 0.133816 0.035113 0.317188 -0.993189 0.628747 -0.271153 0.222927 -0.178855 0.201198 0.018134 -0.672651 -0.047293 -0.134288 0.357699 0.471507 -0.286100 0.073031 -0.157765 -0.154446 0.152381 -0.313500 -0.040380 -0.175278 0.304897 -0.266770 -0.073966 0.000548 0.083876 -0.184825 -0.231359 0.198366 -0.242450 -0.006626 -0.219317 -0.068237
ane</w> 0.152749 0.205270 -0.053011 -0.433343 0.189627 0.190707 0.382112 -0.161782 -0.513403 0.025252 0.058254 0.197028 -0.205585 0.021119 -0.598773 0.320405 0.195415 0.313757 -0.614233 0.131721 -0.038940 -0.003181 -0.497745 0.220730 -0.289209 -1.045534 0.392296 0.095255 0.124795 0.536855 -0.261303 -0.101895 0.339688 -0.298931 0.132044 -0.406147 -0.068597 -0.157038 -0.107691 -0.179446 0.094723 0.081656 -0.261254 0.295738 -0.327278 0.680090 -0.545275 -0.241984 0.002719 0.081249
disc -0.066902 0.072882 0.286357 0.591183 -0.132091 -0.004014 0.830825 -0.466717 -0.578393 0.362656 0.209872 -0.172807 -0.383280 0.358126 -0.105333 0.317144 -0.088446 -0.168453 -0.315301 0.409509 -0.106025 -0.050209 0.103032 0.275462 -0.626660 -0.480789 -0.472201 -0.101085 0.408696 0.141774 -0.621123 0.378267 0.020932 0.132354 0.312343 -0.276626 0.142468 -0.105948 -0.151506 0.045901 0.032873 -0.176276 0.333944 -0.226770 0.082294 -0.247265 -0.087913 -0.192009 0.035819 -0.887270
deli 0.624907 -0.323825 -0.107696 0.031124 0.020904 -0.019986 0.876942 0.489429 -0.000675 0.303786 0.039656 0.230092 -0.207267 -0.175890 -0.014590 -0.034818 0.538582 -0.120330 -0.896498 0.727730 -0.109899 0.633957 -0.086457 0.417737 -0.185195 -0.675285 -0.166374 0.626973 0.409639 0.173346 0.063492 0.405856 0.344157 0.001724 -0.009796 -0.130216 -0.451584 -0.054583 -0.113554 -0.613300 0.092660 0.050369 0.158817 -0.303767 -0.059103 -0.364683 -0.130396 -0.387876 0.123059 -0.630701
shed</w> 0.114527 0.542946 0.548063 0.071000 -0.433856 0.092827 0.519246 0.022149 -0.149866 0.112098 -0.153816 0.119313 0.434830 0.522881 -0.042548 0.176735 -0.103066 -0.040945 -0.665558 0.077327 0.387829 -0.383689 -0.216554 0.131062 -0.535806 -0.739127 -0.667103 0.112247 0.143384 0.160962 0.137986 -0.216091 -0.021780 -0.204206 0.000219 -0.318193 -0.154221 -0.219644 -0.335031 0.046685 0.114166 0.439702 -0.417423 -0.096675 0.140073 0.662847 0.116798 0.123630 0.045864 -0.503418
bly</w> 0.163035 0.726740 0.630594 0.287529 0.480458 0.390661 0.159453 0.076387 -0.233206 0.319568 -0.259257 -0.036687 -0.014196 -0.116586 -0.088648 0.264232 -0.240992 0.226503 -0.912363 0.366848 0.077559 0.025766 -0.178775 0.544787 -0.200894 -0.908608 -0.016042 0.279406 0.626931 0.090538 -0.086431 0.144389 -0.267903 0.256583 0.243745 -0.467298 -0.048309 0.006780 -0.386880 0.063911 0.139611 0.507716 -0.359224 0.481765 0.005061 0.540369 -0.410723 0.634950 0.024857 -0.468569
sequ 0.053442 0.056655 0.811953 0.064460 0.234865 -0.053509 -0.011986 0.102532 -0.483170 -0.230650 -0.138640 0.822270 -0.622750 -0.123068 0.524549 -0.552594 -0.054096 0.073536 -0.709930 0.641230 -0.332729 -0.176358 0.199865 -0.008836 -0.042987 -0.474587 -0.242725 0.451641 -0.098998 0.297624 -0.571722 0.409904 0.178435 -0.336974 -0.191117 -0.258851 -0.471873 -0.197619 -0.408907 -0.535566 0.156579 -0.204000 0.108939 -0.196047 0.139750 -0.132053 0.279932 0.288675 0.390810 -0.379132
oh</w> 0.450573 -0.031657 0.104527 -0.205973 -0.273290 0.546056 0.161831 -0.766716 -0.875329 -0.220017 0.340047 0.346722 -0.459514 -0.029481 -0.311859 0.113105 -0.330299 -0.382140 0.097120 0.088843 0.265958 -0.181460 0.024948 0.138289 -0.516691 -0.591940 0.421010 0.018147 -0.333338 0.021757 0.019822 -0.110677 0.417923 -0.007426 0.184139 -0.361765 -0.210873 0.341536 -0.215918 -0.226065 -0.523796 0.380558 0.469077 -0.176062 0.386261 0.655739 -0.333889 -0.423495 0.432330 -0.709041
thy</w> -0.321202 0.548627 0.563104 -0.064191 0.163904 0.395158 -0.282456 -0.249352 -0.625268 -0.276064 -0.681818 0.411854 0.225701 -0.066984 -0.497292 -0.067263 0.068510 -0.000833 -0.543352 -0.079645 -0.325658 -0.491361 -0.063275 -0.030182 -0.194844 -0.635078 -0.258988 0.361050 0.131226 0.288109 0.452073 0.154253 0.151549 -0.260121 -0.392407 -0.799804 -0.227173 -0.178331 0.256248 0.355840 -0.164815 0.820403 -0.256159 -0.387740 0.201396 0.267299 -0.400417 -0.204958 0.173235 -0.059194
ach 0.677415 0.191829 -0.386428 -0.256137 -0.011824 0.387362 0.957397 0.480521 -0.317522 0.136405 0.132603 0.051017 -0.178413 -0.307697 0.533609 0.439727 0.318805 -0.131891 -0.450342 0.395293 0.057706 -0.754448 -0.338195 0.177505 -0.745113 -0.290182 -0.126511 -0.846774 0.378175 0.887076 -0.116698 0.595858 0.271691 -0.360875 0.325852 -0.257611 0.302735 0.170259 -0.742323 -0.034921 0.153727 -0.028589 0.334002 -0.425264 0.143505 0.286241 -0.036467 0.629600 -0.123551 -0.439972
goo 0.155972 -0.031247 -0.049411 0.131271 0.141408 0.370919 -0.085881 -0.179294 -0.411236 0.030850 0.506681 0.191152 -0.538728 0.106948 -0.098491 -0.154278 0.601782 -0.140423 -0.469560 -0.071912 -0.313437 -0.012525 -0.636774 0.079874 -0.314757 -1.057247 0.147901 0.451546 -0.401632 0.288421 -0.088665 0.085575 0.404094 -0.774373 0.152294 0.067192 0.233408 -0.201771 0.328850 0.721013 0.049755 -0.136704 0.548174 -0.153575 0.404326 0.379779 0.468535 -0.350796 0.164658 -0.619878
hu -0.086078 0.132067 -0.252523 0.030639 -0.223368 0.204259 0.220785 -0.035630 -0.647705 -0.497425 0.273738 0.411949 -0.577951 -0.608296 -0.083656 -0.286425 0.203923 0.167479 -0.846745 0.188659 0.564353 0.020905 -0.147023 0.179605 -0.547380 -0.410298 0.116205 0.464596 0.011005 0.257261 0.484839 0.357039 0.349826 -0.250100 0.304241 -0.311432 0.279952 -0.031562 0.438658 -0.537247 -0.298822 -0.155578 -0.228521 -0.690549 0.119924 0.042942 0.259999 -0.216802 -0.158471 -0.632703
ones</w> 0.159619 -0.015871 -0.063741 0.125586 -0.172084 0.493258 -0.217579 -0.129098 -0.468606 0.045862 0.051542 0.392174 0.023455 0.533904 -0.530726 -0.129931 0.162580 -0.218735 -0.293897 0.157073 -0.040935 -0.088823 -0.071321 0.540985 -0.257316 -0.397125 0.168224 0.143967 0.157321 0.190615 0.496593 0.388211 0.372752 -0.516138 -0.086482 -0.195194 -0.330897 0.007624 -0.182480 -0.070759 -0.425449 0.371699 0.190684 -0.308983 0.100362 0.092248 -0.442099 -0.423394 0.010784 -0.043302
00</w> -0.622592 -0.328836 0.403610 -0.125421 0.089098 0.668217 -0.004157 -0.024808 -0.665701 -0.602343 0.077542 0.753553 -0.373622 0.208934 0.116310 -0.524193 -0.610297 -0.486446 -0.473827 0.180092 -0.065585 -0.331717 0.044820 0.223966 0.054605 -0.734022 0.172100 0.221028 0.209340 0.421149 0.429060 -0.443199 0.424662 -0.248774 0.137878 -0.412045 0.110969 -0.032177 0.425013 0.740574 -0.412365 0.124934 0.281908 -0.535480 0.425249 0.997424 -0.336269 -0.571388 0.146105 0.161051
+</w> -0.206853 0.043178 0.880112 0.412966 0.039088 0.648935 0.398351 -0.790934 -0.483653 -0.229736 0.153529 0.489331 -0.633960 -0.218824 0.001652 -0.751205 -0.344877 -0.098647 -0.592968 0.202304 0.076266 -0.414237 -0.177433 -0.212021 -0.010389 -1.722552 0.531796 0.347979 -0.011990 0.409815 0.435934 -0.077418 0.413475 -0.286326 0.141312 -0.109375 0.268301 0.307914 0.943169 0.874774 -0.336624 -0.164125 0.726099 -0.562425 0.159448 0.700263 0.137414 -0.487887 0.202847 -0.260932
ame</w> -0.129051 -0.153623 0.093349 -0.044216 0.101828 0.348884 -0.351156 -0.005590 -0.535088 -0.430102 0.608696 0.583932 -0.265362 0.036531 -0.424029 -0.063942 0.286690 0.213597 -1.011040 0.337941 0.066876 0.445889 -0.111544 0.465727 -0.043973 -0.541539 0.200982 -0.201005 0.357740 -0.031001 0.210584 -0.032048 0.003011 -0.131163 -0.454110 -0.312310 -0.475841 -0.138239 -0.477336 0.457026 -0.073970 0.812185 0.285606 -0.246913 -0.334509 0.274746 -0.165239 -0.758671 -0.466720 -0.094286
although</w> 0.166566 0.106462 0.056348 -0.074436 -0.284243 0.764590 0.330502 -0.159772 -0.779025 -0.142270 0.268566 0.435365 -0.295197 0.338227 -0.229638 -0.224530 0.223987 -0.545934 -0.091064 0.526775 -0.007132 -0.232091 0.442704 0.566319 -0.188843 -0.570787 0.152160 -0.347641 -0.062000 0.169574 0.075612 0.309250 -0.233844 -0.157294 -0.136530 0.015706 -0.154745 0.484203 -0.521761 -0.123659 -0.058692 0.216230 0.313082 -0.171175 0.063625 0.216625 -0.152396 -0.259071 0.206807 -0.487785
bas 0.312907 0.039109 0.525434 -0.024796 -0.346701 0.013842 0.245629 -0.563869 -1.148045 -0.046707 0.015926 0.451965 -0.041192 0.149921 -0.473341 0.012829 0.198243 0.011990 -0.310540 0.732884 0.025685 -0.319179 0.145118 0.135378 -0.511400 -0.440596 0.307039 -0.385328 -0.304223 0.116478 -0.665205 0.627556 -0.047746 -0.504929 -0.633110 -0.493091 -0.037781 -0.154184 -0.191297 -0.644344 0.136386 -0.043051 0.278495 -0.232535 -0.162128 -0.464871 -0.189668 -0.250701 0.007854 -0.243462
7</w> -0.293654 -0.420286 0.552392 -0.000240 0.047616 0.493147 0.274462 -0.350545 -0.882000 -0.743876 0.037548 0.591031 -0.176567 0.056691 0.009138 -0.484472 -0.537085 -0.383341 -0.224231 0.036595 0.079687 -0.141939 0.421919 -0.001294 -0.180859 -0.889831 0.379482 0.038882 -0.145254 0.288785 0.417733 -0.030360 0.217576 -0.205805 0.062169 -0.782435 0.159524 -0.131853 0.333172 0.369193 -0.442692 0.434101 0.363884 -0.766520 0.307016 0.559614 -0.102815 -0.710519 -0.045583 -0.166096
ov 0.293389 0.361481 -0.212084 -0.179557 -0.298996 0.210504 0.407942 -0.174292 -0.582215 0.005572 0.430179 -0.089920 -0.498133 0.123031 -0.400101 0.171911 0.056387 0.062621 -0.604051 -0.094460 -0.099398 -0.075455 -0.365278 0.476729 -0.420559 -0.927573 0.305257 -0.372969 0.512806 0.601667 -0.732007 0.494298 0.511809 -0.497415 0.491577 -0.122402 0.219968 -0.270637 -0.337131 -0.105424 0.105632 -0.373606 0.559023 -0.504067 -0.227645 0.379328 -0.362573 0.055427 -0.238396 -0.034889
ie 0.384384 -0.042176 0.176701 0.228717 0.063076 0.591677 0.382405 0.415378 -0.512471 0.497800 0.438869 -0.434208 -0.267917 -0.657306 -0.017789 -0.048966 0.496141 0.115602 -0.986278 0.559461 0.416521 0.217533 -0.726865 0.068340 -0.637312 -0.556016 -0.946748 0.243527 0.748588 0.369600 0.372814 0.490832 0.646923 -0.236099 0.395021 -0.111206 -0.014437 0.216746 -0.139972 -0.362500 -0.301623 -0.343574 -0.291808 -0.277793 -0.319605 0.571391 0.112499 -0.303771 -0.024261 0.050896
expec 0.120379 0.218514 0.142610 -0.189664 -0.991686 0.417573 0.490214 -0.002404 -0.107284 0.240713 0.191132 0.720741 -0.264186 -0.342270 0.231241 0.147867 0.196461 -0.405760 -0.637775 0.776877 -0.148472 0.222664 -0.242187 0.615303 0.267977 -0.483774 0.073320 -0.130448 0.105914 0.418417 -0.145183 1.283397 -0.011737 -0.384271 -0.027719 -0.016369 -0.706583 0.147154 -0.426184 -0.326564 -0.592175 -0.093169 0.593153 -0.312457 0.563462 -0.462689 -0.514256 -0.510235 -0.275472 -0.878839
bought</w> 0.172099 0.071814 0.126058 0.480161 -0.099162 0.384631 0.428675 -0.042141 -0.603758 -0.296068 0.386709 0.668672 -0.168332 0.455529 -0.007772 -0.572714 -0.238911 -0.514625 -0.406605 0.542630 0.474052 -0.363151 0.333025 0.352751 0.426048 -0.332727 -0.460252 0.024650 0.274965 0.263855 0.027165 0.408387 -0.536832 0.031766 0.089026 -0.013497 -0.175698 0.224912 -0.316627 0.111596 -0.697393 0.151411 0.328275 -0.432846 0.198128 0.182753 0.091786 -0.380476 0.298477 -0.878991
ight</w> -0.009555 -0.337504 0.356392 -0.260261 -0.007754 0.844769 0.309906 -0.304535 0.118324 0.244480 0.132261 0.154065 -0.176336 0.047535 0.021598 0.314180 -0.132846 -0.163163 -0.571062 -0.104340 -0.291339 0.236329 0.232443 0.640233 -0.124764 -0.797284 -0.472144 0.423914 0.616528 0.703131 0.191248 -0.438573 -0.379531 -0.400145 -0.006736 -0.231759 -0.700361 0.534749 -0.227737 -0.248135 -0.411802 0.565579 -0.032319 -0.621743 0.091913 0.489235 0.280088 -0.209658 0.373849 -0.465562
loo 0.296353 -0.374891 0.141134 0.208148 -0.875343 0.352856 0.285513 0.195623 -0.256600 0.001149 0.473756 0.212327 -0.675837 -0.051208 0.088554 -0.176839 0.467146 -0.107942 0.045634 0.228739 -0.009965 0.042573 -0.289934 0.334157 -0.192417 -0.560116 -0.163909 0.456036 -0.610895 0.632121 -0.027972 0.602630 -0.026125 0.005457 0.224194 -0.330034 -0.209813 -0.246847 -0.342042 -0.211664 -0.444013 0.806095 0.475160 -0.031624 0.204699 -0.138076 -0.106485 -0.304781 0.116987 -0.698599
water</w> 0.111461 -0.078671 0.044588 0.306383 -0.369103 0.339284 0.202310 -0.111506 -0.465144 -0.013640 0.457502 0.167298 0.219309 0.032449 0.077107 -0.135381 -0.230194 -0.384219 -0.255145 0.438606 0.013134 0.097678 0.228243 0.256053 -0.548876 -0.314664 -0.269169 -0.106419 -0.118299 0.328743 0.031077 0.081160 -0.055356 -0.313820 -0.150546 -0.319113 -0.350468 -0.424654 -0.381485 -0.251272 -0.157087 0.557344 0.186192 -0.439750 -0.004034 0.018223 -0.354811 -0.445814 0.328545 -0.177102
aw 0.028274 -0.013024 -0.564571 0.189289 -0.613586 0.482408 0.363183 -0.296552 -0.769178 0.243582 0.475681 -0.202818 -0.331786 -0.249598 -0.430062 -0.213307 0.267454 0.022275 -0.356431 0.215219 -0.086257 -0.210268 -0.504292 0.136082 -0.309545 -0.986746 -0.031925 -0.284163 0.233484 0.426733 0.197336 -0.049780 0.336289 -0.277611 0.104497 0.100587 -0.151268 -0.023067 0.224663 -0.170288 -0.600509 -0.342559 -0.131447 -0.890862 0.250398 -0.391789 0.202525 -0.062187 0.272125 -0.596802
cent</w> 0.009070 -0.207452 0.608651 -0.121636 0.116562 0.094988 -0.046290 0.013186 -0.238827 -0.270168 -0.685401 0.458822 -0.485213 -0.174186 0.193966 0.144114 -0.346797 0.205873 -0.804302 0.096236 -0.156134 -0.562359 -0.344853 -0.075263 -0.363441 -0.490339 -0.029923 0.879101 0.665762 0.192865 0.428297 0.469566 0.293983 0.068255 -0.416853 -0.983262 -0.228391 0.047857 -0.238800 -0.093429 0.220029 0.696748 -0.145969 0.037497 0.189115 0.110012 -0.033370 -0.273391 -0.093379 0.293545
wal -0.021670 -0.333023 0.354508 -0.071494 -0.638465 0.250202 0.044775 0.140484 -0.445327 0.349943 0.710737 -0.060296 -0.613000 -0.035266 0.337014 0.044362 0.064314 -0.260688 -0.283613 0.229101 -0.015081 -0.277355 -0.365058 -0.015346 -0.122877 -0.802695 -0.194075 -0.009858 -0.208042 0.489514 0.182740 0.698560 0.391041 -0.514153 0.237071 -0.219205 -0.028992 -0.139179 0.213764 -0.211147 -0.522165 0.221659 0.357261 -0.073698 -0.158327 0.078395 0.264945 -0.341493 0.112447 -0.284989
ea 0.602459 -0.266537 0.064938 0.324562 -0.018789 0.235595 0.317773 0.332708 -0.631294 -0.159460 0.059932 -0.044453 -0.189306 0.295580 0.068503 0.373800 0.479187 0.176537 -0.629914 0.502661 -0.092598 0.030125 -0.793927 0.609851 -0.363307 -0.497763 -0.271341 0.236723 -0.201588 0.640665 -0.264023 0.369054 -0.494075 -0.043817 0.012172 -0.440856 -0.600162 0.174422 0.324342 -0.600921 -0.236366 -0.278049 -0.233167 0.376103 0.211735 0.205357 -0.012677 0.072131 0.469395 -0.546008
case</w> -0.018757 -0.121088 0.382598 0.371387 -0.105910 0.350610 -0.004266 -0.387806 -0.516698 -0.294910 0.247591 0.486773 -0.033009 0.253170 -0.172383 -0.647014 -0.132724 -0.277159 -0.441265 0.437755 -0.306957 -0.408996 0.168618 0.188683 0.176202 -0.428185 -0.167670 -0.162019 0.004316 0.174724 0.123813 0.154122 -0.433878 -0.333310 -0.446432 -0.251654 -0.246951 -0.251158 -0.326543 -0.028592 -0.100914 0.408932 -0.195361 -0.703114 0.001118 0.177197 0.169072 -0.372240 0.350713 -0.249288
ong</w> 0.179600 0.412007 0.074520 0.221854 0.115188 0.388173 0.259246 -0.262171 -0.241101 -0.263128 0.484586 -0.065708 -0.067574 0.266557 0.005113 -0.355334 0.301535 -0.331787 -0.053391 0.333280 0.004944 -0.390315 -0.203408 0.651294 -0.181452 -0.475368 0.100343 -0.005113 -0.054727 0.906069 0.373524 0.203582 0.029792 -0.020554 -0.175646 -0.611683 0.093640 -0.496388 -0.067159 -0.396689 0.049088 0.274436 0.108430 -0.521140 -0.640292 0.746104 0.130958 -0.364146 0.095864 0.521445
play</w> -0.069206 0.035687 0.291402 0.188941 0.196419 0.218054 0.426753 -0.500454 -0.398781 0.241665 0.279894 -0.043689 -0.157975 0.294360 -0.048139 0.043409 0.463024 0.035494 -0.785409 0.516141 0.213003 -0.159170 0.231320 0.087924 -0.249968 -0.159642 0.172641 -0.553518 0.262131 0.261387 -0.169021 0.278421 0.060355 0.000234 -0.259633 -0.306273 -0.296845 -0.164041 -0.466858 -0.001704 -0.127075 0.271048 -0.213429 -0.489533 -0.218359 0.196527 0.214821 -0.191408 0.189987 -0.237781
dri 0.570990 -0.381071 -0.059158 0.601185 -0.123288 -0.008969 0.532350 0.656139 -0.651857 -0.279794 0.223895 0.141980 -0.375984 -0.645078 0.224887 -0.165270 0.260641 0.012993 -0.200015 0.360598 0.300692 0.279552 0.039766 0.196144 -0.576004 -0.579825 -0.105876 -0.037702 0.083874 0.405242 0.112303 -0.155006 0.217901 -0.357056 0.139088 -0.119217 -0.089819 -0.185887 -0.461736 -0.030577 -0.132926 -0.021315 0.066053 -0.131663 -0.492538 0.183422 0.347182 -0.072733 0.066235 -0.695197
20 -0.338175 -0.428126 0.393327 0.209738 0.018573 0.595890 0.231759 -0.230464 -0.800942 -0.764462 0.384856 0.947625 -0.715664 0.158951 0.157055 -0.830143 -0.911652 -0.519668 -0.515981 0.260434 -0.120707 -0.273664 -0.042350 0.151061 -0.425567 -0.774632 -0.016595 0.080462 0.004227 0.551958 0.004737 -0.225967 0.331929 -0.325799 0.406488 -0.536025 0.026950 -0.495520 0.583326 0.121906 -0.233935 -0.116003 0.370124 -0.851102 0.316776 0.452227 -0.328700 -0.550447 0.694142 0.130416
ship</w> -0.126964 0.289927 0.236983 -0.060153 0.200041 0.455065 1.072310 -0.872890 -0.313512 0.292292 0.235723 0.194552 0.106207 0.086069 -0.193213 0.219770 -0.020357 -0.010808 -0.918971 0.474335 -0.527733 0.005372 0.121856 0.314749 -0.299264 -0.417910 -0.318379 0.205901 0.497020 0.373775 -0.385172 -0.292869 0.263068 -0.148465 -0.197749 -0.123842 -0.330777 -0.047739 0.399689 -0.287294 0.031452 0.613573 -0.124628 -0.359838 -0.251348 -0.001954 -0.241061 0.072390 0.110862 -0.392248
9</w> -0.425076 -0.561101 0.364536 0.180678 0.066509 0.422856 0.213221 -0.440610 -0.694278 -0.803248 0.310806 0.826780 -0.404058 0.246367 -0.111158 -0.630260 -0.643680 -0.456347 -0.285106 0.294507 0.164513 -0.045294 0.311137 0.139050 -0.178153 -0.883518 0.217642 0.116642 -0.009066 0.385471 0.183454 -0.314312 0.182570 -0.057667 0.354610 -0.465829 -0.056531 -0.099867 0.543092 0.288156 -0.493636 0.190163 0.273112 -0.608781 0.324489 0.452925 -0.290666 -0.700171 0.339470 0.124367
enjoy</w> 0.600583 0.268159 0.181553 0.305337 0.007753 0.549820 0.240084 0.130705 -0.626649 0.108099 0.527883 0.366683 -0.182537 0.515395 0.097648 -0.057869 0.139356 -0.149197 -0.469466 0.343826 0.514693 -0.308188 0.015296 0.382155 0.244318 -0.491072 -0.148947 -0.211660 -0.266099 0.220013 -0.058878 0.288766 -0.048516 0.222604 -0.007068 -0.184642 -0.546264 0.313335 -0.236560 0.023455 -0.440720 0.500584 0.207751 -0.269735 0.207066 0.303810 0.244765 -0.774223 0.077266 -0.625624
super -0.002685 -0.311754 0.074212 0.278820 0.130703 0.323184 -0.158030 -0.086742 -0.853990 -0.091667 -0.406051 0.057865 -0.279992 0.240817 -0.045919 0.048087 0.166535 -0.030514 -0.506006 0.478851 -0.467389 -0.235154 -0.050797 0.427540 -0.407575 -0.538268 0.195859 0.038788 -0.177791 0.361013 0.264608 -0.015103 0.190520 -0.122150 -0.289835 -0.362364 0.130321 0.085768 0.096477 -0.523267 0.280357 0.169440 0.138308 -0.117661 -0.426028 -0.153135 0.061936 0.067362 0.178984 -0.479640
ls</w> -0.270466 0.187955 0.351421 0.353462 -0.591744 0.322513 -0.055000 -0.462445 -0.780033 -0.027815 0.462648 0.372908 -0.069830 0.514572 -0.441128 0.399670 0.120896 -0.298777 -0.381761 -0.256528 -0.191786 -0.288499 -0.084073 0.039180 0.214754 -0.390505 -0.355811 0.331235 -0.119155 0.395271 0.270916 0.149997 0.551317 0.001151 -0.479256 -0.557246 0.203056 0.012747 -0.290810 0.234357 -0.342903 0.760380 0.240776 -0.623839 -0.467181 0.371183 0.015132 -0.200989 -0.562281 0.003040
nee 0.583861 -0.001132 0.049351 0.534800 -0.453209 0.205475 0.168744 0.074769 -0.619280 0.647163 0.214560 0.352931 -0.549495 0.104352 0.228651 -0.151554 0.400113 -0.025168 -0.351231 0.462938 0.247081 0.294394 0.129250 0.516766 -0.383222 -0.484731 -0.225103 0.013825 -0.565467 1.057244 -0.082325 0.430271 -0.014277 -0.263922 -0.171841 0.217139 -0.686777 0.312869 -0.437341 0.058032 -0.049974 -0.122446 0.222287 -0.359052 0.492229 0.162527 -0.028956 -0.573768 0.083102 -0.745589
fri 0.194914 -0.350026 -0.056526 0.279468 0.193255 0.129983 0.526038 -0.352007 -0.622749 0.076726 0.023971 0.212686 -0.203463 0.001042 -0.107887 -0.170877 0.064826 -0.005834 -0.609716 0.351865 -0.592225 0.016538 0.177376 0.395152 -0.297737 -0.126192 -0.455081 0.359053 -0.005727 0.371687 -0.260408 -0.120171 0.191930 -0.247683 -0.013364 -0.106573 0.013491 -0.311331 0.088577 -0.233139 0.452318 -0.042840 0.212418 -0.139390 0.275717 0.181907 -0.184763 0.222778 -0.039416 -0.420186
ool</w> -0.175056 -0.376419 -0.060251 0.136081 0.004722 0.561960 0.173154 -0.253384 -0.612905 -0.574357 0.428463 -0.009045 0.130527 -0.056610 0.161390 0.323996 0.266599 -0.321125 -0.731015 0.394363 -0.003429 0.078181 -0.150908 0.356271 0.037987 -0.490267 0.480816 -0.241687 0.579243 0.110718 0.382051 0.557883 0.290732 -0.279176 0.223146 -0.404436 -0.362943 -0.031581 -0.140187 0.242230 -0.545408 0.367651 0.341708 -0.196724 -0.084697 0.110083 -0.384224 -0.693046 -0.338229 -0.246321
ased</w> 0.233448 0.160611 0.300707 -0.111179 0.104152 0.275582 0.905891 0.138197 -0.141103 -0.108645 0.592359 0.651617 0.000794 0.621980 0.262320 0.155843 -0.127446 0.051281 -1.128555 0.429542 0.126225 -0.479603 0.409261 0.548751 0.648178 -0.302899 -0.422088 0.138213 1.034551 0.301308 -0.051047 0.067883 -0.240044 0.132562 0.005577 0.344593 -0.013117 -0.282563 -0.311046 -0.194778 -0.483645 0.105434 0.089937 -0.070237 0.316184 0.263694 -0.246265 -0.000312 -0.010269 -0.653507
either</w> 0.170828 -0.090017 0.259431 0.163113 -0.291087 0.372563 0.215962 0.113470 -0.311660 -0.179706 0.148644 0.215776 0.212925 0.249728 -0.029122 -0.240779 0.332904 -0.147756 -0.122025 0.616562 -0.011616 0.015364 0.216668 0.249526 -0.334307 -0.413060 -0.187684 0.078630 -0.247069 0.157385 0.148268 0.271534 0.051148 -0.136782 -0.325738 -0.211243 -0.531980 0.075183 -0.489135 0.018681 -0.059161 0.352649 0.274691 -0.051659 0.334249 0.279287 -0.212398 -0.253195 0.110193 -0.141172
idea</w> 0.401810 -0.225122 0.510717 0.308704 -0.255538 0.043704 0.110085 0.035930 -0.345837 -0.232943 -0.126069 0.501756 0.162061 0.181907 -0.534073 -0.367218 0.355840 -0.129391 -0.852568 0.792580 -0.238486 -0.208157 0.083053 0.348129 0.165652 -0.079681 0.284463 -0.117541 -0.143394 0.168112 0.238187 0.423705 -0.225887 -0.437168 -0.317439 -0.478967 -0.813210 -0.115079 -0.347107 0.156585 0.230757 0.599073 -0.149244 -0.757870 0.324778 -0.178768 -0.016519 -0.562645 0.395624 -0.451449
series</w> 0.040892 -0.199474 0.401891 0.156583 -0.185048 0.154290 0.234764 -0.269398 -0.492667 -0.259219 -0.208668 0.643308 0.045285 0.009010 0.073402 -0.531155 -0.074606 -0.230032 -0.653863 0.587081 -0.196945 -0.016260 0.096168 0.252967 -0.326187 -0.210525 0.071153 -0.139039 -0.343979 0.105090 0.128495 0.286488 -0.225593 -0.132601 -0.354788 -0.576919 -0.326013 -0.329590 -0.122339 -0.153663 -0.120862 0.461667 -0.154633 -0.249712 0.171521 -0.039673 -0.108818 0.002830 0.219977 -0.216236
book</w> -0.035914 -0.044991 0.082835 -0.157583 -0.048723 0.091609 0.256434 -0.549164 -0.613952 -0.250110 0.199144 0.219853 -0.110215 0.253812 -0.141570 -0.146242 -0.052940 -0.242809 -0.597770 0.414653 -0.276045 -0.292863 0.329302 0.100035 -0.174577 -0.302546 0.054469 -0.199782 0.079166 0.191618 -0.175506 -0.187125 -0.031033 -0.265863 -0.056545 -0.371319 -0.284908 -0.143867 -0.425993 -0.019297 -0.076793 0.342798 0.068148 -0.475455 0.332352 0.207598 0.240323 -0.401778 0.061666 -0.115729
gg -0.018876 0.408182 -0.103832 0.324310 -0.133188 0.206567 0.712935 0.245410 -0.484143 -0.198760 0.462247 -0.213130 -0.200922 0.024341 0.324406 0.455145 -0.215570 0.143262 -0.334167 -0.374273 -0.322263 -0.122154 0.430222 0.275832 -0.443082 -0.832122 -0.446542 0.041979 0.306750 0.376473 -0.398892 0.011861 0.650264 -0.414947 0.085933 -0.735849 0.357087 -0.498766 -0.258585 -0.394390 0.228646 -0.606248 0.517800 -0.724353 -0.150100 0.068682 -0.123875 0.102700 -0.171485 -0.478728
believe</w> 0.158050 0.252408 0.382155 0.556043 -0.230586 0.649979 0.567463 0.138955 -0.663251 0.072418 0.633984 0.118245 0.007121 0.343878 -0.015768 -0.072168 0.383497 -0.032479 -0.531739 0.197123 0.613357 -0.480665 0.169651 0.168395 0.126104 -0.487900 0.095124 -0.525828 -0.198286 0.367055 -0.135656 0.698842 -0.339568 -0.254729 -0.447460 0.078059 -0.281319 0.351108 -0.367580 0.236486 -0.117617 0.577996 0.241534 -0.140860 0.075570 0.300860 0.209524 -0.639720 0.358359 -0.687708
4 -0.149404 -0.592070 0.406089 0.330873 0.233786 0.605427 0.228596 -0.115918 -0.778503 -0.758497 0.132456 0.479234 -0.587341 0.163017 0.035961 -0.923572 -0.830002 -0.325774 -0.404746 0.117771 0.005984 -0.317751 0.271133 0.119268 -0.213022 -0.746335 0.046383 0.276348 -0.129140 0.723916 0.316537 -0.086113 0.195557 -0.095588 0.368978 -0.400970 0.391091 -0.348899 0.551833 0.472992 -0.447600 0.075600 0.112200 -0.924524 0.088641 0.647853 -0.113274 -0.566902 0.583490 -0.046209
bag</w> 0.045043 -0.102507 0.078716 0.202921 -0.031945 0.129527 0.230842 -0.216482 -0.489443 -0.581856 0.114954 0.419331 -0.319424 -0.077688 -0.233187 -0.220466 -0.134364 -0.334516 -0.408167 0.390418 -0.245775 -0.057683 -0.012298 0.292249 -0.251297 -0.362005 -0.096898 0.154084 -0.024947 0.369320 -0.141085 -0.078012 -0.294637 -0.316784 0.052101 -0.295350 -0.269367 -0.154818 -0.182377 -0.174292 -0.275553 0.120900 0.228303 -0.673926 0.124375 -0.027687 0.041903 -0.118861 0.257501 -0.279993
bor 0.103847 -0.112783 -0.266608 -0.162169 -0.082952 0.270549 0.607417 -0.551752 -0.583911 0.078127 0.034876 -0.022667 -0.323299 0.096541 -0.001117 0.046743 0.157696 0.206959 -0.267216 0.089819 -0.544380 0.034574 -0.194928 0.112068 -0.777171 -0.688756 0.152812 -0.121949 0.072332 0.230952 -0.326169 0.068079 0.354168 -0.200478 -0.172056 -0.251166 -0.146417 -0.186838 -0.097911 0.180012 -0.000605 -0.186456 0.282441 -0.253612 0.333686 -0.043686 -0.167862 -0.134172 -0.217627 -0.370336
ition</w> -0.126304 0.396242 0.408644 0.107690 0.156021 -0.018346 0.405865 -0.092800 -0.444114 -0.159360 0.083333 0.281907 0.116335 0.404185 -0.038389 -0.002966 0.399457 -0.215850 -1.391708 0.118043 -0.571264 0.186146 -0.075941 0.312991 -0.004257 -0.492745 -0.014649 0.370294 0.626197 0.023248 -0.530215 0.033772 0.073115 -0.495140 -0.587177 0.159195 -0.650717 0.190880 -0.472987 0.474581 -0.041182 0.122177 -0.024967 -0.306804 0.094188 0.673287 -0.351993 -0.360521 -0.566131 0.058108
head</w> -0.089715 -0.084783 -0.071048 -0.014251 -0.163171 0.303183 0.279880 -0.219358 -0.394500 -0.287427 0.309867 -0.109762 -0.166422 0.091469 -0.030113 0.023043 -0.004149 -0.292771 -0.436474 -0.242276 0.118878 0.116822 -0.359697 0.275816 -0.251095 -0.493349 -0.183432 -0.109519 0.058662 0.710414 -0.289849 -0.250526 -0.036100 -0.250923 0.168071 -0.277355 -0.601925 -0.475669 -0.496726 -0.198359 -0.108662 0.465087 -0.270125 -0.703232 -0.200747 0.397343 0.058580 -0.126289 0.248802 -0.360902
left</w> 0.069634 -0.223375 0.100008 0.417309 -0.368629 0.351384 0.394528 -0.142979 -0.692850 -0.298486 -0.015358 0.296063 0.038913 0.115565 -0.107142 0.162559 0.088171 -0.122464 -0.091214 0.094332 0.151203 -0.301380 0.128532 0.251739 -0.044411 -0.148818 -0.253466 -0.109194 -0.067390 0.364310 0.150053 0.200031 0.045793 -0.012816 -0.225087 -0.420168 -0.346858 -0.165297 -0.327458 0.060961 -0.160676 0.348864 0.232931 -0.336045 -0.018617 -0.027170 0.379889 -0.276666 0.400708 -0.627872
dra 0.128633 -0.233092 -0.478656 0.818535 -0.185093 0.394646 0.163073 -0.163460 -0.542417 -0.177080 0.612524 -0.172283 -0.386072 0.317667 -0.117989 -0.192991 0.501876 -0.017281 -0.300905 0.094569 0.046894 0.202888 -0.468710 0.299048 -0.367317 -0.703723 -0.030404 -0.111656 0.156386 0.394561 -0.199365 0.014827 0.377396 -0.215756 0.053847 -0.136248 0.035968 -0.227498 -0.341558 -0.318428 0.333802 0.019649 0.397233 -0.564160 0.236093 -0.218897 0.428446 -0.439730 0.388051 -0.737281
tic -0.241442 0.534412 -0.403123 -0.643830 -0.279584 0.289234 1.326782 0.168736 -0.274436 -0.334778 0.416480 -0.243695 -0.465237 -0.223009 0.229701 -0.170788 -0.062245 0.273045 -0.705834 0.518480 0.401005 -0.432350 0.254925 -0.141880 -0.550007 -0.936046 -0.750761 -0.045986 0.542096 -0.062536 -0.191876 0.395829 0.602689 -0.157112 0.231281 -0.545766 0.013300 -0.220114 -0.356277 -0.203263 -0.233680 -0.247754 0.203455 -0.754118 -0.228461 -0.623553 -0.031835 -0.060057 0.143866 -0.537271
happen 0.271080 -0.700043 0.114801 0.184172 -0.433206 0.096537 0.771706 0.630039 -0.378031 -0.075473 0.338633 0.134779 -0.013273 0.246094 -0.197470 -0.486186 0.795706 0.310347 0.063155 0.745315 0.450513 0.011442 0.228183 0.320040 -0.254128 -0.650110 0.199903 -0.820421 -0.421711 0.705133 -0.058866 0.464395 0.191675 -0.527725 -0.751079 -0.542392 -0.329007 -0.601280 -0.814975 -0.004297 0.591597 0.110778 0.605128 -0.313693 0.300961 -0.226406 -0.238632 -0.621596 0.238382 -0.915899
lan 0.314984 -0.055290 0.027014 0.434022 0.126271 0.411749 0.037369 -0.364320 -0.275866 0.211778 0.184452 -0.117972 -0.474209 -0.146724 0.524164 -0.128112 -0.285049 0.035450 -0.594172 0.221457 -0.759941 0.155023 -0.369406 -0.081315 -0.552100 -0.719000 -0.256432 -0.004130 0.416669 0.434719 -0.164865 0.220447 0.312100 -0.326803 0.221995 -0.261892 -0.369033 -0.095591 -0.060023 -0.441802 -0.218242 -0.717844 0.036954 -0.401962 0.373148 0.355766 0.047851 -0.152591 0.216331 -0.245864
tv</w> -0.176001 -0.089624 0.446517 0.298413 -0.008132 0.443059 0.099846 -0.029690 -0.490649 -0.576290 -0.160592 0.695680 -0.113212 -0.094758 0.031167 -0.417917 0.094996 -0.237455 -0.681907 0.540576 0.017012 -0.081638 0.552238 0.324532 -0.039339 -0.260973 -0.081169 -0.211389 -0.294341 0.208784 0.364734 0.199624 -0.169431 0.022679 0.100920 -0.445442 -0.173886 -0.298064 -0.268423 -0.083057 -0.101689 0.409271 -0.042317 -0.081603 0.047037 0.188749 0.032748 -0.266934 -0.143884 0.032654
form -0.141114 -0.445974 0.500207 -0.340761 0.111178 0.107124 0.266173 -0.139478 -0.375856 -0.019465 -0.024122 0.203971 -0.534568 0.282661 0.120629 -0.252112 0.166575 0.110443 -0.854421 0.028356 -0.554923 -0.443051 -0.024739 0.168273 -0.723329 -0.858056 0.264249 0.146342 0.316269 0.567244 -1.055597 0.826345 0.062344 -0.637427 -0.175105 -0.558387 -0.309184 -0.348536 -0.265961 -0.559256 0.769031 0.002822 -0.023557 0.112421 -0.130698 -0.420629 -0.121046 0.069196 0.451779 -0.249011
pur 0.386564 0.504586 0.289807 -0.350861 -0.316813 0.331612 0.750858 0.125257 0.055727 0.051801 -0.122038 0.563061 -0.539490 -0.049854 0.438896 -0.468727 0.405650 0.267724 -0.720870 0.876779 0.322852 0.180062 -0.599579 0.019463 0.002133 -0.394325 -0.250271 -0.127060 -0.108823 0.702803 -0.694163 0.240527 -0.647502 -0.301573 0.129480 -0.039246 -0.618870 0.078124 0.169560 -0.490842 -0.095079 0.299134 0.029628 -0.246040 0.168588 0.932319 -0.064395 0.058965 0.312111 -0.522991
played</w> -0.378050 -0.250959 -0.193207 0.124307 -0.180884 0.231849 0.413868 0.221783 -0.678402 0.092064 0.097727 0.206110 -0.231946 0.282260 -0.332320 0.282872 0.165906 -0.042694 -0.573198 0.374460 0.146553 -0.061652 0.062978 0.430881 -0.269665 -0.493843 -0.162994 0.188034 0.289660 0.205738 0.137127 0.226330 0.416138 -0.380451 0.196877 -0.036178 -0.206901 -0.068192 -0.435644 -0.183453 0.010124 0.268401 -0.310960 0.084671 -0.091835 0.019673 -0.087755 -0.433458 0.251043 -0.390303
else</w> 0.105994 -0.204580 0.655879 0.152207 -0.091704 0.599330 0.494772 -0.082694 -0.369967 -0.053805 -0.030967 0.188941 0.030773 0.405492 -0.307465 0.039011 0.307139 0.152317 -0.060556 0.259700 0.267176 -0.395069 0.110770 0.258127 0.374839 -0.672494 0.146250 -0.413513 -0.457587 0.558304 0.381435 0.265047 0.031996 -0.295106 -0.403026 -0.040081 -0.545850 0.099397 -0.691355 0.624819 -0.025373 0.709518 0.489063 -0.352850 0.675901 0.206250 0.305811 -0.481455 0.590840 -0.654569
ited</w> -0.271341 0.451425 0.379033 0.081659 -0.184805 -0.019072 0.667443 0.011192 -0.268991 -0.149849 -0.462841 0.125787 0.328898 0.170729 -0.225408 0.237859 0.879174 0.007109 -1.170218 0.242038 0.086636 0.015018 -0.062951 0.059357 0.060503 -0.575906 0.287556 0.153607 -0.103801 0.364205 0.142583 0.173737 -0.206499 0.017009 0.043843 -0.331367 -0.174129 -0.687386 -0.196793 -0.039402 0.059974 0.667774 -0.201311 0.078491 -0.132837 0.712384 -0.164149 -0.263015 -0.227644 -0.320899
goes</w> 0.065716 -0.255571 0.332136 0.526559 -0.122236 0.516877 0.257995 0.120586 -0.295886 0.204003 0.305081 0.161590 -0.422803 0.401564 0.039671 0.051631 -0.146603 -0.103081 -0.487759 0.096257 0.509272 -0.018745 0.413237 0.072266 -0.528201 -0.323834 -0.275801 0.318845 -0.005278 0.467029 0.063163 0.266575 0.082970 -0.159833 -0.274067 -0.287400 -0.062267 -0.209298 -0.453065 -0.159452 0.178623 0.565835 0.045196 0.175700 0.120172 -0.088935 0.165468 -0.582607 0.080424 -0.415832
exp 0.064496 0.219453 0.652707 -0.026744 -0.048110 0.537076 0.743480 -0.203080 -0.143801 0.811198 0.247587 0.195644 -0.186788 0.185127 0.349185 0.129322 0.483744 -0.015842 -0.775439 0.067610 -0.180178 -0.117509 0.190150 0.323475 -0.929882 -0.448159 0.699376 0.140572 -0.144260 0.388302 -0.396556 0.626458 -0.027118 0.327508 -0.176048 -0.740055 -0.343163 -0.248618 0.055689 -0.479540 0.228103 -0.041877 -0.024997 -0.260882 -0.322464 0.335078 0.272987 0.178646 0.291842 -0.425704
course</w> 0.232317 0.022009 0.568217 0.244575 -0.542705 0.217104 -0.082751 -0.125147 -0.788367 -0.390521 0.530696 0.661862 0.005171 0.409448 -0.404823 -0.304553 0.151922 -0.665295 -0.594376 0.375928 -0.443014 -0.211331 0.234761 0.422301 -0.385559 -0.318002 -0.131280 0.033960 -0.036211 -0.086500 0.089707 0.107097 -0.117789 -0.696127 -0.516966 -0.417199 -0.425239 0.341652 -0.367672 0.107972 -0.389584 0.668158 0.057637 -0.539130 -0.197685 0.336386 -0.331466 -0.216218 0.280939 -0.015557
guy</w> 0.272407 0.013702 0.267138 0.070345 -0.332303 0.218580 0.039689 -0.171913 -0.533099 -0.294779 0.236338 0.273807 0.087047 0.203865 -0.573418 -0.029631 0.421812 0.083498 -0.320559 0.462137 -0.069268 -0.122256 -0.236272 0.319294 -0.109490 -0.266854 0.291613 -0.151752 0.057898 0.244152 0.275804 0.412369 -0.128816 -0.506663 -0.342374 -0.502463 -0.279555 -0.327487 -0.285371 -0.421215 0.006175 0.392528 -0.202170 -0.347334 -0.087365 0.130167 0.061006 -0.425625 0.072233 -0.427592
ending</w> 0.092844 -0.107560 0.015893 0.300582 -0.028062 0.167355 0.199668 -0.331227 -0.422239 -0.292049 -0.426103 0.193644 0.061634 0.307085 0.176186 -0.213136 0.488031 -0.015640 -0.647878 0.592725 -0.038285 0.000892 -0.258845 0.611052 -0.272952 -0.374655 0.055857 -0.315787 -0.164475 0.164683 0.146037 -0.129802 -0.072385 -0.267045 -0.183721 -0.422658 -0.332718 -0.264905 -0.105769 -0.323150 -0.032940 0.676295 0.090238 -0.439132 0.105260 0.186563 -0.088863 -0.392485 0.027883 -0.037745
high 0.410280 0.214178 0.056260 -0.288860 -0.457459 0.320902 0.301129 -0.181761 -0.371511 -0.374979 0.042893 0.321627 -0.282625 0.390115 -0.000577 0.128509 0.377070 -0.000617 -0.657571 0.940686 0.359741 -0.342596 0.089410 0.269611 -0.649378 -0.268780 -0.056193 -0.097232 -0.187050 0.454844 -0.360965 0.670467 0.140798 0.162864 -0.134463 -0.026040 -0.571127 0.269171 -0.491826 -0.444542 -0.102765 -0.068413 0.068959 -0.045169 0.569413 0.014080 0.052993 -0.118288 0.053513 -0.539760
mom -0.219619 -0.105873 0.276795 0.078416 0.160172 0.240424 0.279896 -0.050176 -0.958758 0.079825 -0.315517 0.504628 -0.164551 0.289116 0.499727 -0.373337 -0.173986 -0.340036 -0.635625 0.860348 -0.473317 -0.377404 0.129215 0.298310 -0.395514 -0.400010 -0.627289 0.028972 -0.451672 0.409326 -0.148455 0.293058 0.249946 0.074047 -0.202090 -0.150967 -0.527397 0.007702 -0.493599 -0.399537 0.190903 -0.003835 0.043062 -0.262023 0.034150 -0.432660 -0.169607 0.271123 -0.012160 -0.395932
house</w> 0.231940 -0.329356 0.234495 0.191633 -0.323887 0.302553 0.274313 -0.255491 -0.684836 -0.156614 0.205953 0.135863 -0.037721 0.308155 -0.004561 -0.253305 0.033827 -0.370810 -0.515833 0.227838 -0.304043 -0.286752 0.072028 0.047648 -0.224456 -0.275370 -0.084673 -0.299320 -0.019377 0.280702 -0.073080 -0.118583 0.059918 0.016948 -0.263031 -0.366365 -0.631493 -0.190539 -0.289051 -0.236997 -0.024155 0.308287 -0.117867 -0.450313 -0.151730 0.395091 0.088735 -0.424242 0.107280 -0.069667
ney</w> -0.353105 0.240661 0.440698 -0.191564 0.559932 0.374344 0.521547 -0.299301 -0.292112 0.434283 0.343543 0.143194 -0.186266 0.436895 -0.271379 0.126110 0.304069 -0.013972 -0.544133 -0.137137 -0.084481 0.044348 -0.109877 -0.178564 0.249236 -1.211194 0.269086 0.016194 0.530788 0.372490 -0.063840 -0.048491 -0.132471 -0.357558 -0.236030 -0.317108 -0.074581 -0.125469 0.332702 0.279190 0.118073 -0.251849 -0.265439 -0.419329 -0.284289 0.715797 0.129855 -0.097714 0.001485 -0.424004
dly</w> 0.071282 0.472423 0.254216 -0.246149 -0.248827 0.216983 0.499733 -0.103950 -0.175847 0.158231 -0.330717 0.422495 0.044024 0.026510 0.178675 0.313148 0.185207 -0.129415 -0.801908 0.015153 -0.456145 -0.454280 -0.171680 0.185081 0.032416 -0.809839 -0.328449 -0.031636 0.677702 0.254008 0.391306 -0.005325 0.187599 -0.079476 0.048925 -0.157493 0.326486 0.180159 -0.205336 0.332465 -0.157705 0.378232 -0.105112 0.040851 0.010441 0.548341 -0.191094 0.382970 -0.317535 -0.054468
pack 0.341621 -0.242299 -0.004453 0.552112 0.096641 0.626058 0.597019 -0.054177 -0.229424 -0.004746 0.022038 0.066280 -0.705180 0.638744 -0.028470 -0.029833 -0.927233 -0.090976 -0.418600 0.772615 -0.254153 -0.218505 -0.252912 0.426879 -0.277356 -0.294124 -0.413590 -0.412745 0.243170 0.439428 -0.395900 -0.155473 -0.100462 -0.314454 0.213568 -0.541759 -0.365084 -0.553591 -0.530952 -0.939135 0.162376 -0.229857 0.774468 -0.578760 0.480180 0.353170 -0.131363 0.229812 0.787762 -0.471295
turn</w> -0.123357 -0.189072 0.133199 0.594823 -0.079175 0.170054 0.560049 0.221986 -0.378223 0.334957 0.513075 0.123000 -0.109152 0.113082 0.236707 -0.283886 0.098217 -0.024100 -0.794469 0.151977 -0.028376 -0.503742 0.041089 0.297956 0.116382 -0.236155 -0.363945 -0.254117 -0.074906 0.435777 -0.188320 0.151127 0.112123 -0.416571 -0.200008 0.038448 -0.762300 -0.353740 -0.543446 0.257101 0.164193 0.677655 0.244545 -0.244546 -0.246305 0.332726 0.288322 0.065326 -0.101880 -0.375192
bra -0.193744 -0.559258 0.113475 0.447913 0.177726 -0.119316 0.427093 0.230089 -0.709371 -0.088857 0.314266 0.139905 -0.457083 -0.103839 -0.328556 -0.417758 0.175775 -0.148965 -0.493304 0.423633 -0.194364 0.074393 0.143604 0.128240 -0.412012 -0.516276 -0.185711 0.170452 0.145219 0.202139 -0.091893 -0.071788 0.234098 -0.400694 -0.119682 -0.150113 -0.111157 -0.233152 -0.383313 -0.200731 0.079762 -0.368590 -0.195309 -0.638117 -0.315050 0.300013 0.206627 -0.327274 0.072912 -0.400324
arti 0.299882 0.273958 0.340849 0.215842 0.691201 0.339785 -0.060359 -0.309331 -0.302981 -0.020046 -0.371632 0.243756 -0.567831 -0.436644 -0.376175 -0.093902 0.269937 0.068443 -0.995152 0.639129 -0.258253 -0.282002 -0.536232 -0.054598 -0.590106 -0.903298 0.345011 0.339121 0.180304 0.287045 -0.606886 -0.278702 0.164690 -0.852779 -0.016378 -0.167769 -0.652857 -0.401208 0.421541 -0.535960 0.302568 -0.006461 0.048532 -0.303044 0.513065 -0.351508 0.021646 -0.204943 0.587145 -0.264742
half</w> 0.281638 -0.379499 0.343892 0.257754 -0.335097 0.338834 0.140526 -0.016478 -0.771954 -0.536918 -0.233987 0.306007 -0.101312 -0.090423 -0.002253 -0.484302 -0.259851 -0.574323 -0.828486 0.276306 -0.227120 0.155249 -0.038346 0.002744 -0.256532 0.001349 -0.134747 -0.083799 -0.209097 0.280590 0.287011 0.247186 -0.244933 -0.227292 -0.451821 -0.542879 -0.350949 -0.531696 -0.403353 0.076129 -0.296163 0.539811 0.051732 -0.895140 0.288066 0.011876 0.053435 -0.315382 0.149680 -0.183385
ese</w> 0.067345 0.091029 0.155060 0.041330 0.299321 0.491678 0.483415 -0.291496 -0.143855 -0.147640 0.365524 0.427980 -0.268695 -0.402800 -0.140907 -0.125128 -0.248535 0.202243 -0.339744 0.265638 0.007702 0.037866 -0.024111 0.258492 -0.206838 -0.433264 -0.510378 0.272984 0.774521 0.408523 0.400268 -0.239445 0.543806 -0.151207 0.257283 -0.987474 -0.263115 0.123267 -0.556728 -0.044774 0.039228 0.197616 -0.265056 0.050495 -0.033581 0.518318 -0.454231 0.684874 -0.029751 0.136987
girl</w> 0.118673 0.082483 0.207564 0.005656 -0.075072 0.185865 -0.014303 -0.271115 -0.656398 -0.135354 0.318629 0.184820 -0.321625 0.007723 -0.321399 -0.091784 0.048018 -0.154814 -0.423961 0.260537 -0.006288 -0.349360 -0.340305 0.198597 0.014980 -0.190004 0.392074 -0.144693 -0.035978 0.132715 0.255322 0.050181 0.203448 -0.221829 -0.247214 -0.553589 -0.304801 -0.028391 0.015558 -0.063395 -0.205547 0.378853 0.216499 -0.507271 0.005726 0.210692 0.193027 -0.254791 0.139591 -0.487664
friends</w> 0.293244 -0.228203 0.126898 0.361893 -0.500003 0.289811 0.376670 -0.168051 -0.920799 -0.102464 0.197348 0.263899 -0.065605 0.333513 -0.018078 0.216328 0.084936 -0.340009 -0.192073 -0.029381 -0.078196 -0.091096 -0.246001 0.036570 0.063933 -0.340966 0.024170 0.059251 -0.339481 0.471242 0.177909 -0.138811 0.317078 -0.331311 -0.262443 -0.315853 -0.537133 -0.350387 -0.033651 0.156672 -0.223372 0.396384 0.172926 -0.576888 -0.190362 0.263647 0.060605 -0.479002 0.239882 -0.273484
ced</w> -0.223629 0.241215 0.477103 0.411200 0.023256 0.111025 0.927163 -0.245216 -0.419185 0.512509 -0.283077 -0.289011 -0.080414 0.040999 0.509950 0.229013 0.450890 -0.126474 -1.219166 0.109368 -0.131174 -0.460827 0.112973 0.156437 0.430965 -0.402089 -0.105673 -0.005821 0.701004 0.590680 -0.285345 0.393483 0.471751 0.160318 -0.024115 -0.244757 -0.333148 -0.260567 -0.477242 0.032180 -0.480924 0.239678 -0.498474 -0.463099 -0.027620 0.377110 0.077903 0.132409 -0.235016 0.092679
itt 0.173548 -0.423585 -0.531134 -0.020079 -0.334332 -0.026478 0.151302 -0.083209 -0.370935 -0.355993 0.643053 -0.147116 -0.243456 0.160464 -0.251300 -0.055010 0.363952 -0.237405 -0.412449 0.084469 0.196170 0.174352 -0.604889 0.556176 -0.749916 -0.968810 0.266431 -0.088821 -0.007952 0.732544 0.107196 0.432107 0.723519 -0.106549 -0.384934 -0.645563 0.122434 -0.888201 -0.322093 -0.295212 0.148682 0.098337 0.629211 -0.500877 -0.103096 0.423226 -0.329307 -0.270330 -0.525799 0.079865
recommend</w> 0.654809 0.731669 0.344042 0.442386 -0.470569 0.688596 0.172104 0.232160 -0.235456 -0.269393 0.499261 0.117964 0.007458 0.421296 0.151293 -0.138126 0.339282 -0.071860 -0.696057 0.676952 0.573476 -0.394710 0.162307 0.674912 0.165257 -0.581343 -0.061921 -0.362849 0.164583 0.235388 -0.304499 0.860921 -0.617108 0.165932 -0.163099 0.018994 -0.206955 0.349959 -0.274512 -0.163402 -0.305743 0.305436 -0.148113 0.148722 0.543667 0.245987 -0.032007 -0.601466 0.115543 -0.853699
everyone</w> 0.089835 -0.403951 0.395616 0.169532 -0.134540 0.448718 0.412369 -0.139293 -0.285655 -0.215393 0.326744 -0.070973 0.117030 0.153731 -0.162081 0.099536 0.384463 0.176959 -0.243050 0.428639 -0.003255 -0.116916 0.282389 -0.127852 -0.175443 -0.601394 0.075360 -0.280510 -0.384425 0.050759 0.005937 0.111877 0.163644 -0.500922 -0.214820 -0.304828 -0.388239 0.017332 -0.414528 0.147939 -0.138345 0.578650 0.259211 -0.028332 0.396063 0.243130 -0.212973 -0.329650 0.213443 -0.416900
rather</w> 0.029268 -0.112347 0.157008 0.019349 -0.124487 0.042780 0.160457 -0.060931 -0.457336 -0.415000 -0.220880 0.326446 -0.048699 -0.229655 -0.382362 0.262531 0.400546 0.387091 -0.426492 0.476709 0.101483 0.247229 -0.361965 0.290510 -0.055642 -0.525487 0.108295 -0.035917 -0.260883 0.592718 0.464703 0.168256 0.192649 0.122815 -0.339636 -0.317943 -0.228250 -0.032216 -0.126080 -0.115225 -0.182832 0.193606 0.174181 -0.400226 0.364342 0.159747 -0.243595 -0.150559 -0.105002 -0.300226
scre -0.008428 -0.387489 0.005529 0.611300 0.241068 0.541957 0.280521 -0.436583 -0.230411 0.199240 0.191139 -0.298999 -0.176866 0.281738 -0.153796 -0.370139 0.583074 -0.093965 -0.389344 0.503220 0.069341 0.013632 0.107025 0.396792 -0.536533 -0.474466 0.136481 -0.657711 0.033792 0.329396 -0.108085 0.287623 0.264588 0.464114 -0.089989 -0.673453 0.148326 -0.247729 -0.446186 -0.331333 0.122246 -0.194443 0.043386 -0.617873 -0.421681 0.341686 -0.051092 0.211267 0.474087 -0.293749
openai</w> -0.027840 -0.049298 0.532756 0.221070 0.238891 0.157420 0.634687 -0.737744 0.004119 0.037719 0.473578 0.074468 -0.765449 -0.137192 -0.067474 -0.058535 0.352795 0.322063 -0.206119 0.229329 0.018194 -0.767155 -0.595476 0.095691 -0.199275 -1.557833 0.551536 -0.475534 0.083400 0.543372 -0.387523 -0.318730 0.226359 -1.053227 -0.023222 -0.081053 0.139256 -0.116253 0.413688 0.267871 0.059260 0.434385 0.289735 -0.450649 0.034439 0.354535 0.570977 -0.155443 0.710411 -0.761544
sor -0.253981 -0.482523 0.312963 0.144418 -0.300107 0.560835 0.506456 -0.029389 -0.245327 0.041051 0.738840 -0.389525 -0.456294 -0.406764 -0.003192 0.030059 -0.168653 -0.050476 -0.530187 0.222039 0.216209 -0.262911 -0.223592 0.263185 -0.266872 -0.706964 0.504679 -0.519298 0.203169 0.165879 -0.040740 0.815218 0.825663 -0.200181 -0.169237 0.130531 -0.132451 -0.332471 0.003297 -0.094923 -0.260525 -0.148246 0.877026 -0.166607 0.159205 0.226824 -0.225202 0.049541 -0.482144 -0.513769
exce 0.084207 -0.246906 -0.237751 0.106230 -0.275037 0.206963 0.413323 0.626083 -0.271136 -0.102327 -0.247077 0.363751 -0.190921 -0.143263 0.431291 -0.230926 0.031734 0.064811 -0.539456 0.666479 0.038063 -0.432737 -0.401246 0.407952 -0.244983 -0.013735 -0.241775 0.221356 -0.310517 0.692006 0.232855 0.383709 0.100439 -0.579674 -0.003165 -0.727066 -0.622974 -0.443696 -0.461086 -0.158965 -0.085758 0.323405 0.355102 -0.322937 0.290005 0.150518 -0.306994 -0.577635 0.228693 0.502383
win 0.007684 0.180157 -0.309588 0.263757 -0.232006 0.304723 -0.033917 -0.127978 -0.800380 0.174517 0.424301 0.237589 -0.819771 0.124325 -0.164576 -0.585034 0.208739 0.192389 -0.269933 0.076178 -0.268398 -0.170009 -0.209214 0.157387 -0.677892 -0.492016 -0.115965 -0.004415 -0.213957 0.649030 -0.580366 -0.095659 0.145966 -0.287121 -0.132794 -0.094494 0.014635 -0.210084 -0.198930 0.214065 -0.112160 -0.377242 0.429992 -0.585798 -0.040647 0.249771 0.126096 -0.346070 -0.147296 -0.387348
sim 0.184450 0.087247 0.160053 0.280122 -0.167930 0.426621 0.250189 0.092857 -0.666505 0.487512 -0.226740 0.549742 -0.206789 -0.280637 -0.754940 0.500667 0.140500 0.315262 -0.062001 0.669273 0.151301 0.229929 -0.289844 0.122431 -0.669308 -0.571007 -0.193163 0.487151 -0.095972 0.442337 0.289067 -0.085942 0.234101 0.038309 -0.067898 -0.741044 -0.172861 -0.737893 -0.597080 -0.866728 0.284770 0.070327 -0.049014 -0.419575 0.236034 -0.007861 -0.097440 -0.004053 0.473957 -0.262947
ics</w> 0.058668 0.300023 0.304328 0.060287 0.354752 0.347666 0.102567 -0.391782 -0.513846 -0.103400 0.307011 0.645129 0.027754 0.037268 -0.753749 0.385736 0.197495 0.066505 -0.772939 0.304301 -0.159868 -0.124361 0.045238 0.553933 0.010307 -0.912320 0.207643 0.317319 0.201106 0.067841 0.040280 0.139783 0.546420 -0.147276 -0.608544 -0.459141 -0.076742 0.043789 -0.113431 -0.119770 0.066761 0.465421 -0.338951 -0.039274 0.062621 0.049463 -0.289543 -0.231643 -0.572109 0.436102
sig 0.119094 0.235478 0.445748 0.397209 -0.243826 0.024818 0.002521 -0.451722 0.287146 0.140530 -0.006131 0.559282 -0.548420 -0.159883 0.374857 0.048131 0.062249 0.429441 -0.778441 0.676289 -0.176592 -1.224602 -0.846687 0.389000 -0.712562 -0.677676 0.158256 0.032911 0.263932 0.452934 0.269439 0.030756 0.489491 -0.821935 -0.480254 0.132185 -0.640662 -0.059741 -0.083552 -0.105605 0.031362 0.059534 0.202588 -0.142279 0.219245 -0.164754 0.577391 -0.130945 0.106456 -0.692712
version</w> 0.364859 -0.064151 0.239436 0.104776 -0.392613 0.256475 0.040182 -0.367902 -0.377303 -0.271165 0.485566 0.490213 -0.228789 0.256545 -0.104199 -0.541948 0.063153 -0.478497 -0.302887 0.558861 -0.117614 -0.235406 -0.226501 0.019247 -0.411868 -0.448812 -0.004057 -0.144576 0.085492 0.207014 -0.215873 0.023960 -0.251804 -0.317186 -0.210040 -0.208090 -0.047398 0.012540 -0.134756 -0.132474 -0.278398 0.219933 -0.065855 -0.433507 -0.109234 0.300663 -0.152107 -0.014366 0.447927 -0.141932
men 0.405096 -0.277584 0.493824 -0.085181 -0.177032 0.099153 0.675856 0.135701 -0.224121 0.128062 -0.079737 0.001404 -0.370119 0.288590 1.031656 0.056820 -0.058271 0.162516 -0.879489 0.553141 0.504558 0.036945 -0.328203 0.246787 -0.444325 -0.384382 0.064645 0.035348 -0.261207 0.598203 -0.407316 0.707588 -0.536950 -0.272864 0.236950 -0.210552 -0.618936 0.218294 -0.528861 -0.091459 0.225413 0.189134 -0.476520 0.433504 0.326049 0.029059 -0.254902 0.081263 0.385226 -0.240898
actor</w> 0.261499 -0.243412 0.190677 0.062100 -0.058238 0.265337 0.185538 0.072879 -0.539796 -0.121993 0.099947 0.298211 0.139414 -0.052992 -0.388843 -0.155536 0.045258 0.032044 -0.668886 0.412798 -0.139179 0.175292 -0.107541 0.392582 -0.152114 -0.192191 0.051663 -0.207295 -0.001422 -0.005320 0.057777 0.373090 0.235353 -0.187999 -0.111815 -0.341836 -0.107639 -0.215392 -0.372018 -0.213176 0.457911 0.435812 0.167830 -0.550215 -0.016229 0.023684 -0.200178 -0.349555 0.022578 -0.648365
full</w> -0.017064 -0.001035 0.245806 0.049445 -0.192588 0.072054 -0.220794 -0.138682 -0.514377 -0.520437 -0.128325 0.612022 -0.232700 -0.267812 -0.027788 -0.347988 0.109778 -0.149908 -0.750406 0.389745 -0.265924 0.048959 0.112291 0.144592 -0.304539 -0.355712 -0.048842 -0.063335 -0.040545 0.318276 0.274243 0.153996 -0.174527 -0.230165 -0.408271 -0.669252 0.201013 -0.245407 -0.195930 0.271362 -0.269011 0.441283 -0.077723 -0.618864 0.060253 0.068845 0.085524 0.094966 -0.135200 0.074614
father</w> 0.056788 -0.161495 0.010706 -0.255709 -0.436059 0.040877 0.456455 -0.171694 -1.135569 0.014907 0.104549 0.171928 0.194175 0.433131 -0.322428 -0.008528 0.325400 -0.167597 -0.557551 0.068597 -0.206342 0.215783 -0.100998 0.133161 -0.128995 -0.377127 -0.011789 -0.670672 -0.021188 0.282151 -0.130713 0.172835 -0.060392 -0.376967 -0.389563 -0.503418 -0.185872 0.059264 -0.012507 0.006495 0.079041 -0.118165 -0.101564 -0.769196 -0.487369 0.496018 -0.079354 -0.262081 -0.034962 -0.044794
write</w> 0.152639 0.339863 0.529678 0.438096 0.331033 0.128642 0.185392 -0.128193 -0.160589 0.423245 0.139584 0.096070 -0.721916 -0.027034 0.402445 -0.137937 0.198928 0.015763 -0.644033 0.081017 0.606188 -0.424997 -0.170345 0.146838 0.140753 -0.486216 -0.053948 -0.242175 0.077462 0.442578 -0.004917 0.245246 0.088647 -0.237608 -0.025760 -0.165972 -0.151499 -0.396169 -0.065980 0.385054 0.157828 0.697670 0.318192 -0.275781 0.467431 0.072373 0.685163 -0.513111 0.127167 -0.720363
instead</w> 0.359627 -0.030771 0.499749 0.002931 -0.193119 0.272732 0.166810 -0.260635 -0.335642 -0.456012 0.469599 0.526502 -0.103136 0.117741 0.011825 -0.166183 0.219803 -0.519542 -0.446313 0.564026 -0.203346 -0.154898 0.344016 -0.204269 -0.478518 -0.556104 0.027882 0.124919 -0.193007 0.123661 -0.094336 0.076457 -0.082241 -0.319309 -0.375712 -0.033156 -0.358662 0.084612 -0.278606 0.027352 -0.204927 0.100226 0.460092 -0.327823 0.027016 0.129911 -0.246115 -0.088722 0.282532 -0.072184
exc 0.102004 -0.240596 0.483779 0.169761 -0.243477 0.144778 0.433133 0.221810 -0.281922 -0.269140 -0.319288 0.405468 -0.171007 -0.174559 0.218482 -0.066187 0.179684 -0.107363 -0.566549 0.823809 0.032320 -0.009581 0.170584 0.148751 -0.268336 -0.692975 0.519723 0.169332 -0.458131 0.228130 -0.066709 0.639521 -0.095980 0.247271 -0.535026 -0.274716 -0.325968 -0.438277 -0.012801 -0.283706 -0.037377 0.179906 0.230134 -0.028175 -0.356509 -0.419807 0.282115 0.266574 0.287953 -0.522197
fan 0.012874 0.472347 0.270010 -0.162663 0.066122 -0.085725 -0.378011 -0.766700 -0.814084 -0.106458 -0.249084 0.715734 -0.067260 -0.385423 0.262047 0.298219 0.044579 0.280484 -0.496987 0.697985 0.126088 -0.140415 -0.013301 0.939754 -0.456193 -0.175678 0.020508 -0.189206 0.418158 0.179139 -0.142348 0.844466 0.215595 0.222434 -0.337311 -0.841903 0.160946 -0.189301 0.063712 -0.544868 0.456711 -0.002006 0.003970 -0.406142 0.273785 -0.131267 -0.217193 -0.148037 0.046040 -0.337202
hon 0.330915 0.158253 0.265888 0.289223 -0.341121 0.343136 0.677105 -0.367372 -0.604839 -0.103438 -0.107581 -0.076871 -0.024236 0.094795 -0.603629 -0.169670 0.152747 0.153291 -0.720561 0.629213 0.180678 0.300190 0.289837 0.179316 -0.449496 -0.317436 -0.229370 -0.052423 0.120474 0.285751 -0.465285 0.942660 -0.073908 -0.253929 -0.376722 0.234734 -0.423921 -0.002542 -0.432650 -0.259727 0.029070 -0.421726 -0.537608 0.028939 -0.105017 0.095619 -0.284857 -0.142918 0.217465 -0.370338
won</w> 0.417036 0.191824 0.569098 0.184352 -0.587106 0.664068 0.776496 0.076274 -0.918084 0.145876 0.730506 -0.105570 -0.048559 0.343394 -0.272622 -0.148187 0.573867 -0.127575 -0.488297 -0.007049 0.760963 -0.235437 0.285467 0.080350 -0.187916 -0.794360 0.119760 -0.650820 -0.171882 0.370676 0.022123 1.305098 -0.137736 -0.267646 -0.248880 -0.054669 0.160457 0.811811 0.036954 0.114824 -0.526825 -0.033572 0.279787 -0.333923 -0.170914 0.459181 -0.046978 -0.465548 0.244169 -0.596982
obvi 0.656304 -0.051410 0.120170 -0.137022 -0.348372 0.418673 0.295956 -0.283245 -1.057832 0.423640 -0.099567 0.478312 -0.279702 -0.062042 -0.502722 0.039094 0.780910 0.192517 -0.360170 0.874751 0.150857 0.244074 -0.256644 0.172306 -0.663156 -0.698841 0.216083 -0.346569 -0.079328 -0.375022 -0.291228 0.556024 0.003823 -0.164831 -0.162835 -0.076159 -0.694301 0.188374 -0.197037 -0.585289 0.162723 0.227061 0.232700 0.177463 0.138533 -0.164273 -0.341000 0.036271 0.444678 -0.558090
pol 0.064220 -0.105661 0.275322 0.280704 -0.029250 0.298859 0.383243 -0.372039 -0.369864 0.008116 -0.083462 0.576722 -0.315863 0.066336 -0.548392 -0.198951 -0.424819 -0.154489 -0.957996 0.706412 -0.148436 -0.397753 0.101520 0.164503 -0.308087 -0.708218 0.054976 0.465312 -0.001907 0.026128 -0.624674 0.265599 0.238972 0.068865 0.037019 -0.270742 -0.133920 -0.637286 -0.101960 -0.828562 0.375167 0.401002 0.243793 -0.312089 -0.383310 -0.478312 0.008862 0.469938 -0.160009 -0.197478
gue</w> -0.063752 0.666930 0.576449 0.124276 0.236842 0.496711 0.366503 -0.561408 -0.745389 -0.187065 -0.054527 0.074212 -0.226073 0.205813 -0.346670 0.090140 -0.054681 -0.229099 -0.705009 0.141671 -0.264498 -0.158643 0.221271 0.216597 -0.235403 -0.085868 -0.501420 0.343703 0.446442 -0.192157 -0.277906 -0.190370 -0.214904 -0.451687 -0.601277 -0.613615 -0.394058 0.351554 -0.176481 -0.269349 -0.359295 0.518569 0.272084 0.108718 -0.270391 0.299326 -0.214360 -0.239604 -0.051327 -0.289738
9 -0.271027 -0.544838 0.730092 0.312352 0.116864 0.705449 0.343520 -0.349041 -0.694070 -0.849215 0.264998 0.652578 -0.400953 0.213030 -0.185485 -0.898831 -0.640539 -0.369827 -0.218470 0.205930 0.014499 -0.154862 0.433604 0.120723 -0.205628 -1.041036 0.333703 -0.098609 -0.376431 0.460025 0.410901 0.057162 0.024893 -0.177085 0.227259 -0.538311 0.064166 -0.224151 0.491461 0.327805 -0.413797 0.066105 0.240929 -1.017998 0.077882 0.600380 -0.331912 -0.665030 0.641252 -0.098528
enjo 0.319525 0.082010 0.354382 0.490128 -0.377110 0.518565 0.947200 0.045969 -0.468779 -0.181940 0.729241 0.446845 -0.919351 -0.269189 -0.104495 -0.247344 0.187179 -0.020049 -0.197088 0.796493 0.315164 0.116486 -0.253027 0.166250 0.497954 -0.886120 0.052652 0.244130 -0.220668 0.050384 -0.221902 0.915283 0.115148 0.284281 -0.205918 -0.184053 0.049235 0.353591 -0.284731 -0.435402 -0.199600 -0.475304 -0.246336 -0.513811 0.290826 -0.378583 0.060651 -0.214271 0.352478 -1.158439
dram 0.026654 0.191127 0.372484 -0.508066 0.133191 -0.094982 0.147834 -0.541643 -0.719375 -0.055645 -0.120376 0.420870 0.408073 -0.314329 -0.046317 -0.123203 0.095795 -0.115541 -0.893182 0.855698 -0.037262 -0.277636 0.053194 0.433328 -0.453218 -0.393925 -0.068951 0.055518 -0.195461 0.197747 0.023238 0.811639 0.700627 0.205443 -0.127821 -0.388559 -0.305886 -0.301511 -0.168949 -0.256685 0.337263 -0.298887 -0.509229 -0.751066 0.174000 -0.082085 0.303983 0.040369 -0.019673 -0.377428
cinem 0.051301 -0.137690 0.340610 -0.565678 0.084577 -0.162485 -0.053504 -0.358015 -0.947173 -0.417634 0.242028 0.565156 0.277154 -0.004907 -0.122231 -0.325055 -0.127182 -0.260822 -1.014075 0.650969 0.053773 -0.511757 0.448296 0.324406 -0.455992 -0.481871 -0.054180 -0.107709 -0.322836 0.132258 -0.088239 0.600934 0.456277 0.242781 0.011585 -0.445005 -0.153069 -0.097908 -0.429541 -0.156008 0.195503 -0.168158 -0.582442 -1.108568 -0.083409 0.190460 0.232130 -0.218853 -0.067267 -0.143649
zed</w> -0.036426 0.857849 0.216521 -0.295717 -0.201166 0.274787 0.676904 -0.442929 -0.427324 0.142729 0.074349 0.276903 0.146203 0.352451 -0.277778 0.474985 -0.059763 0.181404 -0.908707 0.457444 0.140497 -0.204797 -0.214112 0.220134 -0.217097 -0.796637 0.091144 0.076210 0.435993 -0.085592 0.126633 0.087371 -0.528013 -0.006257 -0.263955 -0.130889 -0.199941 0.336029 -0.257620 0.210082 -0.158537 -0.024300 -0.300074 0.336297 -0.104722 0.473350 -0.099214 0.242943 -0.023633 -0.618358
sting</w> 0.266755 0.331598 0.497435 0.133604 -0.173230 0.163333 0.270565 -0.086352 -0.139692 -0.149220 -0.123233 0.206945 0.385573 0.001642 0.492169 0.078491 -0.197069 -0.114525 -0.633706 -0.172820 0.159225 -0.444196 -0.186654 -0.126636 -0.150906 -0.866976 -0.174114 0.120291 0.285342 -0.006374 0.115175 -0.089331 -0.409143 -0.505495 -0.090792 -0.376061 -0.442694 0.069542 0.075441 -0.022256 -0.153876 0.472750 -0.204983 -0.292464 -0.218844 0.794117 0.003803 0.309052 0.441340 -0.220097
ended</w> -0.175996 0.098813 0.036252 0.574821 -0.366546 0.421125 -0.051808 -0.146981 -0.233114 -0.175607 0.017383 0.255799 -0.108826 0.609590 0.069742 0.233674 0.100346 -0.184147 -0.675931 0.438852 0.629535 0.269064 0.480131 0.411741 -0.255894 -0.610255 -0.264556 -0.224493 0.029108 0.156846 0.206965 -0.026188 -0.107157 0.311542 0.098660 0.080762 -0.385494 -0.105768 -0.652890 0.077133 0.041618 0.855820 0.007140 0.132311 0.318692 0.255897 -0.315629 -0.486392 0.134787 -0.552917
job</w> 0.354795 -0.174163 0.303202 0.211700 -0.476472 0.207776 0.043549 -0.542470 -0.368808 -0.178244 -0.336461 0.500407 0.163259 -0.216241 -0.173557 -0.461748 0.305628 -0.436938 -0.588462 0.465375 -0.038368 0.116841 0.105214 0.493278 0.007043 -0.429592 0.250752 0.130918 -0.299281 0.337544 0.584359 0.326555 -0.008781 -0.166724 -0.162813 -0.358050 -0.502758 -0.400853 -0.411801 0.022364 0.230946 0.614762 -0.224362 -0.341966 0.048657 -0.192601 -0.226420 -0.390620 0.256208 -0.416032
nam -0.178367 0.063145 0.297524 0.064586 -0.009913 0.197177 0.528373 -0.040499 -0.553274 -0.160657 0.519367 0.553244 -0.337497 -0.203248 -0.093740 -0.139251 0.046342 -0.062199 -0.354719 0.190869 -0.149271 0.229877 0.100265 0.356529 -0.559967 -0.528174 -0.492387 0.076733 0.012063 0.553552 -0.497425 -0.134932 0.228041 -0.719039 0.174355 -0.330129 0.152253 -0.524381 -0.246976 -0.627930 0.025308 -0.335290 0.168544 -0.033930 -0.095908 0.028361 -0.283794 0.047322 -0.135784 -0.169055
simply</w> 0.141090 0.023251 0.076706 -0.022709 -0.412585 0.285014 0.487856 0.031996 -0.679902 0.073872 -0.126926 0.154187 -0.067843 0.076313 -0.453930 0.329767 0.617025 0.199838 -0.235126 0.474991 0.319595 -0.088459 0.000752 0.243098 -0.091903 -0.595133 0.119071 -0.379264 -0.048835 0.241865 0.267116 0.405314 -0.076027 -0.219006 -0.351575 -0.279376 -0.219812 0.333416 -0.436132 0.207955 0.025577 0.544398 0.123718 0.141461 0.078148 0.057123 -0.094996 -0.078708 0.131929 -0.422083
you 0.332832 -0.138280 -0.064093 0.467281 -0.532902 0.383616 -0.250612 -0.420598 -0.119999 -0.150701 -0.258494 -0.016204 -0.639214 -0.527203 0.402616 -0.570568 -0.108456 -0.113564 -0.510946 0.879164 -0.354345 -0.247853 -0.312629 0.774261 -0.366491 -0.932403 -0.402456 -0.695791 -0.278578 0.484143 -0.211516 0.245684 0.219544 -0.154445 0.076545 0.085550 -0.298581 -0.472760 -0.087208 0.727563 -0.208848 0.563187 -0.001677 0.009137 0.650549 0.221730 0.101822 -0.109369 0.130902 0.413411
pas 0.102551 -0.249342 0.229122 0.206671 -0.163228 -0.079901 0.428282 0.131664 -0.273177 -0.055731 0.097418 0.064163 -0.546566 0.199516 0.499255 -0.157221 0.563613 -0.095373 -0.619277 0.919626 -0.101624 0.282544 -0.422888 0.224418 -0.103158 -0.440196 0.317164 0.068014 -0.152884 1.046674 -0.355684 0.115794 -0.189428 0.017399 -0.242440 -0.188216 -0.432757 -0.175493 0.080383 -0.337471 0.015634 -0.058269 0.109226 -0.107703 -0.222770 0.326018 0.242089 -0.154899 0.123994 -0.488361
sci 0.299943 -0.015007 0.762415 0.152623 0.592936 -0.055665 -0.092321 -0.211527 -0.983024 -0.291581 -0.465782 0.068513 -0.362079 -0.188192 0.719653 -0.385688 0.100437 -0.500275 -0.806570 0.206960 -0.366673 -0.357273 -0.292392 -0.036434 -0.781584 -0.880515 -0.734202 0.489563 -0.096454 0.319222 -0.553723 0.148544 -0.021759 -0.370073 0.221840 -0.252264 -0.219062 0.088134 0.353922 -0.313840 0.198619 -0.228654 -0.276169 -0.148610 0.276499 0.232163 0.136329 0.385786 0.043856 -0.435856
na</w> -0.016728 0.196184 0.063861 0.100319 -0.012351 0.897194 1.082337 -0.767840 -0.050765 0.037144 -0.138432 0.082218 -0.017010 -0.592555 -0.264139 0.136144 0.451542 0.182694 -0.221755 0.005382 -0.373554 -0.200585 0.020732 0.200922 0.067850 -1.019981 -0.208308 0.012201 0.700806 0.543187 -0.126905 0.020405 0.412937 0.044580 0.090273 0.101116 0.052542 0.208048 0.144571 0.402007 -0.214025 -0.067698 0.010229 -0.259291 0.385482 0.467828 -0.006441 0.201059 0.211155 -0.057570
boo 0.149539 -0.268222 0.280895 0.295404 -0.581139 0.394600 0.108061 -0.295837 -0.378462 0.266240 0.674374 -0.017387 -0.431111 -0.258320 -0.049875 -0.375203 0.081430 0.113322 -0.457516 0.384256 -0.346612 -0.364600 -0.473257 0.061054 -0.078004 -0.875367 -0.195467 -0.023447 -0.287838 0.151273 0.009972 0.331070 0.502528 -0.655324 0.345900 -0.568037 -0.556797 -0.097499 0.206971 -0.506933 -0.534499 -0.228606 0.342042 -0.523685 0.053927 0.149408 0.128601 -0.363973 0.089489 -0.315939
getting</w> 0.060584 -0.149827 0.245086 0.232878 -0.204347 0.027258 0.049648 0.131791 -0.343197 0.145509 -0.209920 0.106693 0.047596 -0.099496 0.174740 0.246790 0.291091 0.043777 -0.484869 0.156768 -0.016719 -0.288681 -0.279804 0.311270 -0.048046 -0.525206 -0.201467 -0.073080 -0.069599 0.380594 0.107632 0.257010 0.096631 -0.300654 0.029586 -0.373082 -0.145159 -0.367847 0.102666 0.036999 -0.378586 0.545663 0.105629 -0.187432 0.219642 -0.022396 0.132180 -0.159016 0.103711 -0.622720
quest 0.310113 -0.053693 0.345837 -0.013419 0.115515 0.263088 0.640213 0.164436 -0.137967 0.450873 -0.390932 0.233843 -0.268999 0.188465 0.179044 -0.359316 0.097318 0.306389 -0.816686 0.688085 0.084773 -0.521142 -1.018852 0.490720 -0.495536 -0.614231 -0.274502 -0.016521 -0.476429 0.297522 -0.559296 0.011728 -0.254940 -0.793962 -0.112435 0.031040 -0.812390 -0.313071 0.009153 0.066130 0.222605 -0.079278 0.204314 -0.103569 0.148848 0.058719 -0.062361 0.187150 0.621787 -0.694335
sen 0.122072 0.618876 0.044209 -0.179522 -0.434269 0.191006 0.778509 -0.174476 -0.381948 0.191221 -0.079264 0.537408 -0.425359 -0.030979 0.396962 0.161050 0.218178 0.213232 -0.422517 0.616290 -0.428000 -0.037624 -0.431694 0.305548 -0.339770 -0.341075 0.119183 0.285067 0.036433 0.869066 -0.370115 0.353520 0.066875 -0.387663 -0.312649 0.159136 -0.320290 0.023754 0.052715 -0.389739 0.144110 -0.257063 0.271463 -0.136139 0.110852 0.128123 -0.351582 0.018153 -0.090231 -0.192424
under 0.536619 0.208541 -0.151119 0.116362 -0.126665 0.191926 -0.091876 -0.137913 -0.548582 -0.018082 -0.221863 0.208117 -0.217840 -0.047558 0.071743 0.058752 0.420149 0.245039 -0.765676 -0.069924 -0.393044 0.091866 -0.336437 0.418174 -0.185618 -0.510588 -0.180880 -0.092649 0.017540 0.328097 -0.417878 0.344901 0.079163 -0.339235 -0.201483 -0.465120 -0.290402 -0.245765 0.071294 -0.022297 0.025378 0.342367 0.185341 -0.091192 0.077030 -0.195241 -0.051464 -0.454040 -0.406063 0.263340
den -0.178267 0.134163 0.039102 -0.060977 -0.188330 0.332011 0.538302 -0.112399 -0.254023 0.205359 -0.121765 0.145193 -0.112432 -0.199059 0.201214 -0.099665 0.030239 0.513451 -0.648023 0.530383 -0.237632 -0.071821 -0.536849 0.210887 -0.484846 -0.713172 0.166404 -0.072842 -0.068379 0.245007 -0.278179 0.284477 -0.139414 -0.407382 -0.072990 -0.015703 -0.337053 -0.206003 0.001494 -0.599497 -0.217539 -0.070810 -0.036124 -0.199336 0.211224 -0.019908 -0.349986 0.208705 -0.010713 -0.458527
ber</w> -0.458379 0.143141 0.403973 0.377510 0.332764 0.120173 0.180300 -0.369918 -0.047028 -0.332571 0.304425 0.362321 0.336225 0.394500 -0.071928 -0.314925 -0.268198 -0.500979 -1.017436 -0.027130 -0.295041 -0.257500 0.123348 0.255717 -0.262545 -0.496702 0.070615 0.421980 0.505037 0.314331 0.647425 0.191798 -0.011726 -0.527667 -0.344474 -0.649674 0.350040 -0.146219 0.492664 0.041153 -0.187159 -0.037814 0.393024 -0.912250 0.231815 0.415236 -0.556045 -0.207189 -0.153516 0.003420
ken</w> -0.102540 0.560071 0.043172 0.129938 -0.149311 0.024084 0.254064 0.025544 -0.322577 -0.617460 -0.014489 0.069109 0.469824 -0.270729 0.241655 0.491729 0.280941 0.243235 -0.852294 0.139864 0.081334 -0.086231 0.034662 0.532557 0.033750 -0.420876 -0.311788 0.154794 0.329499 0.881594 -0.013316 0.079013 0.091706 -0.405841 -0.321861 -0.661070 -0.200885 -0.380206 -0.002561 -0.246903 -0.046107 0.211474 -0.501624 -0.394202 0.116960 0.512703 0.006824 0.031471 0.473110 -0.499626
second</w> -0.038463 -0.316270 0.307157 0.276359 -0.117793 0.528155 0.052339 0.102119 -0.593221 -0.474827 -0.468672 0.536791 -0.117295 0.108858 0.163392 -0.414077 -0.088824 -0.051500 -0.694755 0.115081 -0.307447 0.025285 0.347868 0.269338 -0.147863 -0.234100 -0.070117 -0.159459 -0.320999 0.289963 0.257618 -0.100372 -0.339462 0.048527 -0.266212 -0.886548 -0.275496 -0.387109 -0.293469 -0.135913 -0.123064 0.494893 0.243115 -0.625769 -0.239414 0.358906 0.133590 -0.222555 0.011962 0.084039
ming</w> -0.032900 0.558908 0.364225 0.202194 0.117659 0.324302 0.286664 -0.448508 -0.425757 -0.142403 -0.103197 0.211062 0.322997 -0.000537 0.001211 -0.149965 0.121677 -0.243520 -0.604082 0.328125 -0.032168 -0.589783 0.030996 -0.100692 -0.313281 -0.500144 -0.213507 -0.238203 0.638944 0.256213 0.290199 0.027140 0.145374 -0.034597 -0.313796 -0.232000 0.373354 -0.323761 -0.085775 -0.239460 0.200742 0.358528 -0.092646 -0.442808 -0.334843 0.510448 -0.419542 0.075396 -0.137808 0.191531
performance</w> -0.013949 -0.457465 0.165824 0.192779 -0.422190 0.231509 0.176751 -0.194323 -0.510679 -0.139049 -0.279482 0.419187 0.207804 0.113704 -0.235194 -0.255999 0.184787 0.114754 -0.481018 0.552878 -0.121598 0.157061 -0.267602 0.100019 -0.298074 -0.392718 0.026625 -0.417612 -0.116400 0.180646 0.014675 0.143727 0.021466 -0.186494 -0.647573 -0.408317 -0.198636 -0.529245 -0.223371 -0.465801 0.296624 0.291422 -0.150155 -0.549261 -0.405089 -0.119702 -0.364664 -0.239415 0.240015 -0.309959
lear 0.255043 0.038763 0.151842 0.892569 -0.093883 0.120823 -0.168782 -0.181951 -0.191639 0.155373 0.346777 0.355883 -0.610417 0.302043 0.351925 -0.132188 0.234217 0.296148 -0.607609 0.177866 -0.055381 -0.713981 -0.343712 0.125886 -0.461674 -0.698896 -0.153621 -0.458536 -0.158343 0.655490 -0.423014 0.124054 0.314797 -0.736952 -0.347223 0.372290 -0.453055 0.167245 -0.177065 0.355561 -0.250335 0.287180 0.318812 0.030531 0.575832 -0.127287 0.361263 -0.574212 0.452358 -1.025380
ses</w> 0.254150 0.505751 0.468577 0.163335 0.098778 0.210734 0.471829 -0.210946 -0.000162 0.221725 -0.117785 0.154743 -0.050650 0.428153 0.399124 0.406640 0.284033 0.112048 -1.008154 0.137832 -0.137553 -0.074731 0.259196 0.387593 -0.009434 -0.329608 -0.152204 0.173456 0.481908 0.169404 -0.151626 -0.087732 -0.038548 -0.080084 -0.404168 -0.380304 -0.343433 0.005104 -0.098667 0.139115 0.051152 0.770387 0.072097 -0.026811 -0.134577 0.575926 0.339378 -0.140928 -0.035941 -0.416354
chocolate</w> 0.021895 0.125171 0.134796 -0.008448 -0.249856 0.362841 -0.104888 -0.225180 -0.461084 -0.173060 0.243576 0.354463 -0.140482 -0.194080 -0.219638 -0.172477 -0.200141 -0.247934 -0.269017 0.581822 -0.037980 -0.112897 0.013170 0.426339 -0.273624 -0.264455 -0.006129 0.096919 0.076844 -0.030232 0.151505 0.246032 0.384366 -0.087315 -0.064559 -0.482174 -0.029772 -0.106702 -0.327614 -0.339963 -0.210576 0.340075 0.091124 -0.354729 -0.119121 0.038685 -0.169086 -0.219440 -0.084518 -0.077071
ven</w> -0.109195 0.771022 0.461147 0.014372 -0.395420 0.737423 0.763399 0.075959 -0.817698 0.246796 0.534237 -0.621965 0.136012 -0.347838 -0.183024 0.289943 0.399959 -0.091868 -0.555306 -0.037236 0.826928 -0.337093 -0.047190 -0.168896 -0.449229 -1.220924 0.178324 -0.431996 0.028600 0.548842 0.181982 0.538642 -0.324551 -0.107513 -0.204589 -0.203383 0.362594 0.681034 0.230910 0.095152 -0.662035 0.361208 -0.163462 -0.312936 -0.537461 0.915334 -0.072468 0.200790 -0.021714 -0.992652
ey</w> 0.044316 0.119558 0.407309 -0.309809 0.025040 0.524763 0.404548 -0.364977 -0.656131 0.202158 0.061833 0.246272 0.089322 -0.150497 -0.235927 0.479052 0.128880 0.194133 -0.566320 0.259204 -0.071724 0.401732 0.029732 0.347731 0.050659 -1.008195 -0.187085 0.063032 0.465895 -0.200421 0.057910 -0.167478 -0.129179 0.057360 -0.106001 -0.258328 -0.064793 0.122120 -0.167308 -0.000634 0.321620 0.328504 -0.394089 -0.007898 -0.441108 0.627330 -0.519721 0.263762 0.196567 -0.191485
sweet</w> 0.337751 0.165747 0.127218 -0.147278 -0.473958 0.231901 0.089588 -0.465908 -0.360168 -0.239137 -0.042622 0.143509 0.167242 -0.245060 -0.407813 0.156685 0.233831 -0.297636 -0.581203 0.396253 -0.125472 0.189714 -0.217422 0.566928 -0.406220 -0.247604 0.319054 0.215420 -0.086445 0.094790 0.378319 0.421883 0.411481 -0.085191 -0.283070 -0.578690 -0.175415 -0.039791 -0.175707 -0.152214 -0.127896 0.482617 0.091414 -0.221009 0.178686 -0.000325 -0.416527 -0.352640 -0.069252 -0.552624
doc -0.043503 0.082132 0.732331 0.195911 0.139173 -0.024679 0.119101 -0.313173 -0.247375 -0.194555 0.010618 0.755092 -0.058245 -0.161613 -0.046925 -0.610938 -0.380489 -0.156276 -0.965912 0.391322 -0.440159 -0.700652 -0.191510 0.371936 0.230969 -0.747118 -0.007273 0.379002 -0.136330 0.138997 -0.056815 0.431274 0.158650 0.031437 -0.257227 -0.944632 -0.340405 -0.557821 0.191249 -0.670895 0.146782 -0.099322 0.093639 -0.570139 -0.079761 -0.485269 -0.145300 -0.197344 -0.185414 -0.239781
dan -0.222802 -0.183049 -0.227730 -0.024071 0.078444 0.711488 0.310218 -0.368872 -0.487884 -0.217007 0.420858 0.243252 -0.397711 0.116523 0.143724 -0.221198 -0.574283 -0.282683 -0.411187 0.412864 -0.156744 -0.092116 -0.235178 0.353756 -0.581861 -0.434833 0.180921 -0.347456 0.191248 0.057413 -0.321834 0.412199 0.372352 -0.427835 0.101891 0.073736 -0.183230 -0.319872 -0.297393 -0.116341 -0.324297 -0.642159 0.280519 -0.461721 -0.107377 0.141730 -0.304799 -0.475931 0.005173 -0.617458
iting</w> -0.134604 0.105566 0.467005 -0.218898 -0.341048 0.187446 0.439651 0.140714 -0.146888 -0.492696 -0.431977 0.186561 0.403119 0.082608 0.155409 -0.058815 0.454123 0.013538 -0.696015 0.070438 0.133533 0.058729 0.203622 0.235852 0.066945 -0.727308 0.379864 0.382409 0.023008 0.246478 0.314989 0.256044 -0.335625 -0.233997 0.130384 -0.591549 -0.297437 -0.022262 -0.186474 0.279608 -0.070329 0.531362 -0.253902 -0.357558 -0.015977 0.800678 -0.134089 -0.344504 -0.368572 0.068976
tain 0.382691 0.026217 -0.019589 0.101056 -0.710847 -0.237811 0.233994 0.042665 -0.639786 -0.096403 -0.127184 -0.009903 0.295456 0.000828 -0.194625 0.239758 0.912057 0.534771 -1.071403 1.084670 -0.311462 -0.205801 -0.007011 0.820049 -0.533267 -0.712335 0.112510 -0.870886 0.471539 0.358645 -0.976152 1.003672 0.185554 0.170975 -0.237703 -0.463317 -0.109374 0.468420 -0.731895 -0.242703 0.216909 0.002481 0.206853 0.117396 0.019751 0.022436 -0.276374 -0.058150 0.096232 -0.665466
ye 0.451879 0.358395 -0.079071 -0.114812 0.030349 0.494195 0.194168 -0.501345 -0.820469 -0.270751 0.620020 0.042139 -0.449685 -0.004366 -0.453688 -0.147931 -0.048871 -0.321350 0.186179 0.130426 0.361702 -0.040347 -0.309269 -0.072891 -1.019289 -0.897326 -0.047145 0.178984 -0.254984 0.010598 0.040433 0.024003 0.519250 -0.174679 0.299765 -0.433553 -0.223107 0.231170 0.059953 -0.322151 -0.272795 0.109451 0.102179 -0.053328 0.084505 0.546049 -0.165548 -0.310843 0.367706 -0.572958
sin 0.077892 0.035497 0.573295 -0.384760 0.300629 0.171086 0.495220 -0.447866 -0.061229 -0.460656 0.667888 0.079294 -0.631563 -0.173596 0.376273 -0.050120 -0.066453 0.018616 -0.620708 0.404505 -0.304036 -0.279048 -0.177696 0.179297 -0.213123 -0.835529 -0.066998 -0.559946 0.548337 -0.073396 -0.058032 0.749180 0.083239 -0.418883 -0.090347 -0.799441 -0.460426 -0.164979 0.429621 0.131790 0.001779 -0.410230 0.319371 -0.151820 -0.418141 -0.062481 0.232688 -0.274795 0.195016 0.020026
woman</w> 0.135810 -0.102489 0.108646 -0.157901 0.035305 -0.149288 0.104597 -0.119404 -0.783582 -0.092139 0.123811 0.346522 -0.212217 -0.078181 -0.432632 -0.037982 0.194557 -0.102027 -0.793797 0.373164 -0.026966 -0.201833 -0.129152 0.089569 -0.309424 -0.079586 0.307010 -0.182028 -0.223561 0.265993 -0.012983 0.492139 0.162350 -0.391360 -0.265183 -0.378711 -0.197396 -0.099145 -0.284324 -0.218619 0.171282 0.268571 0.009932 -0.612889 -0.091393 0.024707 0.200373 -0.133613 0.253127 -0.279593
gan 0.114847 0.665182 0.357102 0.084160 -0.144214 0.105098 0.323970 -0.668455 -1.015739 0.238153 0.013931 0.228860 -0.432268 0.015918 -0.265661 -0.522174 -0.224701 -0.017344 -0.570098 0.385782 0.027269 0.112443 -0.236723 0.343335 -0.699418 -0.325356 -0.456338 0.400184 0.143342 -0.304383 -0.772250 0.161629 0.560809 -0.323682 0.033337 -0.225459 0.081130 -0.233913 -0.190428 -0.036819 0.053030 -0.819565 -0.012644 -0.616232 -0.133785 0.124785 -0.227443 -0.299100 -0.084457 -0.299144
mov 0.023933 -0.163553 -0.226422 0.219479 0.110867 0.302062 0.777132 0.415456 -0.604274 0.119036 0.208660 0.248074 0.028934 -0.100147 0.210849 -0.245927 0.306738 -0.066472 -0.448361 0.218280 0.013970 -0.012469 0.290505 0.524896 -0.866295 -0.129388 -0.275620 -0.188227 -0.010929 0.687151 -0.100959 0.575844 0.081587 -0.422890 0.046688 -0.188394 -0.461683 -0.545834 -0.851665 -0.243423 0.292448 0.327696 0.587135 -0.215501 0.303726 -0.125602 -0.378659 0.253979 0.248015 -0.553438
together</w> 0.200816 -0.076421 -0.037976 0.438873 -0.436401 0.622403 0.306777 0.161326 -0.262317 -0.178292 0.071969 0.084216 -0.077204 0.037140 0.218729 0.104963 -0.059811 -0.329789 -0.122212 0.283381 -0.024100 0.058620 0.089855 0.170798 0.032611 -0.401686 -0.315422 -0.077630 0.000909 0.349800 0.113849 0.127011 0.287846 -0.233412 0.092840 -0.406865 -0.195795 -0.370051 -0.507027 -0.160882 -0.013508 0.552776 0.606267 -0.129569 0.493346 0.204636 -0.120702 -0.412011 0.114361 -0.234129
lon 0.173963 -0.074223 0.137546 0.602700 0.154315 0.113576 0.326333 -0.482583 -0.438650 0.016429 -0.000600 0.330133 -0.235181 -0.269559 -0.656758 -0.149136 0.113891 -0.076223 -0.253486 0.907713 -0.018939 -0.142984 -0.259040 0.473838 0.096806 -0.498785 0.028308 0.041088 0.021293 0.001753 0.330656 0.707347 0.470158 -0.436075 -0.245908 0.485062 -0.393567 0.073344 -0.229539 -0.050039 -0.355346 -0.444470 0.335230 -0.465717 -0.006969 -0.115632 -0.036219 -0.271375 0.184756 -0.628955
pac 0.123224 -0.334724 0.215601 -0.119263 -0.391008 0.012085 0.294270 0.185964 -0.614220 0.077350 0.554606 0.193705 -0.375175 -0.506149 0.342494 0.099795 -0.170628 0.013562 -0.368913 0.145130 -0.234534 -0.279469 -0.559346 0.314665 -0.530658 -0.412370 -0.039758 0.001791 -0.374726 0.271031 -0.080612 0.344884 0.239470 -0.379169 0.269109 -0.657867 -0.299488 -0.438161 -0.194827 -0.671087 -0.483620 0.423139 0.437412 -0.159509 0.298420 -0.093083 -0.305473 -0.115477 0.440377 -0.568062
out 0.443199 -0.288292 0.086952 -0.101294 0.116438 0.203723 0.159510 0.244487 -0.544516 -0.102733 -0.295984 -0.135448 0.019512 0.069110 0.089451 -0.148713 0.198111 0.178117 -0.304456 0.198046 -0.182877 0.012884 -0.276018 0.308013 -0.563457 -0.764030 -0.405830 -0.018718 -0.170118 0.468449 -0.239700 0.111947 -0.169733 -0.100646 -0.208337 -0.453597 -0.541528 -0.103284 0.119764 0.152463 0.083441 0.189397 0.247206 0.071455 -0.034598 0.000498 0.028252 0.180529 -0.093039 0.007880
wrong</w> 0.116365 -0.195238 0.041738 0.109861 -0.491707 0.620905 0.844452 -0.186987 -0.464399 -0.247262 -0.042693 0.512423 0.111064 0.189224 0.075439 0.146977 0.422390 -0.033167 -0.227860 0.273688 0.086144 -0.226627 0.014706 0.348707 -0.050816 -0.476298 0.054591 -0.163922 -0.236363 0.216950 0.267470 -0.143997 -0.257132 -0.205750 -0.276271 -0.195952 -0.577431 -0.019062 -0.369718 -0.064193 -0.206636 0.735277 0.407484 -0.138572 0.460154 0.027291 0.260779 -0.360681 0.611987 -0.530633
per</w> -0.101052 0.263175 0.333376 0.469863 0.297114 0.285889 0.505240 -0.260600 -0.286540 -0.337515 -0.232023 0.300809 -0.448299 -0.377942 0.174875 -0.000494 0.090676 -0.021792 -0.189692 0.320176 0.146145 -0.451506 -0.130366 0.057921 -0.051461 -0.389942 -0.241835 -0.047591 0.169125 0.541998 0.311252 0.114515 0.153539 -0.123070 0.237003 -0.637504 0.409559 0.061973 0.473331 0.035642 -0.507797 0.352689 0.111189 -0.087608 0.016265 0.279559 -0.050202 0.362388 0.043329 -0.276187
store</w> 0.172023 0.055894 -0.007612 0.003651 -0.171710 -0.167400 0.011551 -0.248886 -0.683255 -0.311963 0.504401 0.155989 -0.100356 0.033757 -0.350490 -0.232100 -0.049283 -0.294864 -0.558478 0.465976 -0.062351 -0.544509 -0.011734 0.599189 -0.173862 -0.461238 0.052221 -0.048264 -0.218003 -0.093857 -0.410544 0.291438 0.340960 -0.123774 -0.001265 -0.388635 -0.101632 0.189803 -0.423820 -0.283980 -0.116258 0.450367 0.197659 -0.200951 -0.146627 0.381751 -0.052431 -0.474552 0.044119 -0.228175
star</w> 0.044320 -0.157609 0.203858 0.191616 0.037522 0.443729 0.076334 0.047754 -0.580675 -0.384655 0.145830 0.182619 -0.363053 -0.136851 0.048081 -0.216586 -0.316447 -0.278564 -0.474914 0.175011 0.009808 -0.157429 0.036432 0.140764 -0.345960 -0.293444 0.317546 -0.220258 -0.017428 0.209648 0.126058 0.055161 0.260615 0.059084 -0.295985 -0.449276 0.029207 -0.135899 -0.126695 0.064816 -0.321059 0.380991 0.150324 -0.643046 0.020184 0.266096 0.024518 -0.260269 -0.082972 -0.132619
himself</w> 0.038030 -0.206709 0.135168 0.301191 -0.315090 0.180184 0.431322 0.102976 -0.360183 -0.086874 0.055952 0.083043 -0.203047 -0.210264 0.082407 0.077799 0.366966 0.137325 -0.387866 0.410957 -0.065655 0.081450 0.018739 -0.037077 -0.235782 -0.386149 -0.380822 -0.286270 -0.156043 0.491873 0.162042 0.146472 0.377280 -0.536083 -0.026943 -0.066715 -0.162429 -0.159131 -0.317012 -0.007460 0.118882 0.300632 -0.154543 -0.325134 0.350141 -0.034515 0.037530 -0.137229 -0.033382 -0.390672
open -0.148873 -0.042789 -0.240638 -0.116408 -0.143045 0.139330 0.806172 -0.212817 -0.436620 -0.035430 0.220289 0.158447 -0.213425 -0.014982 0.037753 -0.290726 -0.038435 -0.085565 -0.318973 0.086982 0.006163 -0.102686 0.207428 0.274955 -0.733146 -0.805169 -0.105518 -0.378096 -0.056484 0.602221 -0.416565 0.012730 -0.535102 -0.490448 0.069276 -0.166010 -0.175002 -0.335762 -0.667193 -0.212702 0.064435 0.018528 0.453311 -0.576409 0.020250 -0.073602 -0.026995 -0.273707 0.716465 -0.643890
excellent</w> 0.153267 -0.104373 0.207540 0.010883 0.135869 0.655807 0.373048 0.017520 -0.639927 -0.232977 -0.357660 0.534180 -0.143387 -0.207319 -0.041092 -0.111876 0.047618 0.203636 -0.315380 0.314412 -0.018632 0.148260 0.306775 0.421877 -0.464870 -0.643349 0.310245 0.026219 -0.257647 -0.028984 0.019641 0.043161 -0.029662 -0.056026 0.050700 -0.632169 -0.480572 0.007518 -0.323055 -0.103673 0.174321 0.527601 -0.079495 -0.315506 0.109210 -0.278515 0.007283 -0.217576 0.504131 -0.137684
wonderful</w> 0.008205 0.038427 0.239685 -0.170736 -0.106310 0.193987 0.034132 -0.011678 -0.501436 -0.264712 -0.139329 0.605701 0.154119 -0.023254 -0.169384 -0.131502 0.386193 0.057695 -0.363147 0.558216 0.245224 -0.134096 0.169387 0.327204 -0.200788 -0.444738 -0.037726 0.003497 -0.209686 0.117985 0.324990 0.198600 0.043230 -0.147033 -0.404335 -0.635972 -0.291931 -0.022034 -0.162858 -0.524102 0.041666 0.434955 -0.147606 -0.369207 0.238925 -0.137016 -0.130420 -0.040918 -0.161208 -0.299198
ough -0.108442 -0.247195 -0.175198 0.056660 -1.080633 0.496339 -0.066083 -0.529931 -0.878166 -0.303639 0.251574 -0.099059 -0.327516 0.140855 -0.170227 -0.206879 -0.254680 0.188462 -0.521315 0.038721 0.434215 0.284879 -0.381841 0.921588 -0.347293 -0.349089 -1.119427 -0.049811 0.332407 0.389552 -0.363475 0.070703 0.849320 -0.289553 -0.018520 -0.501299 -1.421050 -0.386825 -0.105276 0.280746 0.556600 0.080897 0.342110 -0.559430 0.476971 0.428875 -0.055516 -0.485083 -0.519241 -0.131132
flav -0.034368 0.499170 0.362432 -0.016803 -0.228005 0.340127 0.233060 -0.411797 -0.997163 0.313666 -0.102397 0.315538 -0.482997 0.437737 -0.443532 -0.773877 -0.189316 -0.369116 -0.340916 0.592905 -0.288491 -0.053239 0.104555 0.222928 -0.348550 0.090071 -0.971420 0.495450 -0.006865 0.136321 -0.490252 0.693262 0.849315 -0.115991 -0.052209 -0.378566 -0.150085 -0.363112 -0.199629 -0.158055 0.044234 -0.101974 0.495284 -0.740002 0.122222 -0.358656 -0.509185 -0.032785 -0.060645 -0.314875
cl -0.153839 0.214125 0.325295 -0.084386 0.048996 0.136079 0.235028 -0.491055 -0.742930 0.009273 0.137448 0.344268 -0.144630 0.291235 -0.420333 0.141516 -0.123551 -0.198777 -0.546902 0.657914 0.379486 -0.654823 0.285927 0.099147 -0.064025 -0.401994 0.084317 0.030525 -0.124072 0.166041 -0.198096 0.767278 0.372475 0.184047 -0.169060 -0.202045 0.185595 -0.232504 0.041640 -0.356457 -0.204600 -0.039432 -0.449454 -0.571259 0.265871 -0.178352 0.417085 0.050348 -0.036137 -0.294667
takes</w> 0.143844 -0.034698 0.134563 0.452727 -0.191360 0.572353 0.129417 0.034968 -0.518092 -0.143030 -0.197851 0.449419 -0.137680 0.137260 0.038365 -0.443961 -0.086222 -0.210900 -0.502937 0.033819 0.389865 -0.267914 0.495064 -0.070653 -0.092273 -0.373335 -0.227051 -0.057120 0.010105 0.369349 0.197631 0.339882 -0.100438 -0.013195 -0.127732 -0.397385 -0.238563 -0.281107 -0.259319 -0.134280 0.199575 0.319723 0.291112 -0.170661 -0.113795 0.192558 0.340836 -0.314012 0.247513 -0.233977
wood</w> 0.065170 0.468973 0.268876 0.227656 0.010678 0.441176 0.340707 -0.283805 -0.921277 -0.328162 0.466330 0.227746 -0.538298 -0.113554 -0.637851 0.277329 0.216371 0.132308 -0.139351 0.104323 0.072878 0.019374 0.004010 0.414213 0.062518 -1.010575 0.227384 -0.225148 -0.048337 0.279651 0.085662 -0.117176 0.038209 0.106237 -0.474142 -0.735578 0.378464 0.262728 -0.073082 -0.227227 -0.104350 -0.260645 -0.497327 -0.305994 -0.410855 0.498330 0.110627 0.013628 -0.571993 -0.155256
op</w> 0.563144 -0.114845 0.074078 0.255372 -0.156925 0.049182 -0.017403 0.061371 -0.703267 -0.017717 0.406719 0.133783 0.035877 0.033822 -0.174419 0.452305 0.717928 0.191398 -0.661557 -0.018438 0.195187 -0.116614 -0.521968 0.531695 0.160315 -0.367995 -0.234143 -0.046609 0.298745 0.661738 0.076032 -0.077534 -0.046667 -0.592245 0.124928 -0.178113 -0.257111 -0.387211 -0.259375 -0.050362 -0.166265 0.646403 -0.046236 -0.114630 -0.112874 0.237171 0.023139 -0.797979 -0.367825 -0.268121
audi 0.620761 -0.175392 0.274658 0.188443 0.037906 0.169634 0.194654 -0.015120 -0.753424 -0.121864 -0.182158 0.415661 -0.653715 0.379165 0.255558 -0.365856 -0.150046 -0.076085 -0.785911 0.642307 -0.489284 -0.291788 -0.145894 0.291906 -0.210056 -0.567247 -0.380480 0.172927 -0.674165 0.016479 -0.604565 -0.246571 0.059971 -0.343703 0.111991 -0.142320 -0.587703 -0.221012 -0.225906 -0.386762 0.233655 0.019434 0.748953 -0.114538 0.163582 -0.009476 0.343831 -0.069238 0.579884 -0.592410
face</w> -0.070085 -0.281117 0.331458 0.285096 -0.443649 0.334574 0.511715 -0.269351 -0.730025 0.102020 0.212137 0.117718 0.149965 0.457555 -0.097577 0.000607 0.125621 -0.366647 -0.499534 0.148579 -0.222990 0.150249 -0.110395 0.130194 -0.068992 -0.330664 -0.241455 -0.372158 -0.048598 0.574086 -0.029037 -0.345840 -0.088355 -0.325878 -0.256169 -0.280828 -0.514133 -0.016380 -0.110275 -0.171916 0.050070 0.571741 0.026013 -0.671120 -0.433163 0.469314 0.041551 -0.233719 0.409893 -0.133032
dialo 0.418270 -0.015381 0.487550 0.344137 0.126682 0.303854 0.016839 -0.491971 -0.784054 0.131302 0.309031 0.475514 -0.749565 0.221174 -0.184035 -0.465887 -0.027534 -0.423064 -0.457207 0.786509 -0.370304 0.344540 -0.041683 0.412312 -0.311887 -0.264932 -0.312807 0.134928 -0.297290 -0.226573 -0.414199 0.276499 0.164293 -0.314076 -0.065851 -0.659974 -0.109577 0.109168 -0.000057 -0.779642 -0.109712 -0.150591 0.668646 -0.142630 -0.204684 -0.318682 -0.061051 -0.314493 0.078541 -0.310907
ped</w> -0.120452 0.480616 -0.074077 0.451208 0.082276 0.378320 0.547915 -0.430026 -0.288590 0.054669 0.081016 -0.079533 0.179624 -0.334597 -0.167245 0.303467 0.146083 0.022619 -0.753836 -0.085775 0.432606 -0.179165 -0.162817 0.344779 0.469749 -0.744363 -0.549246 0.003704 0.108349 0.416479 0.192704 0.116334 0.141111 0.024018 0.207930 -0.766535 0.414476 -0.403800 0.192818 -0.272013 -0.210948 0.878780 -0.118693 -0.326389 0.171668 0.154172 -0.169168 0.140522 -0.297118 -0.230703
ult</w> -0.117204 -0.030495 0.241103 -0.161613 0.240284 0.639287 0.660238 -0.104508 -0.431301 -0.145414 0.061150 -0.232356 0.056880 -0.074613 0.140264 0.376150 -0.074664 -0.352288 -0.989383 0.345348 0.021588 0.269366 0.101178 0.169089 0.063938 -0.614599 -0.078629 -0.324108 0.763566 0.120577 -0.101136 0.347822 -0.095347 0.032320 0.092538 -0.059867 -0.335210 -0.598579 -0.171793 0.246788 0.220541 0.733612 -0.133865 -0.036739 -0.184166 0.413653 -0.350904 0.079907 -0.059080 -0.237771
took</w> 0.183471 0.065185 0.039745 0.325298 -0.204506 0.334948 0.121203 -0.224459 -0.678334 -0.038840 0.187693 0.479606 -0.255581 0.317915 0.142748 -0.169075 -0.045566 -0.484621 -0.255238 0.197407 0.642849 -0.328770 0.126082 0.027830 0.019807 -0.273351 -0.134213 -0.109310 -0.033041 0.289401 0.165484 0.356840 -0.321070 -0.107914 0.063100 -0.133747 -0.387862 -0.083133 -0.182170 0.079648 -0.076592 0.204407 0.362880 -0.286815 -0.019561 0.220526 0.274936 -0.440319 0.156636 -0.354511
writ 0.458006 -0.129038 -0.016407 0.074785 -0.151545 0.595082 0.040181 -0.147304 -0.825758 -0.366531 0.250440 0.330445 -0.590574 0.734676 -0.157423 -0.188575 0.226750 -0.351191 -0.122304 0.257186 -0.064805 -0.567861 0.063013 0.311812 -0.641105 -0.275118 -0.035301 -0.376340 -0.094424 0.621527 -0.362075 0.249928 0.525900 -0.345257 -0.210127 -0.189130 -0.238413 -0.037433 -0.411628 -0.274198 0.576169 -0.335535 0.242079 -0.607677 0.196862 -0.132493 -0.174715 0.002808 0.347552 -0.375103
ws</w> -0.053576 0.359944 0.180022 0.199903 -0.096405 0.412265 0.239041 -0.619311 -0.056213 -0.023363 0.059956 0.019778 -0.216965 0.331898 0.156957 0.202405 0.009392 0.169623 -0.270612 -0.206633 -0.273305 -0.854060 0.485384 0.181966 -0.219220 -0.496119 -0.121637 -0.019764 0.465607 0.626453 0.271106 -0.335594 0.222904 -0.625362 -0.252994 -0.531004 -0.273926 0.280151 -0.567036 0.028019 -0.424929 0.219773 -0.143658 -0.638516 -0.052662 0.072333 0.400097 -0.239053 0.178186 -0.317209
dou -0.206515 0.259679 0.153443 0.401832 -0.237048 0.019290 0.038336 0.446866 -0.424719 -0.017090 0.172945 -0.018589 -0.131836 0.094333 -0.178063 -0.419772 0.772604 -0.249932 -0.876069 0.234689 -0.292165 0.271008 -0.504807 0.127278 -0.410897 -0.750422 0.711193 0.203467 0.223666 0.068226 -0.008911 0.792137 0.027678 -0.583895 -0.022556 0.126070 -0.077933 0.414830 0.152862 -0.307087 -0.181668 -0.370724 0.537544 -0.770782 -0.250364 0.029589 -0.066949 -0.498375 -0.379871 -0.514721
cap 0.197116 -0.019512 0.242893 0.163584 -0.185617 -0.134478 0.048549 0.019626 -0.030254 0.111704 0.231226 0.177757 -0.318741 -0.027660 0.127392 -0.184749 -0.164328 0.075679 -1.036142 0.692021 -0.187715 -0.335645 -0.139964 0.137124 -0.199228 -0.559383 -0.224044 0.034700 -0.030806 0.143879 -0.246574 0.756686 0.248282 -0.041172 -0.112075 -0.330167 -0.872553 -0.096434 -0.410790 -0.624155 0.054410 -0.036517 -0.079141 -0.009038 0.287213 -0.212681 -0.411938 0.332495 -0.066566 -0.074794
light</w> 0.308982 0.044758 0.236098 0.038672 0.040510 0.058551 0.035511 -0.266944 -0.466899 -0.183215 -0.082566 0.279750 -0.048038 -0.181595 -0.004800 -0.033638 0.163645 -0.307264 -0.689675 0.214475 -0.184635 0.070773 -0.152224 0.333657 -0.417274 -0.309786 0.383320 0.349383 0.056183 0.588222 0.175009 -0.052410 0.031057 -0.256837 -0.153402 -0.282279 -0.316824 -0.072502 -0.210909 -0.075197 -0.176903 0.392108 0.024927 -0.400343 0.008750 0.373463 -0.058498 -0.127706 -0.101654 -0.163021
class 0.221535 0.267161 0.365750 -0.108955 -0.244093 0.238451 -0.266191 -0.453157 -1.038327 -0.323741 0.008439 0.674286 -0.131520 0.044532 -0.143394 -0.474874 0.072781 -0.075354 -0.370773 0.781666 -0.113536 -0.302437 0.113208 0.276133 -0.519461 -0.323936 0.039589 -0.079129 -0.223390 0.111343 -0.422160 0.736486 0.346696 -0.437557 -0.380629 -0.444153 -0.057100 -0.359900 0.013903 -0.535484 0.225490 -0.455109 0.315983 -0.724962 -0.165720 -0.173737 -0.164031 -0.349202 -0.085432 -0.087240
shows</w> 0.349169 0.092992 0.204454 0.171745 -0.191116 0.388426 0.066284 -0.117536 -0.564036 -0.090656 0.077548 0.268139 -0.006072 0.292961 -0.164628 -0.275495 0.097424 -0.229921 -0.471324 0.052404 0.362888 -0.270342 -0.001291 0.141724 -0.061153 -0.316534 -0.219100 0.030272 0.107759 0.104025 0.300146 0.532736 -0.072535 -0.019051 -0.298470 -0.422049 -0.399071 -0.107232 -0.320575 0.132701 0.055746 0.327427 0.239359 0.007752 -0.082045 0.021635 -0.025396 -0.370170 0.306323 -0.317400
ago</w> -0.014675 -0.254858 0.163904 -0.131646 -0.242466 0.528350 0.173078 -0.306141 -1.019435 -0.419318 0.349922 0.878458 -0.431644 0.100305 0.045585 -0.124425 -0.472969 -0.558888 -0.081339 0.327162 0.325621 0.034429 0.064990 0.012868 -0.280601 -0.340681 -0.216471 0.210880 -0.329629 0.328121 0.522459 0.199390 0.293951 -0.026602 0.392442 -0.543793 -0.235076 -0.091935 0.310094 -0.117253 -0.779696 0.611059 0.378713 -0.207739 0.318215 0.487225 -0.754902 -0.615317 0.279917 -0.211013
mem 0.193538 0.300610 0.039439 0.377706 -0.406578 0.398535 0.569010 -0.140283 -0.460768 0.086158 -0.218810 -0.124435 -0.340181 0.535318 -0.471592 -0.626173 0.560334 -0.058587 -0.416559 0.330725 -0.392391 -0.146808 0.172148 0.222451 -0.338203 -0.293801 -0.389041 0.323263 0.072536 0.189091 -0.275678 0.651155 0.660611 -0.166063 0.219323 -0.060097 -0.055627 -0.210489 -0.463245 0.000957 0.248158 -0.505687 0.361208 -0.805033 -0.208751 0.027986 -0.357904 0.208243 -0.372213 -0.444897
heal 0.065109 -0.516106 0.240748 -0.077538 -0.042520 0.570653 -0.233453 -0.059409 -0.668492 0.210486 -0.397694 0.574783 -0.109781 -0.178028 -0.291282 -0.629960 -0.054620 -0.197544 -0.277937 0.655367 -0.395984 0.009531 -0.437371 0.353311 -0.579122 -0.649001 -0.062765 -0.044925 -0.258308 0.438204 0.220923 0.536487 0.249728 -0.405131 0.136430 -0.162962 -0.585067 -0.310652 0.133595 -0.345873 -0.156072 0.101045 -0.309249 -0.489726 -0.013677 -0.204767 -0.075702 -0.620317 0.232720 -0.053380
ory</w> -0.087121 0.014214 0.582127 0.080017 0.115364 0.363670 0.273177 -0.376348 -0.672564 0.042684 0.435469 0.207384 0.292561 0.409693 -0.272469 0.488620 0.143905 -0.001068 -1.134253 0.503913 -0.056841 0.097238 0.108373 0.190016 -0.270712 -0.955937 0.047897 0.095774 0.454265 -0.240447 0.088007 -0.042775 0.199185 -0.141917 -0.405190 -0.084662 -0.113727 0.070485 -0.323234 -0.064356 0.324744 0.046372 -0.184255 -0.032795 -0.139628 0.212649 -0.061226 -0.363696 -0.762156 0.428468
olo 0.284669 0.942509 0.023948 0.369713 0.640474 0.396751 0.124401 -0.996438 -0.248068 0.074960 0.209564 0.487480 -0.514918 -0.747824 -0.376664 0.063774 -0.197019 0.414733 -0.765429 0.536906 -0.352820 -0.183443 -0.606945 0.004548 -0.623701 -1.357129 -0.371003 -0.087713 0.552738 0.049677 -0.171108 -0.162557 0.714847 -0.679891 0.082446 -0.105629 0.364859 0.205531 0.451983 -0.139701 0.410852 -0.449477 0.264485 -0.314258 0.266636 0.240517 -0.312664 0.021291 -0.350224 -0.264959
later</w> -0.097376 -0.362875 0.103903 0.013413 -0.350929 0.411817 0.345903 -0.122456 -0.916904 -0.384878 0.360612 0.459224 -0.356003 0.221081 0.218689 -0.319900 -0.004042 -0.459548 0.049053 0.341786 0.043455 -0.126459 0.342328 0.036986 -0.383681 -0.328945 -0.133831 -0.118151 -0.253226 0.313076 0.209580 -0.149809 -0.023661 -0.412920 0.087270 -0.228792 -0.276995 0.043233 -0.148352 0.092391 -0.334072 0.262908 0.418274 -0.289408 0.307463 0.349126 -0.396775 -0.457316 0.268306 -0.229936
ross</w> -0.249740 -0.108956 0.327379 0.056520 -0.269943 0.502996 0.382488 -0.306126 -0.942598 -0.165028 -0.016686 0.141020 -0.064298 -0.603164 0.162927 -0.214406 -0.220627 -0.110342 -0.631440 0.100739 -0.500983 0.418785 0.154974 -0.208276 0.166129 -0.465804 0.280981 0.070301 0.931655 0.028956 0.146937 0.464804 0.425810 0.038083 0.304893 -0.015177 -0.094877 -0.523745 -0.385157 -0.567663 0.141763 0.561093 -0.014615 -0.337294 -0.029974 0.079719 -0.248503 -0.239057 -0.046254 -0.264974
dead</w> 0.082150 -0.118132 0.395015 -0.131205 -0.005465 0.278842 0.085919 -0.037937 -0.756273 -0.102000 -0.030655 0.448048 -0.170791 -0.035648 -0.243842 -0.064844 -0.120764 -0.202724 -0.509099 0.260175 -0.238583 -0.211709 0.004544 0.073392 -0.325731 -0.207665 -0.095106 -0.154233 -0.092187 0.310082 -0.002865 0.081436 0.012920 -0.315902 -0.055412 -0.186443 -0.322473 -0.218015 -0.281775 -0.217490 -0.302482 0.147677 -0.079378 -0.292211 -0.045966 0.257763 0.115982 -0.080977 0.333470 -0.406946
emp -0.200060 0.074791 0.349427 0.091258 -1.047029 0.638237 0.388773 0.583054 -0.271782 0.689991 0.447020 0.200989 0.010014 0.011244 0.521497 0.519752 -0.133889 -0.209146 -0.509318 0.097464 -0.286389 0.161647 -0.309997 0.193099 -0.264693 -0.729661 -0.166851 0.225066 0.073078 0.383798 -0.167224 0.515508 0.137949 -0.483841 0.113302 -0.365453 -0.485575 -0.260648 -0.208523 -0.546718 0.281304 -0.267555 0.419436 -0.307687 0.219811 0.056778 -0.025472 -0.634733 -0.261364 -0.311791
tot 0.172380 0.364406 0.009302 -0.124002 0.100917 0.312896 0.191491 -0.084561 -0.799861 -0.106471 -0.037440 0.123413 -0.038133 -0.145953 -0.084473 0.024806 0.315849 0.024540 -0.637963 0.791627 0.165258 -0.101563 0.060196 0.005245 -0.419172 -0.501647 0.612208 -0.305391 -0.001057 0.167035 -0.407008 0.855535 0.095363 0.000536 -0.452515 0.017061 -0.536070 -0.078069 0.276216 -0.246345 0.073227 0.186583 0.267639 -0.315598 0.265912 -0.176297 -0.375691 0.131395 0.243822 -0.993512
seem</w> 0.245525 0.234589 0.452570 0.430361 0.007115 0.281510 0.644363 0.386226 -0.117111 0.413676 0.254525 -0.250505 0.113458 0.266196 -0.013687 0.181071 0.475673 0.162071 -0.561094 0.267841 0.390146 -0.223250 0.029858 0.220492 0.098871 -0.490545 -0.062899 -0.274929 -0.163873 0.621112 -0.258249 0.915311 0.040269 -0.175622 -0.273661 -0.112221 0.016935 0.112941 -0.088542 0.232199 0.079902 0.426518 0.241550 -0.258393 0.349038 -0.045989 -0.042059 -0.152264 -0.142820 -0.572426
ird</w> 0.260546 -0.127916 0.142158 -0.070182 0.068586 0.810556 -0.128076 -0.144739 -0.225576 0.088294 -0.102230 0.204473 -0.008997 0.213628 -0.367793 -0.054972 -0.145225 0.017208 -0.547085 -0.264971 -0.552919 0.108825 -0.202512 0.139553 -0.473633 -0.975408 -0.003709 0.499587 0.438129 0.231737 0.440843 -0.010011 -0.169873 -0.420648 0.095317 -0.553010 -0.391531 0.310152 -0.139433 -0.344320 -0.191593 0.469879 -0.215467 -0.431012 0.019189 0.437553 -0.133639 -0.290086 0.331730 0.248586
cess -0.140074 0.863004 0.152395 -0.653424 -0.270079 0.137194 0.891854 -0.406929 -0.451356 0.145024 -0.179394 0.019164 -0.676132 -0.486926 0.255454 0.041799 0.429687 0.129500 -0.639446 0.236024 -0.061594 -0.550955 -0.087799 -0.278241 -0.128105 -0.389567 -0.529528 0.285043 0.118245 0.442212 -0.345621 0.786087 0.701037 -0.441083 -0.049277 -0.466042 0.085647 -0.479120 -0.819970 -0.334572 -0.145396 -0.113625 -0.232982 -0.334301 0.493512 -0.384520 -0.223306 -0.021142 0.254628 -0.258923
spo 0.030981 -0.451691 0.364030 0.398150 -0.533905 0.317684 0.650619 -0.037450 -0.429028 0.246640 0.540395 0.380613 -0.496168 0.165015 -0.280543 0.175803 -0.211168 -0.018957 -0.268992 0.091619 0.449063 -0.173167 -0.184739 0.074448 -0.138022 -0.548351 -0.364538 0.651205 -0.160463 0.868643 -0.022859 -0.055551 0.294648 -0.074078 0.507356 0.217460 -0.143441 -0.304941 -0.182863 -0.520315 0.333279 -0.197611 0.033102 -0.500197 0.249428 0.161391 -0.042381 -0.101655 0.121471 -0.633003
top</w> -0.162805 -0.255191 0.229472 0.489782 -0.035210 0.476621 0.162135 -0.143729 -0.405541 -0.415714 -0.044637 0.394958 -0.139382 0.057538 0.181376 -0.383104 -0.280357 -0.379639 -0.892428 0.171104 -0.276812 -0.538193 0.011425 0.309821 -0.235002 -0.339024 -0.052549 0.311022 0.138207 0.286642 -0.058664 -0.386582 -0.024220 -0.439400 0.020068 -0.369026 -0.240984 -0.336904 0.023174 -0.036595 -0.502151 0.812727 0.256880 -0.535891 -0.082884 0.095246 0.094309 -0.365286 0.122976 0.030298
entertain 0.245200 -0.266039 -0.082627 -0.157791 -0.122587 0.702803 0.810249 0.013160 -0.247549 -0.291070 -0.160448 0.408646 -0.019519 0.043603 -0.258744 -0.246615 0.268159 -0.231116 -0.115842 0.573918 -0.119463 0.125608 0.299489 0.405231 -0.521586 -0.491723 -0.551952 0.082903 -0.589853 0.489317 -0.103775 0.686190 0.279796 -0.378902 -0.216318 -0.510425 -0.358040 -0.316718 -0.068487 -0.523140 0.369030 0.086407 0.284956 -0.483344 0.693504 -0.288834 -0.408221 -0.334053 0.151674 -0.425732
conv -0.082816 -0.153113 0.349034 -0.106105 0.153379 0.154709 0.777726 -0.175700 -0.280881 0.909380 -0.119085 -0.084079 -0.172511 0.023220 -0.060338 0.264998 0.320864 0.018598 -0.634777 0.668932 0.179487 0.113211 -0.106685 0.390511 -0.548847 -0.472459 -0.353527 -0.449750 0.166883 0.319051 -0.389468 0.906708 0.108388 -0.120146 0.073347 -0.554203 -0.362368 -0.764410 -0.631760 -0.278646 0.430041 0.088498 0.038136 -0.201553 -0.014875 -0.162395 -0.294373 0.501827 0.413020 -0.679103
rest</w> 0.370351 -0.252646 0.388149 0.416582 -0.335103 0.360612 0.316956 -0.181307 -0.771074 -0.335449 0.227061 0.315605 0.242918 0.647833 -0.327003 -0.436782 -0.008541 -0.236562 -0.952262 0.481999 -0.861437 -0.149830 0.015337 0.254023 0.007406 -0.328448 -0.398201 -0.211082 -0.071926 0.245429 -0.248139 -0.033493 -0.134747 -0.559265 -0.261815 -0.391819 -0.798595 -0.205749 -0.309859 -0.068771 -0.421571 0.508345 0.254046 -0.946107 -0.163263 0.424919 0.007123 -0.141514 0.477880 0.011949
ger -0.077626 0.062397 0.201134 0.092568 -0.013875 0.525653 0.297683 -0.083874 -0.524839 0.402722 -0.059186 0.181377 -0.344953 0.202462 -0.013473 -0.003882 -0.132591 -0.041871 -0.596091 0.333026 -0.142393 0.045964 -0.079497 0.301060 -0.399771 -0.332893 -0.234565 -0.002755 0.246702 0.400242 -0.202644 0.070842 0.251066 -0.458919 -0.330735 0.107045 -0.129465 0.129595 -0.128518 -0.270526 0.378245 -0.290904 0.385427 -0.558998 -0.161342 0.043604 -0.170397 0.104840 0.064333 -0.108057
son 0.077073 -0.028543 0.044403 -0.130090 -0.170328 -0.080076 0.343922 -0.241281 -0.298155 -0.083815 0.020273 0.408768 -0.070375 0.332189 0.417327 -0.194358 -0.167772 -0.542946 -0.906127 1.045757 -0.149721 -0.015428 -0.699209 0.418572 -0.104588 -0.543339 -0.121694 0.427665 0.122760 0.219953 -0.395253 0.605303 0.124893 -0.464236 0.150125 0.148154 -0.442169 0.127900 -0.273283 0.027615 0.249440 -0.120437 0.409454 0.139191 0.056562 -0.162299 -0.184452 0.025405 0.243424 -0.194631
ire</w> 0.248043 0.163605 0.020199 0.204492 0.531004 0.094088 0.327025 -0.300784 -0.138406 0.047627 0.202709 0.152082 0.155742 -0.084988 0.320552 0.250806 0.570382 -0.004917 -0.880283 0.412186 0.013146 -0.135945 -0.285797 0.403401 -0.436317 -0.595380 0.172926 0.080361 0.109565 0.423744 0.215010 0.184587 0.237224 0.066120 0.027698 -0.533879 0.028285 -0.035887 -0.416565 -0.080311 0.135458 0.734899 -0.130931 -0.306602 -0.318047 0.765253 -0.220687 -0.130769 -0.123080 0.450702
cri 0.306950 0.068614 0.033402 0.268251 -0.010233 0.126693 0.247711 -0.201571 -0.204485 -0.000482 -0.182485 0.184508 -0.070699 -0.054165 0.263160 -0.326083 0.662414 0.029448 -0.607878 0.780492 0.594949 0.086135 -0.261273 0.201043 -0.487834 -0.479038 -0.018459 -0.140032 -0.218374 0.518808 0.049133 -0.275921 0.182408 -0.278320 -0.045035 -0.212596 -0.582618 -0.556217 0.300489 -0.090562 0.019460 -0.100564 0.414415 -0.621954 0.117844 0.301515 -0.184762 -0.171718 0.034021 -0.057328
tit -0.165751 -0.173706 0.222517 0.001562 -0.101937 0.567755 0.371700 0.597223 -0.465139 -0.249173 0.137735 0.308622 -0.647048 0.523519 -0.006021 -0.378712 -0.360441 0.103819 -0.647977 0.351909 -0.429636 -0.274064 -0.033185 -0.115499 -0.034467 -0.344743 -0.294443 0.243112 -0.154143 -0.094699 -0.310082 0.270022 0.541457 -0.059851 -0.000572 -0.711774 -0.314360 -0.290079 -0.256483 -0.511925 0.215479 -0.109318 0.579816 -0.687721 -0.236791 0.027835 -0.261571 -0.174011 0.147506 -0.131338
effects</w> -0.066287 -0.001295 -0.005572 0.457406 -0.341677 0.483530 -0.108732 -0.212309 -0.932907 -0.246608 0.034863 0.170851 -0.049158 0.306296 -0.018477 -0.238360 -0.080489 -0.527196 -0.260290 0.166080 -0.116988 -0.537643 0.171607 0.451711 -0.470139 -0.085216 0.053634 0.096019 -0.272391 0.202105 0.050037 -0.016419 0.283579 -0.319815 -0.174733 -0.615146 -0.261372 -0.131257 -0.147148 -0.221293 -0.485827 0.969534 0.341583 -0.165648 0.388614 0.116633 -0.278618 -0.367936 0.504223 -0.077607
im</w> -0.109673 0.128530 0.256263 -0.319133 0.185982 0.179290 0.320470 0.008645 -0.277353 0.221450 0.203714 0.113163 -0.271056 -0.158832 0.188985 0.220538 0.224462 0.180311 -0.360307 0.170927 0.450444 0.102716 -0.113780 -0.059899 -0.219705 -0.935123 0.376187 -0.153067 0.133166 0.435438 0.427938 0.043873 0.091626 -0.108014 0.026787 -0.080775 0.166232 0.103255 -0.295902 0.215416 -0.169861 0.636835 0.122294 -0.159853 -0.182512 0.679372 -0.228403 -0.061679 0.290056 -0.434735
run -0.136696 -0.682801 0.090447 0.322306 -0.799327 0.311185 -0.231749 0.059374 -0.656473 -0.242474 0.189399 0.387695 -0.555671 0.050275 0.307840 -0.379809 0.322272 -0.066059 -0.307951 0.310218 -0.068337 -0.452096 -0.091744 0.049947 -0.584504 -0.559145 0.027387 -0.472365 -0.575735 0.738353 -0.081515 -0.004971 0.183068 -0.511380 -0.358404 -0.381479 -0.184279 -0.055901 -0.084029 0.076932 -0.019660 0.353263 0.362919 -0.121958 -0.232112 -0.268944 0.275940 -0.450212 0.024178 -0.637453
guess</w> 0.172443 0.095790 0.421282 0.120492 -0.351035 0.519129 0.527447 -0.365139 -0.732058 0.010571 0.458564 0.544015 -0.185290 0.485521 -0.358089 -0.005696 0.273259 -0.458745 -0.184677 0.498493 0.305411 -0.609124 0.377600 0.235711 -0.166234 -0.618612 0.150894 -0.366940 -0.021657 0.178299 0.059132 0.269525 -0.426718 -0.138896 -0.325402 0.075884 -0.334136 0.698231 -0.627146 0.216188 -0.403936 0.421299 0.234603 -0.240568 0.171583 0.504911 -0.098171 -0.550378 0.224570 -0.868928
went</w> 0.008223 -0.020432 0.237045 0.384699 -0.259396 0.312464 0.528806 -0.190345 -0.316626 0.002808 0.411559 0.083696 -0.267964 0.387382 0.267107 0.206458 -0.136257 -0.396255 -0.551986 0.045652 0.357093 -0.074711 0.311884 0.067041 -0.239623 -0.318420 -0.674926 -0.000872 -0.029694 0.549221 -0.056625 0.438600 -0.124995 -0.062258 0.084783 0.169983 -0.308821 -0.162554 -0.675306 -0.056247 -0.026695 0.668373 0.058053 0.032912 0.168925 0.072643 -0.144197 -0.538819 0.026311 -0.690253
h</w> 0.431118 0.344414 0.034757 -0.066794 -0.567418 0.344489 0.643547 -0.573305 -0.269110 -0.464903 0.432288 0.120796 -0.076479 0.192817 0.006930 0.264792 0.063321 -0.250731 -0.136264 -0.229493 0.208288 -0.020733 -0.092863 0.317607 -0.422245 -1.131223 0.420912 0.562096 0.265626 0.098389 0.286715 -0.381668 0.254447 -0.096271 0.135163 -0.713919 0.108816 0.262793 0.038275 0.252296 -0.350368 0.480352 0.305943 -0.268907 -0.190563 0.758677 -0.181416 -0.035228 -0.399355 -0.448313
eri 0.553082 -0.369218 -0.152635 -0.357899 0.083780 0.037121 0.009740 -0.306291 -0.809977 -0.049870 0.079825 0.310725 -0.034850 -0.640352 -0.404133 0.047011 0.537621 0.320941 -0.877470 0.740814 -0.010172 0.172693 -0.302024 0.096224 -0.878616 -0.466438 0.016085 0.130982 0.539118 0.126371 0.121867 0.320654 0.629176 -0.263930 0.085128 -0.337488 -0.167814 0.149244 -0.557565 -0.556538 0.453887 -0.381817 -0.070133 -0.420648 -0.344130 0.036440 -0.181716 0.225685 -0.153516 0.159381
quality</w> 0.407195 -0.069016 0.202371 0.185871 -0.131086 0.243468 -0.281552 -0.184013 -0.609174 -0.449261 -0.160120 0.479215 0.158093 0.236358 0.050784 -0.326854 -0.009314 -0.139985 -0.449512 0.432860 -0.299208 -0.157552 0.244252 0.349083 -0.307054 -0.162554 -0.335842 0.079884 -0.122643 0.157792 0.102565 0.403926 -0.161792 -0.308429 -0.184194 -0.729571 -0.469826 0.055927 -0.554341 -0.234052 -0.204181 0.312659 0.076193 -0.428249 0.202128 -0.184237 -0.312500 -0.111473 0.122626 0.023127
brea 0.370704 -0.511395 -0.031230 0.143329 -0.374165 0.417865 -0.048505 0.164450 -0.609197 0.055189 0.344598 0.125389 -0.681709 -0.333954 0.028494 -0.286156 0.046188 -0.011249 -0.151543 0.126139 -0.223790 -0.031090 -0.434056 0.262424 -0.036783 -0.906269 0.068881 -0.079882 -0.255489 0.510662 0.093849 0.259079 0.191696 -0.229804 0.796425 -0.209765 -0.382362 -0.525792 0.302054 -0.550115 -0.495750 0.102895 0.152945 -0.136140 0.187259 0.083202 0.044895 -0.257807 0.166946 -0.332661
dark</w> 0.070347 0.072747 0.232554 -0.047513 -0.091620 0.297646 0.028899 -0.323035 -0.408841 -0.386225 -0.043107 0.432615 0.111646 -0.006838 -0.065001 -0.062146 0.163690 0.086189 -0.226865 0.438717 -0.276510 -0.061490 0.230629 0.102824 -0.321543 -0.258216 -0.086256 0.024892 0.090026 0.146864 0.118908 0.112000 0.192994 -0.308452 -0.243140 -0.473411 -0.287226 -0.042087 -0.189713 -0.288487 -0.323498 0.441022 0.003009 -0.266612 -0.034601 0.165289 -0.246472 0.067399 0.123280 -0.214279
graph 0.281681 0.324655 -0.108313 -0.689984 -0.169237 -0.224627 0.263165 -0.253517 -0.883375 -0.477115 0.488451 0.589625 -0.064038 0.012310 -0.270330 -0.138438 -0.506869 0.164373 -0.595112 0.355881 0.124937 -0.831165 0.208452 0.670532 -0.997086 -1.018018 -0.555843 0.401325 -0.218046 0.113341 -0.933157 0.662584 0.546931 -0.282714 0.135761 -0.456594 0.163683 0.036799 -0.056133 -0.620497 0.065146 -0.165404 -0.127512 -0.439631 -0.160282 0.170566 -0.250326 0.000699 -0.117827 -0.183817
kids</w> 0.359369 -0.263107 -0.004182 0.171494 -0.252043 0.373562 0.293178 0.048125 -0.616261 -0.301987 0.259147 0.238081 -0.045176 0.162552 -0.297402 -0.069879 0.131688 -0.366527 -0.131198 0.554254 -0.004431 -0.342589 0.156236 0.433697 0.184834 -0.264502 -0.015059 -0.157330 -0.369373 0.176599 0.119253 0.059366 0.143951 -0.315282 -0.012892 -0.234167 -0.354589 -0.257205 -0.359285 -0.011462 -0.194363 0.511941 0.494440 -0.244169 0.303593 0.498865 -0.002166 -0.238378 0.292372 -0.309913
piece</w> 0.355140 0.347375 0.450341 0.112477 0.246616 0.233024 -0.470393 -0.348615 -0.597362 -0.369409 0.360580 0.747158 0.373646 -0.122044 -0.193688 -0.639730 -0.020173 -0.065151 -0.577864 0.461965 -0.024628 -0.313824 -0.011188 0.088243 -0.601556 -0.578189 -0.180833 0.289172 0.045542 0.174018 0.022184 -0.085888 0.069504 -0.636380 -0.535225 -0.108985 -0.431722 -0.177576 0.018693 -0.104253 0.009970 0.232261 -0.689719 -0.731722 0.030568 0.046326 -0.030941 -0.015463 0.466435 -0.262368
already</w> 0.109905 -0.237718 0.206459 0.183326 -0.342178 0.284133 0.273662 0.192275 -0.440541 -0.185341 0.125534 0.387915 -0.055371 -0.002197 -0.105775 0.160126 0.173539 0.144475 -0.175260 0.434914 0.043314 -0.180017 0.023878 0.078413 0.109011 -0.579907 -0.056822 -0.379159 0.103215 0.281543 0.212650 0.433708 0.239177 -0.154598 -0.176164 -0.142966 -0.006158 0.285178 -0.166985 0.140463 -0.111575 0.180470 0.150668 -0.137495 0.200252 0.177550 -0.225390 -0.155261 0.222495 -0.414289
couple</w> 0.256592 -0.016091 0.449807 0.054379 -0.014667 -0.160900 -0.158472 -0.156554 -0.600125 -0.481282 -0.086834 0.579935 -0.088991 -0.139615 -0.258933 -0.363507 0.095406 -0.455071 -1.000282 0.515529 -0.222760 -0.095779 -0.127345 -0.161888 -0.185580 -0.175105 0.063651 0.262226 -0.079003 0.335286 0.396001 0.407438 -0.000073 -0.399296 -0.456820 -0.446967 -0.182812 -0.377891 -0.205502 0.150507 -0.164856 0.299551 -0.143712 -0.835993 0.118408 -0.003218 0.004375 -0.002636 -0.014483 -0.184486
mur 0.340175 0.038231 0.035193 -0.003649 -0.266132 0.267214 0.007016 -0.428214 -1.080888 -0.022426 0.215491 0.490436 -0.543456 0.373416 -0.452392 -0.296269 0.339319 0.024232 -0.289091 0.411874 -0.146940 0.125122 -0.130653 0.279577 -0.624270 -0.554709 -0.212183 -0.294900 0.047750 0.221499 -0.555114 0.100809 0.439723 -0.609803 -0.133656 0.254897 -0.563551 -0.015405 -0.241714 0.068409 0.403465 -0.509817 -0.035318 -0.426622 0.263570 0.114909 -0.290191 -0.218096 -0.086534 -0.216788
medi 0.361741 0.155401 0.058608 -0.036083 -0.048578 -0.119909 0.714954 -0.309185 -0.435591 -0.434765 -0.451373 0.082324 -0.317333 -0.307729 0.197326 0.032018 -0.595796 -0.039883 -1.105052 0.632976 0.279106 -0.110018 -0.790121 0.320417 -0.579302 -0.312734 0.381089 -0.007793 -0.422730 0.306864 -0.377683 0.561176 -0.032963 0.376427 -0.184814 -0.229039 -0.399925 -0.578377 -0.392250 0.053571 0.099181 0.389700 0.343632 -0.042941 0.440431 0.100367 -0.177055 0.369540 0.286183 -0.553845
tru 0.126318 -0.641722 0.157508 0.617389 -0.035410 0.290841 0.105340 0.054764 -0.628104 -0.328784 0.095870 0.060952 -0.437878 -0.141298 0.088516 -0.782845 0.547144 0.011006 -0.538201 0.391029 -0.161039 0.045986 -0.357340 0.330166 -0.349242 -0.534040 -0.123042 0.019517 -0.218469 0.386655 -0.501067 0.147056 -0.093184 -0.427625 0.086607 -0.050682 -0.399267 -0.095974 0.286070 -0.478433 -0.035686 0.145636 0.019171 -0.369688 -0.322747 0.094909 0.167371 -0.404688 0.422378 -0.274029
ction</w> 0.122321 0.328978 0.670456 0.300640 -0.045804 0.065573 0.535870 -0.019125 -0.428864 -0.171857 0.106883 0.186104 0.053300 0.174107 0.611729 0.390395 -0.092288 -0.142192 -1.194322 -0.165792 -0.566896 -0.713072 0.334666 0.005923 0.234363 -0.549596 -0.593064 0.044201 0.718939 0.292624 -0.060771 -0.055857 0.103786 -0.532315 -0.460138 -0.326557 -0.211893 0.085367 -0.339547 -0.503752 -0.543134 -0.099231 -0.288701 -0.276125 0.252515 0.228375 -0.104495 -0.165839 -0.311484 0.191687
ile</w> -0.099498 0.038142 0.019740 0.283150 0.248757 0.109688 0.157400 -0.246527 -0.290991 -0.143087 0.229832 0.076011 0.158899 -0.071968 -0.250674 0.271219 0.524986 -0.330433 -0.828141 0.115978 -0.260523 -0.002374 -0.274261 -0.013047 -0.455228 -0.755712 0.158066 0.149799 0.323945 0.313744 0.291155 0.156978 0.394364 -0.135211 -0.200940 -0.723129 0.136664 -0.260484 -0.133037 -0.057508 0.157836 0.157761 -0.068894 -0.265549 -0.299734 0.372396 -0.378928 -0.064939 -0.568848 0.204034
ut 0.244108 0.358788 -0.067813 -0.037353 -0.023921 0.455866 0.269055 -0.434735 -0.448516 -0.126803 0.326757 0.161127 -0.125744 -0.260593 0.019474 0.028541 0.080028 0.392197 -0.797771 0.455434 -0.016063 0.093101 -0.212465 0.372467 -0.453455 -0.559506 -0.072609 -0.026143 0.648540 0.206184 -0.361318 0.339616 0.427653 -0.468032 -0.037324 -0.185594 -0.094705 -0.390123 0.124700 -0.095738 0.352112 -0.211101 -0.007651 -0.315518 -0.160960 -0.251614 -0.269081 -0.114726 -0.323288 0.103595
today</w> 0.171730 -0.291160 0.273704 0.273076 -0.461446 0.362527 0.508975 -0.115482 -0.395966 -0.071736 0.171443 0.304074 0.105672 0.326609 -0.089149 -0.059533 0.377462 -0.066442 0.010674 0.321140 0.217544 -0.329527 0.219449 0.140188 -0.163243 -0.445720 0.096589 -0.282910 -0.387367 0.328771 0.273433 0.194043 0.149270 -0.378055 -0.073580 -0.290949 -0.216126 0.320704 -0.174606 -0.037391 -0.218895 0.526292 0.179328 -0.171780 0.065592 0.263564 -0.059578 -0.142914 0.251192 -0.515112
doing</w> 0.097770 -0.095002 0.047308 0.076779 -0.253149 0.458536 0.175909 -0.087591 -0.470322 -0.030115 0.081517 0.238520 0.067579 0.380989 -0.198842 -0.115592 0.284934 -0.134234 -0.288293 0.412257 0.107037 -0.338408 0.091522 0.487900 -0.087154 -0.404405 0.112595 -0.244904 -0.133841 0.310398 0.219044 0.204588 -0.055696 -0.208711 -0.146345 -0.239272 -0.494939 0.054394 -0.383252 0.093614 -0.245632 0.510051 0.109935 -0.380178 0.222978 -0.055154 0.001702 -0.357182 0.339019 -0.579988
during</w> 0.368611 -0.106134 0.061053 0.127652 0.065492 0.388740 0.046782 0.002269 -0.652225 -0.156243 -0.157126 0.231156 -0.112968 0.082331 0.088641 -0.502115 0.009979 -0.068704 -0.548871 0.031992 0.133465 0.012419 0.006677 0.192065 -0.053624 -0.528512 -0.113055 0.103983 0.033736 0.293643 -0.038923 0.068534 0.073118 0.079095 0.087446 -0.489675 -0.180343 -0.278502 -0.373015 -0.286526 0.070752 -0.039581 0.470515 -0.274898 -0.176793 0.290943 0.085626 -0.101757 0.220090 0.023479
ouldn</w> 0.437843 -0.158512 0.165142 0.631702 -0.428644 0.855822 0.258724 -0.041128 -0.839016 0.164058 1.234159 -0.499712 0.113583 0.630749 -0.374604 0.129433 1.189914 0.511492 -0.693316 -0.198228 0.817558 0.189550 -0.237043 0.282436 -0.242024 -1.640057 0.162353 -1.116030 0.554657 0.725746 0.098163 0.997916 0.061876 -0.144011 -0.443051 -0.430153 0.548012 0.823656 0.009136 0.305904 -0.216469 0.280848 0.248655 -0.711196 -0.510967 0.709561 -0.137121 -0.370613 -0.152542 -0.966052
rom 0.301677 0.204823 0.274774 -0.361296 0.183728 0.565312 0.328574 -0.521905 -0.339718 0.218884 0.327065 0.546391 -0.297771 -0.503255 -0.305665 -0.598460 0.134614 -0.162602 -0.319783 0.535321 -0.314549 -0.124992 -0.499137 0.314014 -0.533475 -0.352995 -0.216491 0.216107 -0.217397 0.263520 -0.301091 0.372300 0.810854 -0.115170 0.392244 -0.596570 -0.368758 -0.242292 -0.198779 -0.324002 0.155401 -0.005556 0.119994 -0.370606 0.175912 -0.339688 0.040330 0.083163 0.058889 -0.158943
human</w> 0.040927 -0.059133 0.111677 0.142891 -0.071563 0.139760 0.112926 -0.230820 -0.694291 -0.181716 -0.139982 0.111272 0.045128 0.036147 0.031457 0.005907 0.036034 -0.061687 -0.786426 0.180709 -0.374566 -0.178058 -0.061591 0.096506 -0.376817 -0.336501 0.123236 0.026485 -0.088321 0.442212 0.019867 0.084318 0.071634 -0.221635 -0.295568 -0.325974 -0.218869 -0.027498 -0.166558 0.007576 0.034899 0.113157 -0.030119 -0.443440 0.180416 0.041826 -0.107802 -0.137046 0.085002 -0.119731
6 -0.187334 -0.620064 0.590442 0.247189 0.030060 0.569087 0.181097 -0.112441 -0.710301 -0.784297 0.232719 0.624288 -0.409286 0.236959 -0.045200 -1.008224 -0.654092 -0.268872 -0.456440 0.207068 0.033279 -0.407856 0.527534 0.067199 -0.141648 -1.013223 0.187268 -0.004101 -0.288274 0.458636 0.168813 -0.045345 0.099258 -0.199840 0.351332 -0.345339 0.115645 -0.195050 0.545550 0.426951 -0.342304 0.156382 0.278944 -0.853723 -0.078090 0.691094 -0.107598 -0.628605 0.485893 0.024226
given</w> -0.083422 -0.101288 0.084073 -0.012542 -0.111284 0.081053 0.228602 0.496970 -0.660888 -0.035354 -0.280922 0.537924 -0.091915 0.229256 -0.152321 -0.177217 0.451289 0.139871 -0.401372 0.547193 0.138793 -0.310239 0.093072 0.525947 0.293644 -0.247507 -0.056379 -0.296922 -0.048903 0.532279 0.154012 0.563794 -0.077695 -0.196659 -0.330334 -0.278060 -0.451158 -0.056737 -0.335203 0.068593 -0.053067 0.364487 -0.070242 -0.613449 0.135191 -0.025232 0.304350 0.054990 0.085841 -0.507325
mind</w> 0.068928 -0.035333 0.183597 0.304883 -0.233836 0.341322 0.429927 0.112422 -0.673927 -0.003167 0.476343 -0.022869 -0.045080 0.171702 0.285500 -0.242366 0.279478 -0.222807 -0.582337 0.066766 -0.069272 -0.496608 -0.106893 0.328141 -0.015016 -0.322536 -0.044731 -0.262691 -0.194973 0.378675 -0.178095 0.141172 -0.116287 -0.336344 -0.273081 0.017917 -0.456862 0.110662 -0.475600 0.058691 -0.094262 0.600431 0.188029 -0.740048 -0.056587 0.480979 0.167832 -0.371362 0.261619 -0.232179
recei 0.947692 -0.212786 0.048577 0.536302 -0.154010 0.194680 0.782908 0.626538 -0.796276 -0.212286 0.134032 0.262181 -0.227679 -0.255934 0.194746 -0.219766 0.378915 -0.256208 -0.374164 0.869185 0.604906 0.047966 0.211824 0.026663 -0.068527 -0.316459 -0.447214 -0.285709 -0.197076 0.324663 0.169727 0.751086 -0.087601 0.030339 0.294915 -0.056940 -0.710848 0.083184 -0.696244 -0.324767 -0.560966 0.485906 0.314506 0.055839 0.403607 0.123087 -0.006941 -0.261718 0.200835 -1.004990
prom -0.052839 0.123632 -0.219023 -0.039942 -0.137097 0.029041 0.670068 0.421880 0.088183 -0.058622 -0.036355 0.513120 0.186641 -0.026101 0.005389 -0.547469 -0.102196 0.472113 -0.812790 0.407754 0.259901 -0.154547 -0.456262 0.584181 -0.240698 -0.545779 -0.492408 0.120355 0.097162 0.300590 -0.350084 0.392519 -0.181695 -0.481718 0.205761 -0.312234 -0.226817 -0.352360 -0.403948 -0.213378 -0.066431 0.038656 0.294261 -0.299747 0.287340 -0.020179 -0.488062 -0.180202 0.059714 -0.308279
terrible</w> 0.034915 -0.039477 0.403428 -0.056591 0.050098 0.251356 0.208503 -0.088976 -0.470085 -0.656158 -0.255351 0.598202 0.050185 0.026623 -0.118869 0.032786 0.221014 0.118207 -0.345382 0.447384 0.276460 0.036755 0.333742 0.304589 -0.183683 -0.513970 0.340391 0.017632 -0.260864 0.115261 0.110885 0.183046 -0.122124 0.137952 -0.588321 -0.770504 -0.490979 -0.118761 -0.541075 -0.376385 -0.024863 0.560326 -0.040139 -0.377773 0.227694 -0.070413 0.087809 -0.208701 0.015415 -0.313064
tell</w> 0.485296 0.096272 0.574862 0.427297 -0.166549 0.400343 0.549864 0.212489 -0.601635 0.513703 0.374567 0.038891 -0.127157 0.275386 0.110177 0.015297 0.476001 -0.142449 -0.362862 0.242869 0.709416 -0.448728 -0.116279 0.249496 0.427020 -0.512546 -0.234569 -0.512622 -0.383135 0.534766 0.226106 0.636220 0.072838 -0.164159 -0.092885 -0.175028 -0.517995 0.189816 -0.326419 0.491524 -0.182360 0.568388 0.236664 -0.336987 0.322428 0.155156 0.507530 -0.723784 0.369257 -0.812989
main</w> 0.151766 -0.195805 0.339782 0.262864 0.079272 0.653129 0.032437 0.371782 -1.023341 -0.138775 -0.412962 0.408165 0.011183 0.649683 -0.301415 -0.265557 -0.076445 0.060144 -0.820434 0.141799 -0.273654 -0.385717 0.386557 0.217977 -0.096829 -0.048035 -0.568636 -0.078805 0.006537 0.269464 0.311103 0.186115 0.051358 -0.128254 -0.304937 -0.776246 -0.187892 -0.077388 -0.584818 -0.270148 0.181887 0.293493 0.299516 -0.284387 -0.382161 0.264552 -0.108961 -0.060889 -0.104376 0.234271
intel 0.270476 0.706161 0.653961 0.441689 0.283166 0.312205 0.014061 -0.199687 -0.470850 0.018301 -0.510483 0.599987 -0.553506 0.151162 0.071677 -0.445161 -0.317650 0.087917 -1.420842 0.676181 -0.661477 -0.661955 -0.425279 0.098637 -0.312307 -0.908371 -0.074268 0.618514 0.261161 0.407521 -0.674318 -0.647417 0.112683 -0.776329 -0.118635 -0.078089 -0.263935 -0.474415 0.638488 -0.459298 0.110905 -0.143194 0.447560 -0.228137 0.318487 -0.011667 0.126151 0.286752 0.376350 -0.148545
sing -0.176589 -0.235347 0.098089 -0.125476 -0.188289 0.243434 0.289264 0.337899 -0.672449 -0.675088 0.254730 0.446487 -0.343917 0.192912 -0.017663 -0.509801 -0.211780 -0.029763 -0.646286 0.059758 -0.174613 -0.078655 -0.004233 0.040218 -0.730541 -0.203661 -0.054297 0.181995 -0.004405 0.516853 0.054902 0.378481 0.195285 -0.112276 -0.216375 -0.492591 -0.165152 -0.599887 -0.084762 -0.535533 0.205068 -0.259426 0.417894 -0.873308 0.016899 -0.082015 -0.058774 -0.099238 0.289919 -0.359585
hol 0.136528 -0.168424 0.015831 0.423053 -0.557425 0.466203 0.294728 0.223319 -0.595742 -0.305053 0.261380 0.130987 0.122770 -0.017598 0.174564 -0.063728 0.573676 0.061568 -0.501028 0.598098 -0.224765 -0.255766 0.017897 -0.170542 -0.959696 -0.569937 -0.211179 -0.386029 -0.481635 0.510954 -0.269706 0.148417 0.457717 -0.100678 -0.160983 -0.119759 -0.071374 -0.135316 0.035259 -0.342444 0.136575 -0.297956 0.609723 -0.055980 0.239591 0.288757 -0.545882 -0.477174 -0.151787 -0.540389
inclu 0.369125 -0.009066 0.020413 0.267076 -0.160447 0.520923 0.020240 0.343326 -1.005775 0.331469 -0.230952 0.502014 -0.449469 -0.042284 0.414802 -0.347415 0.254550 0.021744 -0.154512 0.421190 -0.304325 -0.120372 -0.016693 0.220196 -0.401505 -0.311789 -0.108850 0.065572 -0.469371 0.460263 -0.177517 -0.050989 0.336201 -0.669679 -0.208615 -0.157816 -0.550475 0.244709 -0.411548 -0.156994 0.068467 -0.122936 0.477552 -0.118644 0.798794 0.341480 -0.151416 -0.501159 0.605862 -0.435488
val 0.614865 0.424524 0.416850 0.071957 -0.040984 -0.123279 0.475771 -0.231197 -0.466393 -0.148542 -0.096355 0.073627 0.122218 0.232149 0.436404 -0.445832 -0.361382 -0.183724 -0.692276 0.518818 0.074988 -0.462407 -0.111133 0.264545 -0.467604 -0.377879 -0.903279 0.306369 -0.196030 0.021116 -0.594159 0.393860 0.292901 -0.342651 0.327811 -0.878410 -0.409732 -0.181323 -0.241890 -0.597809 0.041990 -0.481326 0.199727 -0.250666 0.121156 -0.089402 -0.478321 0.423105 0.345411 -0.188167
sex 0.258574 0.019368 0.273740 -0.024078 -0.062039 -0.199627 0.175670 -0.331780 -0.883822 -0.312967 -0.081363 -0.112112 -0.161716 0.106920 -0.185598 -0.109821 -0.156049 0.002874 -0.364407 0.370263 0.369300 -0.214906 -0.353785 0.247115 -0.636809 -0.380823 -0.216905 0.278268 -0.178797 -0.230989 -0.535336 0.426026 0.365423 -0.390163 -0.192185 -0.577660 -0.274223 -0.039257 0.014710 -0.373526 0.209160 0.084096 0.215151 -0.193721 0.023504 0.107225 -0.554510 0.010790 0.196137 -0.084270
seeing</w> 0.282634 -0.175665 0.261152 0.312228 -0.230530 0.451672 0.254272 0.077560 -0.305051 -0.232233 -0.089342 0.253841 0.238264 0.262512 -0.117878 -0.325668 0.132698 -0.120313 -0.289099 0.343483 0.237575 -0.021018 0.400538 0.056447 -0.043555 -0.496906 -0.181288 -0.157651 -0.182454 0.034173 0.138662 0.342615 -0.223410 -0.051114 -0.242716 -0.395383 -0.308624 -0.387252 -0.400309 0.133558 -0.181962 0.557112 -0.114566 -0.098910 0.302861 0.159941 -0.033840 -0.446839 0.291767 -0.457001
read 0.063231 -0.284871 -0.235800 0.009898 -0.364006 0.471699 0.526334 -0.188156 -0.762659 0.168696 0.380073 0.337827 -0.028897 0.546965 -0.262233 -0.405968 0.461324 -0.161524 -0.261123 0.224302 0.002241 0.310740 0.122030 0.598742 -0.719918 -0.646959 -0.234659 -0.386814 -0.275922 0.317421 -0.570401 0.232463 0.242808 -0.352042 -0.095231 -0.228151 -0.453333 -0.677983 -0.355290 -0.035583 0.290717 -0.370405 0.288160 -0.493131 0.374062 0.005974 -0.105291 -0.363655 0.132546 -0.258566
table</w> 0.167360 0.449729 0.033502 -0.342146 0.190939 0.425016 0.418802 -0.045913 -0.565322 0.152771 -0.432341 0.171140 0.049418 -0.075541 0.019133 0.344588 0.077613 0.079422 -0.982870 0.579495 0.045999 -0.153420 0.072415 0.096623 0.252335 -0.301195 -0.297732 0.450632 0.536796 -0.165973 -0.198201 0.108522 0.290190 -0.143855 -0.081318 -0.326707 -0.417712 0.017213 -0.444847 -0.111035 -0.223633 0.697977 0.080137 0.213666 0.143403 0.437531 -0.413087 -0.188439 -0.142335 0.039620
um</w> 0.142302 0.547508 0.202668 -0.238589 0.006421 0.114258 0.544271 -0.229794 -0.590401 -0.083462 0.200516 0.393619 -0.140346 -0.091988 0.303346 0.244208 -0.302646 -0.035748 -0.575399 0.232454 0.050511 0.044666 -0.137839 0.777782 -0.021113 -0.818834 -0.014097 0.288964 0.252513 0.306508 -0.121452 -0.351239 -0.086863 -0.087406 0.347696 -0.395704 -0.127966 0.206469 -0.158397 -0.017343 -0.125044 0.365451 -0.577419 0.063219 -0.010068 0.681627 -0.485270 0.064817 0.000478 0.050113
perhaps</w> 0.053110 0.051672 0.247630 -0.059162 -0.109628 0.465041 0.268135 -0.323541 -0.740566 -0.214746 0.016411 0.555334 -0.024839 0.213856 -0.458792 -0.340424 0.307327 -0.218273 -0.136560 0.497367 0.021810 -0.173440 0.348885 0.225053 -0.126996 -0.424581 0.163137 -0.288726 -0.338753 -0.041426 -0.025743 0.146478 -0.149611 -0.283714 -0.417344 -0.199720 -0.520000 0.258020 -0.336873 -0.230507 -0.200565 0.457655 0.293729 -0.305972 0.098624 0.314577 0.111033 -0.301566 0.218690 -0.371795
christ 0.021388 -0.197353 -0.124771 0.204681 0.128894 0.257520 0.715286 -0.065074 -0.175159 0.188693 -0.244991 0.232003 0.454250 -0.292196 -0.598808 -0.220552 0.177205 -0.198730 -1.059923 0.294997 -0.133204 -0.374410 -0.570442 0.110005 -0.586320 -0.603175 -0.136225 -0.343472 -0.511549 0.052586 0.040420 0.272285 0.212643 -0.276270 0.033466 -0.607442 0.079664 -0.799047 0.262364 -0.474158 0.175343 0.106032 -0.304940 -0.424216 0.122171 0.105917 -0.559666 -0.123615 0.020777 -0.804173
wan 0.329597 -0.031401 0.046865 0.462492 -0.458408 0.408404 0.355218 -0.082470 -0.312752 0.533309 0.847686 0.149271 -0.288890 0.115484 0.120597 -0.061473 -0.035278 0.078409 -0.265906 0.134380 0.331575 -0.098403 -0.259794 0.085007 -0.420409 -0.566198 -0.507621 -0.036843 -0.169620 0.661017 -0.256572 0.832366 0.672245 -0.529921 -0.180372 0.317064 -0.494051 0.237161 -0.274178 0.337233 0.130351 -0.493463 0.362656 -0.279066 0.503074 -0.075006 -0.272669 -0.738699 -0.118996 -0.584086
hope</w> 0.330741 0.068591 0.324955 0.321989 -0.489557 0.350035 0.658264 -0.116783 -0.543233 -0.029018 0.666904 0.413317 -0.018540 0.352130 -0.045662 -0.119942 0.371446 -0.245885 -0.502128 0.424031 0.419064 -0.349928 0.190354 0.216330 0.079829 -0.482410 0.002261 -0.172232 0.060444 0.155289 0.084982 0.450249 -0.449940 -0.169426 -0.136402 0.248346 -0.334361 0.624471 -0.563304 -0.012176 -0.273899 0.354526 0.383146 -0.142167 -0.014362 0.158454 -0.027903 -0.509507 0.327522 -0.621268
along</w> 0.000582 -0.276711 -0.107523 0.288177 -0.287682 0.647654 0.468673 -0.002793 -0.588464 -0.101726 -0.096181 0.269541 0.028534 0.194128 0.134045 -0.099069 -0.080545 0.018311 -0.270388 0.207673 -0.243759 0.102760 0.083587 0.182251 -0.002313 -0.311197 -0.377983 -0.096254 -0.258969 0.366685 0.189846 0.018928 0.059253 -0.417583 -0.135045 -0.425801 -0.636931 -0.393496 -0.521669 -0.286023 0.054138 0.367719 0.572559 -0.371018 0.268241 0.006023 0.079023 -0.582392 0.476908 -0.263809
stre -0.118223 -0.105506 -0.063374 -0.039892 0.218795 0.126375 0.282245 -0.312050 -0.426984 -0.136507 0.417056 -0.217048 -0.120259 -0.079543 -0.170388 -0.624316 -0.055264 -0.182314 -0.612437 0.522400 -0.138436 0.160138 -0.426565 0.322107 -0.357621 -0.505736 -0.123412 -0.040753 0.430153 0.557126 -0.641424 0.224625 0.470446 0.014239 0.121998 -0.356670 -0.164610 -0.185062 -0.172499 -0.524465 -0.019919 -0.438760 -0.129052 -0.226688 0.019830 0.215314 -0.155849 -0.051892 0.078812 -0.548631
special</w> 0.023278 -0.087466 0.274997 -0.047292 -0.070654 0.493521 -0.162165 -0.123620 -0.955017 -0.230557 -0.179301 0.162366 -0.258101 0.290944 -0.082335 -0.067770 -0.009748 -0.105126 -0.366596 0.305135 -0.165577 -0.195924 0.191011 0.281132 -0.248148 0.016318 -0.037081 -0.048260 -0.217034 0.511919 0.255493 0.040108 0.059564 -0.143398 0.107401 -0.524797 -0.131687 0.064480 -0.398241 -0.001498 -0.367431 0.389890 0.421770 -0.239259 0.426332 0.018747 -0.102563 -0.362674 0.224806 -0.116972
favorite</w> 0.079185 -0.234924 0.260930 0.004519 -0.267795 0.603081 0.202021 -0.127047 -0.715032 -0.458956 0.017203 0.381280 -0.137057 0.165809 0.211762 -0.054591 -0.030911 -0.354394 -0.324540 0.225751 0.099307 -0.473186 0.227746 0.366621 0.069514 -0.362961 -0.066276 -0.148272 -0.163309 0.110112 0.090931 -0.001214 -0.031452 0.007087 -0.214634 -0.607003 -0.552030 -0.284382 -0.150214 -0.424430 0.017182 0.072262 0.117557 -0.710159 -0.309836 0.182514 -0.080132 -0.198802 0.015289 0.192877
fan</w> -0.012813 0.043321 0.368663 0.141715 -0.191828 -0.103903 -0.198272 -0.162037 -0.536210 -0.338810 0.344505 0.498189 -0.257613 -0.251951 -0.137722 -0.432777 0.196901 -0.402093 -0.909655 0.569702 0.156065 -0.135124 0.070426 0.144290 -0.559470 -0.297595 0.314080 0.126957 0.107105 0.219669 0.342863 0.534795 0.110306 -0.180694 -0.405712 -0.213686 -0.126285 0.067473 -0.217927 0.006311 -0.440566 0.025808 -0.143521 -0.767949 -0.167281 0.040324 0.075347 -0.130268 -0.037635 -0.085632
loc 0.252497 -0.228046 -0.242476 -0.016044 -0.128070 0.599500 0.422746 0.370963 -0.316469 -0.158050 0.495542 0.126880 -0.398001 0.366520 0.211671 -0.367914 0.268567 0.149760 -0.519946 0.205781 -0.319170 0.029074 -0.334696 0.138475 -0.008859 -1.063383 0.417792 0.096271 -0.041575 -0.070531 -0.121073 0.663260 0.297321 -0.213715 0.276842 -0.228139 -0.296081 -0.537579 0.213344 -0.905413 -0.206525 0.162279 0.527991 -0.370622 0.114353 -0.123319 -0.303776 -0.061269 0.060191 -0.169487
ordered</w> 0.064108 0.074923 0.114897 0.481509 -0.364285 0.589881 0.484991 0.031976 -0.545064 -0.462073 0.383149 0.796400 -0.163936 0.377244 0.034461 -0.417148 -0.145274 -0.418300 -0.320616 0.349407 0.465103 -0.516345 0.262936 0.562673 0.211935 -0.364008 -0.195433 0.123423 0.157652 0.170410 0.125240 0.354913 -0.388006 -0.124482 0.007960 -0.084398 -0.272316 0.070006 -0.490076 0.198324 -0.674600 0.416521 0.343146 -0.371463 0.330133 0.306428 -0.035689 -0.334053 0.242089 -0.775409
sn -0.155123 -0.088741 0.510295 0.071775 -0.223461 0.528681 0.214697 -0.392720 -0.390636 0.099718 0.394032 0.177734 -0.403179 0.023664 -0.229004 -0.440460 -0.325574 -0.385984 -0.232173 0.458336 -0.044338 -0.747996 -0.056631 -0.229264 0.115221 -0.554418 -0.041545 0.778605 -0.312230 0.427801 0.154987 0.505938 0.743664 0.170527 0.267838 -0.406241 0.037919 -0.259320 0.033093 -0.207086 0.348219 -0.016124 -0.043284 -0.507817 0.054762 -0.099116 0.056787 -0.040957 0.027718 -0.344510
extre 0.673777 0.047834 -0.310966 0.275711 -0.742225 0.224625 0.437105 -0.116194 -0.647882 -0.248869 -0.378100 0.373691 0.307116 0.069112 0.264780 1.085657 0.322025 0.602922 -0.687698 0.901718 0.123119 -0.237922 -0.243010 0.780155 -0.517912 -0.340539 -0.534236 -0.320492 -0.297839 0.194444 -0.191583 0.317791 0.138381 0.211601 -0.238932 -0.561502 -0.303943 0.116832 -0.484838 -0.406520 -0.026096 0.157873 -0.210782 -0.365325 0.193394 -0.234915 0.032892 -0.159981 0.283968 -0.472020
watched</w> 0.218359 0.286845 0.270443 0.385989 -0.258516 0.676222 0.408143 0.248664 -0.555243 -0.166171 0.128545 0.538329 -0.071317 0.124783 0.025848 -0.263963 0.060217 -0.196562 -0.400422 0.401361 0.559558 -0.201380 0.290392 0.463570 0.048017 -0.529120 -0.087222 -0.198812 0.201238 0.373057 -0.041942 0.636098 -0.629922 0.007838 -0.161557 0.222121 -0.120125 0.200621 -0.364385 0.326364 -0.493133 0.444693 -0.060994 -0.148967 0.273732 0.138095 -0.047918 -0.393859 0.330855 -0.918610
bed</w> -0.153765 -0.001105 0.261647 0.619597 -0.096430 0.128475 0.338166 0.144459 -0.220347 0.128481 -0.096877 0.139125 0.030277 0.330270 0.285974 0.191772 -0.030100 -0.308528 -0.934526 0.000712 -0.264637 -0.502182 -0.072279 0.216945 0.089419 -0.375526 -0.013911 0.340606 0.528231 0.242479 0.281474 0.321247 0.250032 -0.167571 0.172753 -0.161574 -0.128701 0.000241 0.013027 -0.186838 -0.267054 0.696530 -0.083115 -0.508761 0.486232 0.283262 0.034484 -0.472523 -0.090241 -0.082415
remember</w> 0.113703 -0.069573 0.371620 0.177540 -0.242195 0.512954 0.507049 0.106148 -0.720168 0.092623 0.427158 0.164412 -0.076005 0.317503 0.005752 -0.185369 0.108844 -0.136662 -0.544278 0.352744 0.334397 -0.308682 0.308839 0.113996 0.045741 -0.387801 -0.098951 -0.524527 -0.114891 0.180089 0.095676 0.541848 -0.120605 0.010067 -0.336587 -0.038722 -0.470081 0.371132 -0.475224 0.146432 -0.287061 0.306442 -0.038493 -0.341206 0.264854 0.304045 0.274852 -0.736388 0.117977 -0.468347
bs</w> -0.371265 0.275265 0.204367 0.084354 0.007265 0.330352 0.212349 -0.204233 -0.059015 -0.374879 0.082557 0.479048 0.131379 0.179696 -0.252988 0.108038 -0.124164 0.118012 -0.565502 -0.077834 -0.127823 -0.421977 0.008546 0.077054 0.137658 -0.846256 0.155633 0.110253 0.176831 0.112098 0.294257 -0.221173 -0.025889 -0.402669 0.058920 -0.599961 -0.164019 -0.083174 0.147193 0.013350 -0.274601 0.171627 0.037765 -0.291873 0.095423 0.617454 -0.296176 -0.135572 0.028059 0.046776
poor</w> 0.172359 0.036319 0.191182 -0.245742 -0.028534 0.246694 -0.090107 -0.101378 -0.465983 -0.225963 -0.294982 0.331061 -0.137856 0.026601 0.028011 -0.031260 0.288032 -0.015505 -0.595928 0.405297 0.022410 -0.017857 0.224282 0.259058 -0.386862 -0.224882 -0.075526 0.159856 -0.173835 0.157467 0.237866 0.344170 0.254521 -0.110605 -0.442245 -0.840348 -0.354225 -0.216675 -0.398514 -0.376299 0.071885 0.630474 0.056414 -0.182767 0.201321 -0.119100 -0.028763 -0.168592 0.052017 -0.172316
reviews</w> 0.058517 -0.271891 0.251799 0.280347 -0.207003 0.338689 0.427229 0.116112 -0.566118 -0.208915 -0.074968 0.638410 0.073266 0.457382 -0.183471 -0.485070 -0.045688 -0.263410 -0.434624 0.539090 0.151669 -0.375571 0.373141 0.342415 -0.016563 -0.202054 -0.244686 0.125246 -0.084669 0.305611 0.332996 0.149005 -0.072925 -0.209754 -0.205826 -0.095230 -0.502098 -0.068937 -0.421756 0.255386 -0.319405 0.293821 0.167363 -0.256296 0.316124 -0.036544 -0.112875 -0.060568 0.305915 -0.363853
comple 0.150055 -0.440858 0.305944 0.070568 -0.428953 -0.295572 0.412811 0.010446 -0.465981 -0.346022 0.128426 0.609923 -0.518663 -0.629622 0.015671 -0.259925 0.151567 0.073813 -0.515742 0.766019 0.033665 0.332253 -0.518218 0.454103 -0.126665 -0.113941 0.074610 0.122447 0.147655 0.557651 -0.285691 0.450353 0.066596 -0.404616 0.110193 -0.443013 -0.252784 -0.269125 0.160748 -0.654502 -0.144688 0.045400 0.265451 -0.466899 0.292166 0.031349 -0.031683 -0.417807 0.195553 -0.621720
problem</w> -0.046473 -0.168568 0.024974 0.007808 -0.242132 0.365243 0.395978 -0.126484 -0.638218 -0.477382 0.086795 0.659272 0.122782 0.048050 -0.321879 -0.215344 0.085471 -0.031884 -0.515022 0.535150 -0.009690 -0.086470 -0.087628 0.402711 -0.048170 -0.291800 0.070369 0.076328 -0.116341 -0.063727 -0.063629 -0.024233 -0.355936 -0.388578 -0.138981 -0.360605 -0.467248 -0.042994 -0.319833 -0.379071 -0.297536 0.264156 0.010508 -0.705215 0.040800 -0.066937 0.194391 -0.448140 0.396294 -0.537462
boy</w> -0.130991 -0.121422 -0.050844 -0.038953 -0.087895 0.274203 0.164175 -0.469679 -0.736525 -0.044652 0.129316 0.277784 -0.274196 0.177999 -0.428369 0.390755 0.236899 -0.061348 -0.570407 0.229728 -0.173043 -0.040943 0.006513 0.067871 0.272199 -0.315447 0.272697 -0.106532 0.084267 0.127732 0.225625 0.143773 0.255290 -0.118000 -0.190189 -0.538456 -0.015557 0.042581 0.012032 -0.014818 0.114593 0.161068 -0.076986 -0.454955 0.155028 0.259544 -0.047157 -0.118344 -0.047286 -0.266539
gh</w> 0.206993 0.581286 0.511259 0.156769 -0.230221 0.120383 0.931750 -0.459765 -0.417474 -0.244132 0.154125 0.020725 0.387130 0.418006 -0.096598 0.397285 -0.003123 -0.396427 -0.214996 0.089692 -0.089884 -0.460878 -0.071398 0.559163 0.234054 -0.661520 -0.081481 0.182624 0.121157 -0.004678 0.344254 -0.245044 0.058792 -0.374490 0.231475 -0.366192 -0.249194 0.077634 -0.092598 0.373909 -0.123192 -0.197016 0.136741 -0.516497 0.230262 0.588773 0.052061 -0.141637 0.054908 -0.938268
dea 0.246047 -0.695165 0.408228 0.219893 -0.319631 0.612426 -0.267195 -0.041284 -0.597000 -0.148577 -0.003730 0.528370 -0.504448 0.254217 0.229841 -0.711698 -0.291376 -0.059076 -0.347702 0.491013 -0.365250 0.227664 -0.011204 0.265169 -0.525737 -0.627688 -0.264441 -0.194177 -0.394623 0.691896 -0.246548 0.080155 0.007498 -0.321081 0.170833 -0.159402 -0.530625 -0.077294 0.164584 -0.563305 0.017725 0.069978 -0.064315 -0.434190 -0.160130 0.213756 0.025634 -0.641033 0.258174 -0.140349
guys</w> 0.364129 -0.015488 -0.014042 0.336676 -0.343291 0.541585 -0.080598 0.040764 -0.772317 0.118384 -0.091441 0.060504 0.279794 0.467576 -0.330182 -0.254440 0.350668 -0.209948 -0.121876 0.311667 -0.299800 -0.530071 -0.301642 0.531225 0.005702 -0.118400 -0.115747 -0.123142 -0.120658 0.373492 0.455134 0.363142 0.054051 -0.451957 -0.119586 -0.527753 -0.406940 0.091235 -0.264497 0.098523 -0.308484 0.389386 0.227516 -0.327102 0.435124 0.054835 -0.114281 -0.265225 0.546786 -0.254068
tting</w> 0.112935 -0.038638 0.423876 -0.072194 -0.562481 0.236172 0.467301 -0.057519 -0.377840 -0.146525 -0.079636 0.262949 0.234855 0.335538 0.351958 0.217638 0.002077 -0.394485 -0.891115 0.087261 -0.157449 -0.232718 0.415492 0.366689 0.295480 -0.458397 -0.684698 0.180984 0.241675 0.551363 -0.100341 -0.258419 -0.316970 -0.098876 0.149395 -0.856260 0.295269 -0.104626 0.149647 -0.314329 -0.216082 0.484325 0.202893 -0.125847 -0.242143 0.198069 0.041299 -0.000143 -0.205823 -0.221059
definitely</w> 0.231671 -0.226635 0.271109 0.432549 -0.353097 0.448861 0.255074 0.157285 -0.422825 -0.431906 -0.104818 0.443348 -0.003587 -0.031556 -0.058167 -0.021419 0.426171 0.107818 -0.167589 0.793927 0.208104 -0.319512 0.138567 0.306736 -0.050254 -0.452543 0.324540 -0.312972 -0.198552 0.425140 0.069782 0.243570 -0.441258 -0.124396 -0.196741 -0.365366 -0.143129 0.254212 -0.271275 -0.007084 -0.266550 0.839997 0.176422 -0.020558 0.312582 0.178024 0.118263 -0.236546 -0.017295 -0.664129
ement</w> 0.109957 -0.124422 0.652894 0.291240 0.394595 0.280694 0.537326 -0.374247 -0.153620 0.081028 -0.129771 0.604593 0.386255 0.252553 0.095749 0.128129 0.193290 0.076244 -0.822446 0.401710 -0.228926 0.037721 0.285997 0.380984 0.050790 -0.686875 -0.346441 0.030162 0.580043 -0.080111 0.258902 0.079424 -0.080382 -0.225230 -0.118179 0.063210 -0.581324 -0.183781 -0.775642 -0.155854 0.326767 0.383983 -0.340225 -0.292753 -0.212865 0.505197 -0.064371 0.356636 0.047406 0.262675
fec -0.025705 -0.324165 0.448948 -0.390347 -0.650401 -0.083816 0.367313 -0.210992 0.187914 0.074188 -0.328872 0.537859 -0.130283 -0.048658 0.717416 -0.107503 -0.231967 0.293187 -1.068127 0.974816 -0.385522 -0.271838 -0.599777 0.516874 -0.375085 -0.851215 0.129513 0.597728 0.279214 0.294116 -0.303553 0.674899 0.328700 -0.266983 0.041055 -0.444303 -0.693041 -0.019835 -0.711591 -0.427350 0.099344 0.258705 0.248764 0.411138 0.194778 -0.142277 -0.318689 -0.117230 0.080215 0.216344
possible</w> -0.063455 -0.010110 0.284191 0.250421 -0.026279 0.293206 0.950478 0.040209 -0.271019 -0.129368 -0.309305 0.113844 0.104317 0.040163 0.122681 0.271943 -0.056017 -0.053165 -0.734500 0.521011 0.036554 -0.097466 -0.242671 0.422537 -0.013763 -0.512753 0.099097 -0.201818 -0.405289 0.542841 -0.110010 0.387450 0.085644 -0.155086 -0.389859 0.025468 -0.382478 -0.124230 -0.508436 0.120716 0.170413 0.594709 -0.282490 -0.219392 0.561986 0.308095 -0.266722 -0.220175 0.198196 -0.291743
0s</w> -0.250507 -0.417683 0.635640 -0.030633 -0.023316 0.661390 0.179566 -0.251486 -0.981049 -0.707463 0.253877 0.564353 -0.362859 0.362737 -0.219652 -0.612126 -0.636074 -0.326049 -0.357222 0.007068 -0.017366 -0.284463 0.324359 0.091589 -0.043399 -0.891676 0.335876 0.048284 -0.135926 0.346681 0.267568 -0.042870 0.398339 -0.016667 -0.126674 -0.444296 -0.011996 0.005447 0.240006 0.169902 -0.361919 0.088563 0.161045 -0.680758 -0.035553 0.719759 -0.278247 -0.618301 0.457916 0.343864
wanted</w> 0.245115 0.054364 0.183434 0.490005 -0.233439 0.275058 0.787612 -0.146424 -0.237717 0.084894 0.075417 0.269553 -0.291202 0.478545 0.226897 0.383561 0.260398 -0.227534 -0.564327 0.504252 0.413771 -0.238007 0.274045 0.362124 0.081816 -0.559922 -0.272959 -0.080419 0.019700 0.576964 -0.164657 0.600680 -0.058546 -0.130533 -0.063072 0.094754 -0.223895 0.123231 -0.772930 0.471375 -0.418687 0.696129 -0.063441 -0.200337 0.403240 0.014887 -0.027574 -0.591353 0.069772 -0.685497
itself</w> -0.219262 0.042858 0.300801 0.408711 -0.008404 0.362259 0.260411 0.116384 -0.467374 -0.203294 -0.106176 0.366128 -0.170868 -0.004697 -0.183432 0.036598 0.050041 0.195333 -0.257240 0.410813 -0.266505 -0.150592 0.427483 0.217205 -0.411683 -0.338664 -0.404397 -0.004728 -0.210056 0.083618 -0.107530 0.076254 -0.215241 -0.283788 -0.201248 -0.625828 -0.168196 -0.288735 -0.213596 -0.420403 -0.007052 0.546005 0.042517 -0.124541 0.199935 -0.086449 0.046652 -0.312000 -0.050917 -0.343949
school</w> -0.112200 -0.049638 0.202011 0.233107 -0.108636 0.369625 0.176332 0.012628 -0.471043 -0.230706 -0.093024 0.263267 -0.087780 -0.142529 0.247532 -0.292382 0.033773 -0.209789 -0.591459 0.195127 -0.168354 -0.019916 0.082068 0.218937 -0.086042 -0.352331 -0.048305 0.045674 -0.007093 0.437265 -0.039666 -0.133121 0.197645 0.002604 -0.061678 -0.306182 -0.044604 -0.228641 -0.077559 0.110354 -0.257675 0.296335 -0.298157 -0.371416 0.016960 0.079484 -0.088901 -0.278779 0.003502 -0.299431
din 0.075140 0.833309 0.110598 -0.078945 -0.280346 0.215449 0.479771 -0.169258 -0.960483 -0.373457 -0.051842 -0.259883 -0.442979 -0.049116 -0.207075 -0.335645 0.242683 -0.011354 -0.427115 0.562618 0.073426 -0.338919 -0.013541 -0.022889 -0.564295 -0.456586 -1.040701 0.305023 0.307644 0.483961 -0.186279 0.450133 0.487604 -0.351080 0.309866 -0.279232 0.066459 -0.777847 -0.227443 -0.029870 -0.000473 0.213217 0.096333 0.012489 0.006033 -0.098112 -0.178291 0.067588 -0.265834 -0.577832
ket</w> 0.132066 0.130308 0.613861 0.069695 -0.032239 0.357654 0.079078 -0.252827 -0.402051 -0.187722 -0.095281 0.019805 -0.210076 -0.083606 0.170978 -0.085499 0.103132 -0.361792 -0.731467 0.445616 -0.192572 -0.316198 0.103141 0.240812 0.394398 -0.607906 0.036658 0.125223 0.703003 0.085385 0.301633 0.088954 0.216819 -0.440636 0.110772 -0.651935 -0.230194 0.004957 0.113761 -0.211408 -0.549261 0.812611 -0.211038 0.014980 -0.762175 0.229279 -0.051594 -0.143142 0.102154 -0.088547
brand</w> 0.171820 -0.135422 0.375757 0.421665 -0.221527 0.259524 0.289145 -0.033205 -0.291484 -0.378108 0.310716 0.332715 -0.005882 0.231625 -0.256628 -0.554656 -0.162878 -0.178365 -0.448144 0.086264 0.125981 -0.209921 -0.031371 0.287979 0.016735 -0.222673 0.042742 -0.159430 0.080906 -0.009357 -0.045887 0.341180 -0.251388 -0.187309 -0.302550 -0.387768 -0.143326 -0.257684 -0.468096 -0.166671 -0.072964 0.246525 -0.069520 -0.533634 -0.128171 0.147710 -0.031281 -0.159150 0.321102 -0.153567
dv -0.027450 -0.414219 0.274729 0.363956 -0.191960 0.572590 0.203677 0.016604 -0.923028 -0.360912 0.625693 0.284138 -0.679464 -0.039107 -0.127268 -0.732067 -0.089220 -0.112446 -0.559712 0.834094 -0.150899 -0.106918 0.417016 0.185989 -0.067537 -0.573440 -0.215017 -0.032225 -0.697196 0.722035 -0.149939 -0.061848 -0.127056 -0.025687 -0.227211 0.637039 -0.130428 -0.250495 -0.172893 -0.259883 -0.151560 -0.200041 0.237300 -0.157886 0.243184 0.293550 0.348051 -0.438229 -0.148008 -0.503969
stra 0.025382 -0.407911 0.029906 0.180278 -0.060196 0.143371 0.445047 -0.031222 -0.305831 0.165704 0.271031 -0.196097 -0.168865 0.031950 -0.038625 -0.512823 0.183253 0.134232 -0.292479 -0.139419 0.113749 -0.116009 -0.585320 0.024842 -0.555651 -0.461203 -0.423242 0.167262 0.126085 0.466092 -0.156486 0.239522 -0.249747 -0.403990 0.066131 -0.522887 -0.059966 -0.118813 0.028471 -0.329782 -0.073746 0.045151 0.454268 -0.434244 0.318353 0.309940 0.160318 -0.055350 0.240270 -0.562266
couldn</w> 0.386557 0.254010 0.593863 0.338027 -0.527100 0.914349 0.743656 -0.003441 -1.038939 0.242709 0.723558 -0.129890 -0.038704 0.353801 -0.371751 -0.225193 0.671351 0.073111 -0.339472 0.118795 0.549045 -0.302217 0.264260 -0.076853 -0.284034 -0.885087 0.279264 -0.695890 -0.173292 0.490845 0.019392 1.254461 -0.181909 -0.294104 -0.414233 -0.246121 0.314549 0.945204 0.109017 0.175312 -0.437457 0.046329 0.446129 -0.336100 -0.178272 0.425558 -0.040618 -0.487797 0.105051 -0.776034
several</w> -0.031664 -0.232994 0.136865 0.197425 -0.301384 0.340260 0.215922 0.051442 -0.442089 -0.216719 -0.024253 0.338170 -0.021174 0.255712 0.100272 -0.103130 0.003436 -0.254192 -0.186008 0.407228 -0.210210 -0.055874 0.424474 -0.015770 -0.010553 -0.471542 -0.718511 0.210238 -0.087420 0.277913 0.406552 0.122990 0.283426 -0.368324 0.157563 -0.355668 -0.222340 -0.113852 0.006212 0.289901 -0.330725 0.271704 0.228674 -0.293378 0.524360 0.065130 -0.519348 -0.041613 0.004241 -0.045483
cup</w> 0.204722 -0.093698 0.436727 0.093002 -0.062363 -0.014309 -0.222228 -0.222300 -0.453109 -0.396247 0.135038 0.359506 -0.244927 -0.038005 -0.077147 -0.367582 -0.220650 -0.455382 -0.650969 0.304530 -0.089309 -0.296773 0.018955 0.142982 -0.382400 -0.283595 0.077506 0.298629 -0.330699 0.280135 0.227917 0.016322 0.001817 -0.365352 -0.223241 -0.388767 -0.156670 -0.268796 -0.089150 -0.080999 -0.281199 0.196485 0.028654 -0.695113 0.241647 0.062616 0.232519 -0.160194 0.112312 -0.280967
written</w> -0.093342 -0.038108 0.025910 -0.014718 -0.064964 0.245279 0.400273 -0.006071 -0.623872 -0.047017 -0.157584 0.262951 -0.291443 -0.110446 -0.092041 0.122310 -0.040170 0.052314 -0.491902 0.506311 0.211638 0.132254 0.042467 0.228811 -0.378624 -0.124477 -0.184393 -0.194849 0.180172 0.198418 -0.205612 0.453523 0.278022 -0.056366 0.136461 -0.302188 -0.213879 -0.031609 -0.113110 -0.115431 -0.309817 0.559897 -0.184638 -0.111535 0.473553 -0.096956 -0.452598 -0.451686 0.278583 -0.706080
exam 0.176113 -0.194282 0.286724 -0.103667 -0.066350 0.278525 -0.006642 0.017627 -0.525102 -0.307496 -0.174400 0.815064 -0.062565 -0.325889 -0.134596 -0.224877 0.047139 0.058034 -0.409871 1.248361 0.156067 0.175896 -0.182747 0.356740 -0.277675 -0.725766 -0.237951 0.385811 -0.575003 0.353406 0.188906 -0.382881 0.456078 -0.821132 -0.067703 -0.624470 -0.728933 -0.845479 -0.231253 -0.030083 0.537089 0.273510 0.025384 -0.015104 0.362750 -0.567336 -0.276123 -0.264481 0.389094 0.183774
kers</w> -0.255118 0.608156 0.228145 -0.154492 0.203652 0.527429 0.221439 -0.169917 -0.345720 -0.231207 -0.285964 0.205838 0.514598 0.030400 -0.222972 0.126642 0.421666 -0.080003 -0.544858 0.212771 -0.229690 -0.400862 0.096390 0.433269 -0.030071 -0.887444 -0.300726 0.146201 0.123906 0.067296 0.184630 0.067588 0.471004 -0.233694 0.031326 -0.132487 0.143404 0.191885 0.425438 0.025473 -0.460607 0.435076 -0.240885 0.033727 0.116080 0.427176 -0.076105 0.395091 0.372391 -0.611317
foo -0.068544 0.345858 0.207327 0.400737 -0.653935 0.530556 -0.320951 0.162812 -0.340197 -0.206825 0.352239 0.227801 -0.034269 -0.315604 0.178805 -0.276320 0.230793 0.169043 -0.840002 0.334015 -0.237626 0.160338 -0.275223 0.694915 -0.221573 -0.243961 -0.225606 0.380064 0.112339 0.892886 -0.180480 0.466862 0.198798 -0.599625 -0.339880 -0.284120 0.075268 -0.124616 0.320306 -0.147463 -0.285914 -0.356877 0.332703 -0.625688 -0.002065 0.148534 0.223722 -0.376225 -0.285120 -0.062544
ton</w> 0.144768 0.255047 0.196385 0.016318 0.076874 0.482982 0.319697 -0.563409 -0.651167 0.068581 0.292325 0.304832 -0.184667 -0.148290 -0.518876 0.248549 0.276822 -0.009611 -0.465684 -0.017395 0.073871 -0.105921 -0.104063 0.210647 -0.054530 -0.891923 0.185655 -0.040055 0.612723 0.119078 0.210005 -0.467701 0.484041 -0.106907 0.007212 -0.244277 0.371825 -0.100867 0.146760 -0.080490 -0.265799 0.076960 -0.042278 -0.585243 -0.372252 0.639367 -0.214380 0.001652 -0.258556 -0.316102
free</w> -0.092746 0.151950 0.156200 0.345008 0.011089 0.154963 0.447464 -0.052170 -0.587143 -0.236551 0.063713 -0.023243 -0.192637 -0.424827 0.392456 -0.035910 -0.114541 -0.104535 -0.412050 0.323766 0.113293 -0.214705 -0.046142 0.439846 -0.316733 -0.415842 0.030392 -0.139547 0.052823 0.115526 0.012663 -0.254672 0.155916 0.102332 0.071374 -0.302718 0.131273 -0.116435 0.039844 -0.018392 -0.440888 0.361144 0.024337 -0.228006 0.093773 0.250255 -0.198046 -0.077458 -0.150338 -0.341621
nor -0.109598 -0.039822 -0.379172 0.422449 0.259758 0.337705 0.426180 -0.336189 -0.338698 -0.163317 0.206916 0.113601 -0.029827 -0.229135 -0.186667 -0.609916 0.141382 -0.225323 -0.836545 0.449308 -0.252732 -0.052111 -0.365704 0.013161 -0.991672 -0.673109 -0.012373 -0.494978 -0.116560 0.329536 -0.118048 0.173947 0.152153 -0.142723 0.064094 0.447187 -0.166168 -0.262467 0.381793 -0.323875 0.189319 -0.125929 0.404281 -0.416501 0.308785 0.457181 -0.491271 -0.421895 -0.167594 -0.550857
mean</w> 0.007184 0.348096 0.302178 0.138943 -0.421783 0.426718 0.578717 -0.050531 -0.572247 0.101138 0.527328 0.197571 -0.064285 0.239229 0.037631 0.054601 0.529656 -0.252053 -0.352905 0.198924 0.482741 -0.195815 0.171299 0.237374 -0.044323 -0.537264 0.027072 -0.238747 0.086064 0.308205 0.083453 0.503035 -0.385858 -0.441478 -0.332174 0.051878 -0.227942 0.664300 -0.531985 0.199902 -0.370540 0.615795 0.317853 -0.184930 0.333599 0.387845 0.071299 -0.639653 0.168172 -0.561833
incre 0.223609 0.202558 0.004582 0.515545 -0.069713 0.202892 0.589187 0.041095 -0.761207 0.048303 -0.346443 -0.073724 -0.427565 -0.304038 -0.096271 0.231235 0.251876 0.398926 -0.776291 0.559016 0.383267 0.128620 -0.213533 0.839898 -0.277989 -1.019592 0.287695 -0.424806 -0.044675 0.208632 -0.754390 0.059158 -0.501916 -0.170717 0.443425 -0.503225 -0.438424 -0.115832 0.098546 -0.373300 -0.219748 0.079329 -0.428932 -0.176988 -0.037224 -0.243562 -0.252629 0.694492 0.793700 -0.778752
gir 0.051548 -0.108113 -0.152314 0.115096 -0.582553 0.482010 -0.318914 0.030479 -0.797640 -0.157187 0.415110 0.397726 -0.650543 0.503068 -0.338886 -0.351352 0.131688 0.214832 -0.419231 0.066952 -0.356623 -0.162239 -0.071693 0.364291 -0.203057 -0.462880 -0.021577 -0.391950 -0.472049 0.240319 -0.103315 0.184909 0.809062 -0.163204 -0.060702 -0.443645 -0.040357 -0.446453 -0.015433 0.215153 0.056738 0.121093 0.492483 -0.700251 -0.721037 0.354502 0.131767 -0.269481 -0.357874 0.028343
comp 0.027999 0.134816 0.522384 -0.017859 -0.374682 0.282179 0.689710 -0.248993 -0.436269 0.839753 0.160269 -0.067574 -0.111248 0.137454 -0.345566 0.378054 0.019813 0.002491 -0.525040 0.616278 0.070585 -0.259148 -0.117304 0.429431 -0.366654 -0.119540 -0.088032 0.194538 0.063237 0.305960 -0.040865 0.569761 0.753458 -0.071615 0.274136 -0.383855 -0.233726 -0.418402 -0.181632 -0.216872 -0.297822 0.270318 -0.147453 -0.089835 -0.049571 -0.162612 0.132562 0.551909 0.149929 -0.248534
invol 0.694459 -0.260213 0.215227 0.596228 -0.141664 0.186423 0.310841 0.842859 -0.762338 -0.201901 -0.377225 0.078806 -0.264279 -0.115339 0.171291 -0.284519 0.576573 -0.018385 -0.333534 0.878266 0.170465 0.000101 -0.032138 0.021099 -0.104022 -0.358114 -0.548490 -0.083307 -0.299621 0.330779 0.304619 0.391135 0.145535 -0.412817 -0.100882 -0.206459 -0.500957 -0.209033 -0.365741 -0.384165 -0.083891 0.386079 0.416379 0.155143 0.088261 -0.153654 0.134407 0.055642 0.193281 -0.487488
particul 0.042664 0.003666 0.545736 0.747794 -0.266264 0.662961 0.395381 0.308008 -0.568807 -0.315194 0.306910 0.175024 -0.060108 -0.244904 0.031077 -0.552971 0.153083 -0.299104 -0.004479 0.552851 0.068433 -0.018498 0.239898 0.145396 -0.600634 -0.475917 0.070851 -0.624398 0.455798 0.229179 -0.016076 0.813305 -0.139520 -0.201345 0.072134 -0.725169 0.181252 -0.106609 -0.654359 -0.325390 -0.053201 0.103068 -0.188205 -0.640155 0.438442 -0.236095 -0.337240 -0.461943 1.154135 -0.314471
taking</w> 0.006654 -0.172533 0.161345 0.224274 -0.282205 0.225084 -0.091368 -0.018858 -0.535396 -0.101827 -0.214842 0.171961 -0.222126 -0.001482 0.120103 0.000528 0.078200 -0.082658 -0.461892 0.256924 0.098219 -0.212670 -0.044662 0.307994 0.059418 -0.336703 -0.365320 -0.013007 0.128022 0.410089 0.102425 0.359042 0.101867 -0.402477 -0.023370 -0.465920 -0.282426 -0.226507 -0.134681 0.048538 -0.203880 0.352787 0.069018 -0.356447 -0.041771 -0.096967 0.208772 -0.239433 0.166153 -0.199516
bur 0.115360 0.146538 -0.107633 0.366788 -0.256865 0.210523 0.111210 -0.152395 -0.162801 0.129745 0.497562 -0.029199 -0.517388 -0.328218 0.242390 -0.184394 0.147452 0.269251 -0.676903 0.224123 -0.020984 -0.372293 -0.466427 0.072659 -0.593693 -0.672666 0.079142 -0.074515 0.207441 0.353052 -0.380372 0.152831 0.418782 -0.570356 -0.405864 0.227654 -0.045545 0.076947 -0.021208 -0.080664 -0.142274 -0.125622 0.329910 -0.281222 0.020043 0.016936 -0.010986 -0.292808 -0.119456 -0.560371
tastes</w> 0.494803 0.124735 0.271038 0.429705 -0.093082 0.680891 0.090693 -0.177610 -0.023706 -0.160453 0.049634 0.315741 0.249301 -0.109158 -0.290262 -0.381144 0.050368 -0.225720 -0.279089 0.510968 0.165218 -0.103703 0.152857 0.338270 -0.407773 -0.535227 0.339116 0.336916 -0.011216 0.158934 0.224434 0.566093 -0.062791 0.017754 -0.364727 -0.313942 -0.284062 -0.067509 -0.205205 0.217317 0.132212 0.831716 0.027947 0.056149 0.124346 -0.193069 -0.449015 -0.225945 0.434346 -0.569461
ils</w> 0.173215 0.801026 0.025991 0.163416 0.209845 0.125441 0.140975 -0.037056 -0.408565 -0.347731 -0.160859 -0.300257 0.376184 -0.208847 0.494378 0.396177 0.014613 -0.116196 -0.979751 0.137325 0.330244 0.032768 0.277712 0.374143 -0.547142 -0.738408 -0.248199 0.428028 0.511787 0.473606 -0.069208 0.429185 0.054723 -0.195335 -0.215284 -0.324847 -0.189989 -0.140753 -0.089536 -0.130939 -0.047647 0.816906 -0.575884 0.017817 0.410036 0.403863 -0.048269 0.008356 0.351822 -0.445246
cho 0.015896 -0.120760 0.283176 -0.119272 -0.299388 0.108476 0.195395 -0.252392 -0.221277 -0.137698 0.122230 0.590711 -0.487293 -0.210323 -0.464860 -0.310073 0.052007 -0.250141 -0.383221 0.779827 -0.143236 -0.409476 -0.186540 0.172011 -0.338582 -0.321407 -0.021139 0.195130 -0.143199 0.822437 -0.449881 0.445679 0.300989 -0.168503 0.371987 -0.389636 -0.336334 -0.679735 -0.210900 -0.241314 0.076664 0.072979 0.065357 -0.061401 -0.116529 -0.315770 -0.327431 0.121081 -0.194020 0.017635
until</w> 0.029054 -0.059096 0.047610 0.092212 -0.428116 0.586169 0.269299 -0.070674 -0.527103 -0.204205 -0.055584 0.552602 -0.322952 0.131385 0.160283 -0.314545 -0.111931 -0.333468 -0.175967 0.139573 0.117188 -0.144750 0.355048 0.278582 -0.058842 -0.333021 -0.268650 -0.095260 -0.148232 0.369252 0.207508 0.306289 -0.192341 0.132100 0.195261 -0.081835 -0.344721 -0.052800 -0.326541 0.159411 -0.048585 0.362657 0.555496 -0.140791 0.036959 0.293251 0.019803 -0.267388 0.135156 -0.305420
ish</w> 0.262225 0.297702 0.539808 0.018648 0.157807 0.496331 0.718422 -0.873249 -0.204228 0.243454 -0.068926 -0.040569 -0.177735 -0.018846 0.048314 -0.186534 0.190833 -0.085941 -0.544208 -0.106942 -0.082244 0.283158 0.229800 0.207355 0.009906 -0.538275 -0.397463 0.357199 0.497231 0.092131 0.266817 -0.335255 0.546639 -0.051009 -0.204101 -0.579884 -0.346825 0.131783 -0.323841 0.167396 -0.060118 0.382575 -0.248646 -0.244284 0.192464 0.508444 0.047027 0.017646 -0.115462 0.128674
believ 0.302847 0.465535 -0.051435 -0.216512 -0.357178 0.611315 0.726903 -0.011302 -0.385477 0.274709 0.191496 -0.224012 -0.243662 -0.332386 -0.446851 0.210606 0.315722 -0.281743 -0.420526 0.392345 -0.082358 -0.168881 0.175382 -0.006117 -0.444475 -0.631467 -0.243199 0.021441 -0.278472 0.526089 0.026208 0.961490 0.284712 -0.429010 -0.087115 0.076736 -0.552282 -0.417942 -0.969543 -0.442787 0.157229 -0.156040 0.313458 -0.084578 0.413216 -0.413388 -0.406766 0.008251 0.447061 -0.786608
ver</w> 0.084900 0.603649 0.448726 -0.162871 -0.161702 0.210081 0.280525 0.195411 -0.529908 0.225886 0.016056 0.214426 0.314975 0.081934 -0.358530 0.217992 0.144532 0.306271 -0.649197 0.217527 0.366758 -0.348768 0.226996 0.266390 0.001828 -0.747568 -0.158074 0.038382 0.292445 0.301838 0.334786 0.002435 0.066499 -0.436327 0.108423 -0.167610 -0.043275 0.026988 -0.230404 -0.280577 0.001820 0.431498 -0.380540 0.113144 -0.239573 0.929428 -0.026005 0.241566 -0.251283 -0.428756
da</w> 0.199269 0.085140 0.124867 0.029868 -0.066654 0.153981 0.471949 -0.146718 -0.306595 -0.174282 -0.161202 0.388449 0.186188 0.048916 -0.387479 0.414391 -0.034479 -0.079776 -0.342350 -0.042275 -0.284314 -0.001155 -0.113601 0.351514 -0.086864 -0.709859 -0.137108 0.095614 0.465369 0.078876 0.276419 -0.022342 0.263346 -0.189389 0.138389 -0.487819 0.080972 0.177804 0.201578 -0.135682 -0.115698 0.257938 0.102852 -0.126155 -0.494006 0.609099 -0.560337 0.345444 -0.174770 -0.190968
bri 0.084649 -0.379833 0.026380 -0.191027 0.063016 0.114289 0.452461 -0.263048 -0.914979 -0.214392 0.379259 -0.123434 -0.156020 -0.225750 -0.350668 -0.235540 0.172257 -0.289493 -1.032190 0.280686 -0.225620 0.180775 -0.296002 -0.140216 -0.505821 -0.494440 -0.075543 0.035096 0.288461 0.279946 0.023136 0.281508 0.718136 -0.352613 0.158848 0.101008 -0.123693 0.136582 -0.223558 -0.112510 0.002945 -0.548524 -0.299191 -0.556777 0.210614 0.163687 0.316800 -0.029820 -0.049991 -0.090645
begin 0.195436 -0.512354 0.287407 0.445249 -0.420238 0.322229 -0.095720 0.053386 -0.660570 -0.210925 0.179880 0.571480 -0.631711 0.751106 0.080947 -0.638212 0.231749 -0.126217 -0.651766 0.515166 -0.444431 -0.511117 0.003814 0.212276 -0.725300 -0.428428 0.123592 -0.398427 -0.531457 0.714894 -0.386623 -0.101542 -0.060147 -0.430858 -0.344359 -0.383003 -0.449730 -0.376662 -0.406065 -0.212094 0.147583 0.415692 0.307604 -0.215169 -0.520145 -0.476753 0.285696 -0.913986 0.173140 -0.498255
amazing</w> 0.143058 0.023535 0.462071 0.091585 -0.136294 0.326728 0.299041 -0.419994 -0.364047 -0.219002 0.187876 0.413886 -0.157148 0.124052 -0.233303 -0.075021 0.306510 0.120908 -0.217961 0.229614 0.121298 -0.198882 0.020312 0.262099 -0.309525 -0.782623 0.545908 -0.141176 -0.216725 -0.098651 -0.053846 -0.108423 -0.160424 -0.265402 -0.389433 -0.506692 -0.355686 0.082808 -0.039546 -0.007593 0.009260 0.622427 0.206653 -0.181321 -0.038918 -0.085553 0.106364 -0.418425 0.313644 -0.321745
ff</w> 0.050167 0.623486 0.734963 -0.282756 0.032261 0.116001 0.279273 -0.312611 -0.307952 0.077890 -0.022329 0.233888 0.212675 0.285056 -0.058079 0.254221 0.075415 0.065860 -0.691946 0.042445 -0.186227 -0.228101 0.288852 0.208878 -0.208658 -0.614213 -0.156146 0.195353 0.348181 0.134032 0.132748 -0.015522 0.134436 -0.310624 -0.338819 -0.665815 -0.095186 0.238209 -0.017537 0.030426 -0.366139 -0.015817 -0.434615 -0.246327 -0.206615 0.584654 -0.313181 0.097288 -0.416097 -0.070084
completely</w> -0.049072 -0.024774 0.337516 0.164289 -0.196105 0.170006 0.438986 0.094765 -0.373930 0.114150 -0.004430 0.193808 -0.187713 -0.125720 -0.048850 0.117813 0.450225 -0.022912 -0.466562 0.219029 -0.091958 -0.174158 -0.087412 0.103537 0.133858 -0.302646 -0.101535 -0.063241 0.215265 0.367094 0.010092 0.348615 0.044356 -0.288334 -0.238231 -0.233421 -0.265413 0.101042 -0.202485 -0.173349 -0.066976 0.461993 -0.036514 0.035485 0.104369 0.003417 -0.065349 0.024228 0.184022 -0.389637
lig 0.322925 0.478724 0.570606 0.330539 0.738299 0.285020 0.204082 -0.393404 -0.571632 -0.043195 -0.271462 0.576208 -0.916543 -0.085964 0.284884 -0.392971 -0.341308 -0.185556 -1.232999 0.342666 -0.713018 -0.807417 -0.408192 0.132832 -0.577974 -1.027601 -0.321316 0.608528 -0.104477 0.119434 -0.737010 -0.455518 0.641305 -0.405912 0.038471 -0.198477 -0.203401 -0.302044 0.328095 -0.161020 0.548320 -0.088310 0.639283 -0.135775 0.488400 0.429249 0.198747 0.342321 0.345051 -0.009593
os</w> 0.001737 0.285428 0.343880 0.024136 0.363825 0.289164 0.457964 -0.272460 -0.523627 -0.134586 0.131103 0.075067 0.051073 0.163110 -0.157355 0.059685 -0.212117 0.060555 -0.483939 -0.085220 -0.126316 -0.308381 -0.170279 0.261857 -0.396869 -0.930134 -0.324946 -0.008678 0.119758 -0.102445 -0.325627 -0.157233 0.219624 -0.407594 -0.034360 -0.276295 -0.109749 0.150589 -0.141423 0.244921 -0.126316 0.146248 -0.580921 -0.219305 0.035531 0.539150 -0.223273 0.164975 0.357382 0.071007
add</w> 0.153469 0.106025 0.492862 0.148136 0.040903 0.189307 0.406200 0.076866 -0.500686 0.291172 0.140604 0.076095 -0.168541 0.267572 0.273755 0.121576 0.191215 -0.127142 -0.694827 0.272546 0.547864 -0.370958 -0.137444 0.087296 0.236809 -0.263240 -0.159200 -0.189798 -0.099145 0.329380 -0.120354 0.613627 -0.032762 -0.183360 -0.075919 0.010404 -0.398097 0.062201 -0.281608 0.120060 -0.054103 0.619345 0.155931 -0.226035 0.403356 0.312996 0.043848 -0.403558 0.209921 -0.590361
hot</w> 0.127994 -0.113779 0.263250 0.134023 -0.272173 0.112472 0.164447 -0.319750 -0.464783 -0.400898 0.109459 0.233046 0.079527 -0.213954 -0.145514 -0.070603 0.009361 -0.095469 -0.099040 0.385662 0.158585 -0.112681 0.191705 0.133649 -0.307212 -0.353313 -0.083926 0.030308 0.025040 0.078127 0.156306 0.358864 0.208672 -0.159492 -0.098119 -0.541063 0.145401 -0.057217 -0.149449 0.122691 -0.155359 0.358195 0.096563 -0.213959 -0.069651 -0.017144 -0.357324 -0.083601 -0.039176 -0.173635
company</w> 0.253450 -0.047140 0.095462 0.192019 -0.129851 0.241389 0.258268 -0.025254 -0.658555 -0.166823 0.208796 0.308092 -0.008606 0.378515 -0.274835 -0.260556 0.002056 0.239887 -0.554355 0.343729 -0.027842 -0.058449 0.110141 0.404488 0.129736 -0.300937 0.094887 -0.210458 0.008281 0.049931 -0.046306 -0.001505 -0.236759 -0.213900 -0.069740 -0.520866 -0.347705 -0.111206 -0.329657 -0.303937 -0.152164 0.632623 0.179321 -0.436208 0.077873 0.171507 0.150941 -0.273896 0.320982 -0.315670
disappointed</w> 0.084050 -0.010578 0.068858 0.031371 -0.515101 0.480047 0.766263 -0.109661 -0.312698 -0.343465 0.014857 0.209547 0.110561 0.166473 -0.119006 0.035637 0.367585 0.252127 -0.775995 0.839092 0.281490 -0.032249 0.263614 0.542868 -0.387256 -0.446657 0.242353 0.093876 -0.014000 0.168743 -0.035117 0.510377 -0.074013 0.023519 -0.488593 0.029423 -0.384258 0.103442 -0.470260 -0.604865 -0.167314 0.620289 -0.190247 -0.194145 0.106947 -0.285171 -0.166749 -0.653233 0.484374 -1.070505
loved</w> 0.449323 0.026377 0.148830 0.345969 -0.267249 0.410049 0.283347 -0.027291 -0.761678 -0.197327 0.127559 0.624231 -0.224270 0.323805 -0.011940 -0.323007 -0.090494 -0.352171 -0.259489 0.187950 0.751511 -0.406410 0.245734 0.248382 0.077769 -0.352235 -0.105579 -0.051665 0.200773 0.181501 0.234242 0.519827 -0.215479 0.140312 -0.186140 -0.201719 -0.325313 0.222510 -0.508004 0.200499 -0.450027 0.295921 0.440609 -0.109792 0.075118 0.229677 0.082355 -0.383187 0.442637 -0.643771
style</w> 0.174750 -0.118211 0.274866 0.033786 -0.208241 0.300344 0.122786 -0.157544 -0.674067 -0.292636 0.113741 0.287316 0.134060 -0.031031 0.276936 0.015523 -0.181155 0.025505 -0.629308 0.375906 -0.229972 -0.052226 -0.040478 0.126410 -0.507560 -0.277016 0.178965 -0.246546 0.079261 0.235978 -0.225833 -0.046164 0.061434 -0.129528 -0.285812 -0.345977 0.024833 0.058471 -0.060487 -0.338889 -0.275470 0.230306 -0.188009 -0.412868 -0.267678 0.348792 -0.237651 0.105300 0.188874 -0.139207
strong</w> 0.092238 0.061315 0.254156 -0.000978 -0.071701 0.033975 0.053363 -0.269019 -0.355716 -0.208076 -0.171341 0.170774 0.034457 -0.120410 -0.317709 0.171555 0.314533 -0.201759 -0.745246 0.372347 -0.171788 0.076928 -0.003379 0.028575 -0.356718 -0.484553 0.277123 0.157287 -0.002838 0.126788 0.350029 0.201222 0.285183 -0.051572 -0.272716 -0.437227 0.001369 -0.320700 -0.039802 -0.238012 -0.033823 0.569094 -0.045631 -0.236674 0.007094 0.075475 -0.050004 -0.194027 -0.078003 -0.478379
fla 0.384241 -0.516332 -0.124869 0.376923 -0.077609 0.407085 -0.216201 -0.176640 -0.362165 -0.250104 0.533568 -0.094471 -0.246872 -0.127713 0.000146 -0.352965 0.686844 0.214412 -0.179503 0.372533 -0.027247 0.331775 -0.526138 0.080339 -0.573488 -0.716251 -0.237281 0.062211 0.172097 0.474540 -0.120608 -0.060185 0.373460 -0.309544 0.105401 -0.528227 -0.064975 -0.158733 -0.109414 -0.411473 0.005941 -0.027710 0.172998 -0.324773 0.103295 0.216924 -0.048975 -0.242134 0.326228 -0.418965
hin 0.541261 0.174167 0.148756 0.376750 -0.222197 0.345868 0.096694 0.227055 -1.211153 -0.596518 0.451596 -0.019870 -0.419361 -0.185152 -0.456032 -0.133254 0.309388 0.290878 -0.543857 0.464869 -0.424089 0.011887 0.153068 -0.188094 -0.381470 -0.552861 -0.052334 -0.017071 -0.311185 0.755858 -0.321837 0.439356 -0.145225 -0.141272 -0.498020 0.103982 -0.000554 0.099207 -0.454947 0.161779 -0.106603 -0.917689 0.240625 -0.794688 0.148138 0.450003 0.114329 -0.544857 -0.340900 -0.610731
sil 0.508589 0.087486 0.002160 0.291621 -0.350676 0.205863 0.202991 0.244943 -0.457830 -0.155264 -0.309133 -0.001133 -0.060599 0.128833 -0.038823 0.091532 0.244170 0.001908 -0.965332 0.818606 -0.158327 0.186018 -0.088098 0.349165 -0.664214 -0.419905 0.018562 0.055983 -0.353099 0.152343 -0.307166 0.355033 0.044428 0.009991 -0.347830 -0.171607 -0.378071 -0.170580 -0.139818 -0.528736 -0.092298 0.000091 -0.243177 -0.036090 0.213690 0.042092 -0.125510 -0.035850 0.354387 -0.513962
stupid</w> 0.065285 0.129465 0.213803 0.043254 -0.087250 0.391629 0.003488 -0.196957 -0.783284 -0.149843 -0.143344 0.348506 -0.114119 0.074297 -0.254296 0.022523 0.227645 -0.111164 -0.299086 0.389295 0.102524 -0.137215 0.132999 0.325358 -0.023221 -0.175336 0.147308 -0.035480 -0.152662 0.170780 0.163804 0.097756 0.061081 -0.278065 -0.497475 -0.448988 -0.097939 0.024869 -0.345185 -0.221862 -0.107058 0.473677 0.151937 -0.146663 0.216534 -0.099356 -0.087755 -0.212814 0.215799 -0.338066
says</w> 0.204627 -0.034290 0.398033 0.453144 -0.118894 0.444504 0.101330 -0.049441 -0.547394 0.003234 0.366863 0.255124 -0.277063 0.179497 -0.269904 -0.116022 0.008462 -0.241993 -0.303819 -0.077877 0.428593 -0.277151 0.108157 0.015419 -0.146772 -0.393661 0.161831 -0.049482 0.113349 0.366326 0.065410 0.392480 0.003495 -0.272486 -0.349782 -0.125926 -0.298642 0.012640 -0.132764 -0.056842 -0.056557 0.239855 0.015467 0.086952 -0.069865 0.226216 0.068014 -0.614741 0.296953 -0.454384
budget</w> 0.059453 0.148190 0.290287 0.189140 0.128002 0.287911 -0.288036 -0.046783 -0.887763 -0.192882 -0.219638 0.556619 -0.278505 -0.112607 0.208071 -0.315131 -0.002899 -0.365812 -0.561876 0.650164 -0.231640 -0.060803 0.312447 0.499288 -0.362508 0.028074 0.283412 -0.029526 -0.032259 0.253015 0.349485 0.216460 -0.048145 0.124954 -0.406320 -0.664683 0.125618 0.211423 -0.229816 -0.152120 -0.254589 0.655574 -0.093946 -0.349247 0.060254 0.077247 -0.083542 -0.074246 0.175511 -0.311274
others</w> 0.056799 -0.220246 0.035769 0.120787 -0.172472 0.458199 0.552849 -0.003378 -0.574126 -0.113844 0.059616 0.330069 0.146596 0.166884 -0.309692 -0.003305 0.050843 -0.142610 -0.499049 0.626902 -0.233269 -0.231266 0.058202 0.305523 -0.042469 -0.168226 -0.179046 -0.025175 -0.297989 0.120125 0.205399 0.147986 0.496369 -0.169955 -0.340254 0.105415 -0.562093 0.157596 -0.409839 -0.022975 -0.448841 0.394858 0.170267 -0.314264 0.459666 0.236942 -0.306106 -0.317352 0.284162 -0.338884
ths</w> -0.124494 0.114785 0.312701 -0.005431 0.138888 0.411320 -0.025638 -0.187629 -0.725548 -0.660056 -0.027557 0.830997 0.055700 -0.009737 -0.058790 -0.029859 -0.511638 -0.622909 -0.645349 -0.193549 0.052767 -0.273202 0.142185 0.061103 -0.395767 -0.411957 -0.280533 0.801594 -0.300252 0.332728 0.450336 -0.135593 0.413117 0.069390 -0.110450 -0.594274 -0.091488 -0.364210 0.367915 0.055512 -0.398322 0.970893 -0.044497 -0.271508 0.376654 0.481025 -0.634511 -0.271536 0.267500 -0.197438
tech 0.226120 0.552694 0.169192 0.088699 0.116194 0.254004 -0.280794 -0.692796 -0.030232 -0.133040 0.394831 0.471229 -0.280540 -0.137773 -0.082975 -0.257201 -0.187389 0.512120 -0.752195 0.310394 -0.222798 -0.635693 -0.650569 0.412292 -0.604477 -0.780165 0.242155 0.266719 0.340809 0.143960 -0.202157 -0.097970 0.561021 -0.693087 -0.513650 0.060486 -0.166755 0.119479 -0.044649 -0.175223 -0.141288 -0.292311 0.237399 -0.371281 -0.028607 -0.052070 0.171303 -0.124528 0.019436 -0.437630
pped</w> -0.443295 0.552489 0.138306 0.420792 -0.124212 0.223940 0.251076 -0.056479 -0.494147 -0.060286 0.187991 0.188907 0.089491 0.025726 0.199432 0.095904 -0.019807 0.070668 -0.733850 -0.380380 0.169967 -0.329979 0.219580 0.565424 -0.158011 -0.770577 -0.399716 0.314814 0.174203 0.404070 -0.264676 -0.366106 -0.124423 -0.156469 -0.123712 -0.533974 -0.112884 -0.343835 -0.341144 -0.208956 0.065700 0.502549 -0.241448 -0.358832 -0.290424 0.460404 -0.099891 0.058340 -0.303680 -0.487885
thinking</w> 0.225752 -0.438067 0.260161 0.165964 -0.435803 0.470489 0.289392 0.302971 -0.419245 -0.214903 0.427674 0.199848 -0.029236 0.129175 -0.072664 -0.319572 0.253842 -0.214831 -0.332918 0.543799 0.170690 -0.684050 0.055799 0.293395 -0.253481 -0.368247 0.258332 -0.123812 -0.108560 0.144296 0.196953 0.312500 0.131963 -0.523050 -0.362861 -0.185846 -0.227807 0.184188 -0.279145 0.256623 -0.342104 0.405633 0.208658 -0.141803 -0.053844 0.139779 -0.040761 -0.196218 0.363943 -0.396679
laugh -0.002080 -0.305570 -0.177159 0.096511 -0.518650 0.191828 0.786635 0.029902 -0.454314 0.115765 0.339949 0.168638 -0.137481 0.128461 0.015519 -0.185523 0.577761 -0.022008 -0.154870 0.586138 0.034311 0.047635 0.107872 0.261722 -0.662716 -0.400628 -0.113612 -0.410708 -0.090790 0.910642 -0.091873 0.372268 0.027683 -0.449572 -0.154644 -0.286494 -0.293158 -0.246255 -0.196835 0.037157 0.000433 -0.102672 0.640888 -0.585112 -0.003991 -0.499932 -0.255499 -0.400714 0.119552 -0.447487
evi 0.440758 -0.289266 0.811133 -0.121837 0.028296 -0.058244 0.222054 -0.132327 -0.730308 0.073206 0.002955 0.848402 -0.364751 0.132866 -0.041839 -0.464350 0.552190 0.028947 -0.874904 0.367962 -0.437601 0.633631 -0.417735 0.294974 -0.340562 -0.459706 -0.284585 0.162063 0.548216 0.105566 -0.305556 0.630650 0.047111 -0.522712 -0.202633 -0.022331 -0.428799 -0.411805 -0.005339 -0.637056 0.053573 -0.499879 0.407397 -0.215430 -0.680341 0.559768 0.457613 -0.109015 -0.492099 -0.520430
episo 0.803480 -0.303233 0.212478 0.692662 0.245439 0.505810 0.226605 0.216386 -1.166961 -0.241147 -0.298077 0.545234 -0.427385 -0.082934 0.280387 -0.607466 0.281150 -0.131930 -0.403999 0.400262 -0.349477 -0.055395 -0.124330 0.007816 -0.641421 -0.169203 0.182171 0.362192 -0.335256 0.081502 -0.234642 -0.104651 -0.247767 -0.693923 -0.051614 -0.504537 -0.449387 -0.145157 -0.169292 -0.379769 -0.037784 0.059876 -0.064847 -0.118953 0.359839 0.229017 0.248532 -0.222526 0.698227 -0.332200
ast</w> 0.622435 0.251219 0.147250 0.274204 0.065338 0.336454 0.386999 -0.433722 -0.805887 -0.265754 0.209340 0.263578 -0.108365 -0.094975 -0.164117 0.522562 -0.097918 0.136022 -0.368336 -0.047859 -0.490435 -0.191485 -0.011066 0.042401 -0.155803 -0.526860 0.052256 0.249026 -0.195689 0.013633 -0.276442 -0.059910 -0.023639 -0.096180 -0.072618 -0.676372 0.061323 0.279054 -0.254458 -0.188843 -0.515581 0.108167 -0.071098 -0.716793 -0.193232 0.610118 -0.181173 -0.248132 -0.033743 -0.236012
pop -0.224986 0.188496 -0.034365 0.473204 -0.290122 -0.175999 0.286513 -0.222412 -0.401846 0.541294 0.197798 -0.118056 -0.484870 -0.387907 0.195350 -0.192786 0.024671 -0.126064 -0.530347 0.783218 -0.112096 -0.587388 -0.590618 -0.248496 -0.404642 -0.385853 -0.141091 -0.135593 0.289482 0.364561 -0.456006 -0.150811 0.341723 -0.212685 0.062301 -0.718464 -0.077792 -0.268120 -0.205929 -0.218279 -0.408317 0.272817 0.399366 -0.035746 -0.237822 -0.091997 -0.434268 -0.157925 0.079476 -0.260325
gave</w> 0.452633 0.290555 0.151213 0.431428 -0.246443 0.693194 0.352490 -0.145817 -0.636020 0.049768 0.151768 0.625730 -0.157528 0.459802 0.242451 -0.186233 -0.045069 -0.392696 -0.312667 -0.034149 0.821800 -0.437925 0.259399 0.123542 -0.061725 -0.528072 -0.335702 0.061069 -0.170003 0.424900 0.129255 0.400465 -0.366128 0.253443 0.105903 -0.043666 -0.610964 -0.087014 -0.312846 0.080725 -0.095576 0.255502 0.323511 -0.059995 -0.150866 0.238132 0.130684 -0.366139 0.350871 -0.507110
ined</w> -0.290047 0.439960 0.411197 0.222251 -0.058445 0.449357 0.136917 -0.103667 -0.092032 0.040946 -0.283850 -0.039103 -0.010971 0.439220 -0.014727 0.139938 0.180910 0.381643 -0.814026 -0.343186 -0.022706 -0.438148 -0.176779 0.226269 0.126004 -0.874454 0.202685 0.513378 0.583796 0.261189 0.042086 -0.037626 -0.048251 -0.712567 -0.157727 -0.364445 -0.441778 0.240447 -0.341388 0.135865 0.159045 0.547278 0.234608 -0.321909 0.256520 -0.068551 0.106055 -0.160246 -0.032774 0.045018
war</w> -0.037115 0.077189 0.290439 0.218182 0.104290 0.393911 0.040557 -0.337677 -0.526597 -0.440759 0.076012 0.510538 -0.144883 0.240585 -0.115071 -0.379626 -0.239802 -0.232958 -0.455490 0.313634 -0.343701 -0.215597 0.056267 0.344841 -0.565733 -0.393941 -0.106634 -0.077922 0.059683 -0.110354 -0.294862 -0.145733 0.036881 -0.096697 -0.222366 -0.302095 -0.216036 -0.154828 -0.080294 -0.010408 -0.114872 0.073401 -0.039567 -0.340133 -0.048530 0.092300 0.007563 -0.430356 -0.078362 -0.245924
ility</w> -0.148248 -0.271437 0.618369 0.371858 0.132950 0.023324 0.522021 0.177712 -0.285553 0.053794 0.393735 0.032525 -0.197487 0.691125 -0.076037 0.260841 0.024670 -0.224513 -1.345073 -0.299845 -0.265863 0.047252 -0.284814 -0.110156 -0.056058 -1.037982 0.098346 0.488734 0.469778 0.156659 -0.028858 0.543916 0.191006 -0.165174 -0.104071 0.224658 -0.023565 -0.080115 -0.017566 0.031802 0.192879 0.040610 -0.215329 -0.694329 0.043555 0.288211 -0.112016 -0.117936 -0.298404 -0.034808
fic 0.272274 0.654422 0.593802 -0.391676 0.052021 0.268311 0.294481 -0.527325 0.020076 0.051795 0.113395 0.785342 -0.314252 -0.110003 0.662526 -0.359432 -0.217485 0.440250 -0.661345 0.590578 -0.448323 -0.462812 -0.328520 0.328677 -0.731037 -0.693715 0.105986 0.725999 0.222925 0.371382 -0.412852 0.220314 0.329719 -0.716783 0.216931 -0.406459 -0.430087 -0.057944 -0.091105 -0.164746 0.183206 -0.466368 0.162246 0.385356 0.216027 0.023826 -0.121086 0.360782 0.137502 -0.129213
please</w> 0.705380 -0.235530 0.181883 0.250837 -0.417499 0.667863 0.576073 -0.308346 -0.390877 -0.343121 0.375627 0.310675 -0.209210 0.067689 0.204421 0.217066 0.236366 -0.100775 0.062134 0.267485 0.223513 -0.300387 -0.091156 0.343134 0.116688 -0.816094 0.111368 -0.021080 -0.293211 0.001283 -0.001107 -0.090858 0.557231 -0.417801 -0.039893 -0.077720 -0.234273 0.475578 -0.377710 0.136634 -0.430672 0.263512 0.581491 0.395071 0.648579 0.659910 0.242785 -0.248295 0.314522 -0.266708
truly</w> 0.250188 0.152164 0.267726 0.149656 -0.214077 0.212789 0.133274 -0.181731 -0.593777 0.098882 -0.048665 0.437905 -0.069415 0.023502 -0.335014 -0.015387 0.501433 0.308055 -0.350803 0.305870 0.245620 -0.177986 0.025963 0.068831 -0.066936 -0.437984 -0.159815 -0.018194 -0.066170 0.231501 0.095868 0.394302 -0.377990 -0.108329 -0.278492 -0.560189 -0.244250 0.180405 -0.270919 -0.027399 -0.148923 0.346188 -0.103161 -0.094080 -0.040611 -0.014261 0.248266 0.152452 -0.123196 -0.342766
plac 0.046453 -0.197886 -0.307674 0.277613 -0.050749 0.293425 0.992630 0.295658 -0.492135 -0.323372 0.259553 0.253600 0.023208 -0.195218 0.430041 -0.285770 0.189139 0.086590 -0.714238 0.327448 -0.004651 -0.219205 0.243745 0.322910 -0.513229 -0.164395 -0.350616 -0.235094 -0.095631 0.641987 -0.190524 0.413141 0.072577 -0.598758 0.151947 -0.062326 -0.600020 -0.560841 -0.833850 -0.221584 0.187861 0.052279 0.800929 -0.285259 0.225793 -0.106234 -0.208991 0.532388 0.215870 -0.566418
sol 0.407740 0.075870 0.256748 0.497159 0.037826 -0.085902 0.643233 0.197976 -0.764700 -0.158009 -0.018384 -0.018253 -0.551442 -0.109191 0.311964 -0.011506 0.007483 0.036380 -0.550584 0.466421 0.255585 -0.326848 -0.305923 0.239565 -0.357982 -0.597317 -0.219972 -0.020932 -0.075382 0.203147 -0.536677 0.172800 0.481264 -0.223085 0.325485 -0.324847 -0.408476 -0.279417 -0.516300 -0.061648 0.380690 -0.064042 -0.285992 -0.055170 -0.350113 -0.090591 -0.138700 0.551254 0.047132 -0.626489
sk -0.363109 -0.186493 0.261805 0.152452 -0.489523 0.138186 0.553433 -0.511420 -0.723144 0.193593 0.527616 0.314300 -0.300658 0.152384 -0.124358 0.188501 -0.020205 -0.161524 -0.578269 0.269700 -0.087244 -0.318027 -0.055165 0.011029 -0.295001 -0.452860 -0.310101 0.048490 0.100775 0.387475 -0.136018 0.399551 0.215141 0.019338 0.155526 -0.280765 0.070095 -0.174279 -0.436169 -0.317181 0.090162 -0.169079 -0.380939 -0.592217 -0.254733 0.042891 0.248785 -0.089963 -0.061892 -0.226435
han -0.224693 -0.289728 0.052414 0.363094 -0.464014 0.273458 0.057984 -0.103046 -0.476195 0.087393 0.514738 -0.036568 -0.573191 -0.136267 0.322922 -0.158842 0.255906 -0.183892 -0.501007 0.321849 -0.243051 0.048242 -0.144814 0.297176 -0.434057 -0.441647 -0.089257 0.116044 -0.296681 0.518561 -0.223512 0.176925 0.399106 -0.307189 0.209880 -0.170126 -0.506555 -0.103521 -0.295922 -0.111796 -0.329788 -0.446889 -0.099605 -0.581441 -0.004349 0.299836 0.156978 -0.283645 0.078455 -0.057678
land</w> -0.679233 0.165956 0.323271 0.168930 0.074316 0.245977 0.519305 -0.464390 -0.410961 -0.119470 0.187634 0.327680 0.119891 0.138988 -0.483668 -0.249654 0.167923 0.323749 -0.581930 -0.000078 0.027261 0.094142 0.209475 0.242191 -0.200188 -0.674149 -0.141765 -0.436570 0.537127 0.260862 -0.009956 -0.221789 -0.152764 -0.062403 -0.226687 -0.081424 -0.181005 -0.389608 -0.132219 -0.519770 0.080295 0.272757 0.122675 -0.586318 -0.087350 0.370657 -0.079077 0.148075 -0.081902 -0.234570
itter</w> -0.148793 -0.027126 0.053239 0.230406 -0.060639 0.226752 0.064930 -0.014597 -0.187960 -0.312149 0.163348 0.160710 0.103620 0.493277 -0.100598 -0.226442 0.320912 0.015047 -0.662047 -0.157795 -0.145274 0.024528 -0.212164 0.269791 -0.392801 -0.782347 0.475495 0.309014 0.233862 0.253660 0.232012 0.158753 0.316302 -0.520001 -0.260461 -0.253258 -0.027642 -0.034602 -0.038544 -0.014362 -0.023621 0.473820 0.546958 -0.444802 0.055570 0.240246 -0.142546 -0.516515 -0.399129 0.066092
fam 0.136036 0.097712 0.320646 0.277107 -0.391255 0.017451 0.125169 0.100605 -0.939619 0.573576 -0.121882 0.065094 -0.181219 -0.182475 -0.684597 -0.308771 0.516995 0.178382 -0.636596 0.589418 -0.200383 -0.193167 -0.655121 -0.206871 -0.542090 -0.364732 0.139652 -0.146846 0.260460 0.244323 -0.508699 0.382117 -0.274561 -0.454018 -0.028162 -0.599732 -0.107686 -0.494912 -0.396497 -0.563579 0.117285 0.057223 0.008223 -0.394711 -0.124609 -0.054167 -0.210594 0.234210 0.227833 -0.193936
person</w> 0.167015 0.097106 0.289864 0.357718 0.154842 0.197747 0.143963 0.192281 -0.681146 -0.198851 0.016964 0.312226 -0.199456 0.109830 -0.306064 -0.266374 0.088338 -0.039346 -0.722670 0.375978 -0.020795 -0.364268 -0.036191 0.117168 0.049945 -0.049247 0.035466 -0.055500 0.075281 0.181843 0.046661 0.218298 0.038855 -0.381054 -0.265899 -0.101030 -0.178385 0.039433 -0.400748 -0.062637 -0.078145 0.320193 0.086369 -0.446034 0.246835 0.045456 0.200816 -0.322266 0.290668 -0.472794
horrible</w> 0.008054 -0.057116 0.257518 0.076076 -0.233097 0.336355 0.211751 -0.192363 -0.457913 -0.446007 -0.125174 0.438773 0.080095 0.166033 -0.165578 0.141781 0.366776 0.129735 -0.343923 0.509841 0.133411 0.026881 0.232884 0.190965 -0.208445 -0.487501 0.125291 0.043058 -0.218167 0.071312 -0.072556 0.131910 0.069213 -0.126917 -0.437423 -0.560438 -0.287517 0.028374 -0.306584 -0.306079 -0.115088 0.498841 0.099452 -0.148777 0.296343 -0.140455 -0.110572 -0.371256 0.101939 -0.404600
ward</w> -0.238662 0.085279 0.558453 0.037498 0.305160 0.434523 0.584153 0.310331 -0.279365 0.155897 0.324747 -0.367674 -0.073409 -0.035273 0.064694 -0.216879 0.324017 -0.089201 -0.691634 -0.289190 -0.153719 -0.034939 0.354258 0.232717 0.402848 -0.838868 0.195943 -0.149514 0.481111 0.563600 0.239527 0.338801 0.334576 0.081883 0.075504 -0.267148 0.120703 -0.193816 -0.185495 0.086915 -0.269063 0.242969 -0.422674 -0.537126 -0.003992 0.653020 -0.058092 -0.391498 -0.483503 -0.090172
soun 0.202241 0.280817 -0.149000 0.459323 -0.250246 0.491891 -0.191791 0.227805 -0.574342 0.304103 0.178146 0.446563 -0.218613 0.200130 -0.023373 -0.599897 0.484904 0.239952 -0.742174 0.376958 -0.633659 0.202216 0.052839 0.523996 -0.207476 -0.637129 0.114790 0.025669 -0.245643 0.630332 -0.437638 0.161907 0.213908 -0.244043 -0.128695 -0.061748 -0.486659 -0.012545 -0.138321 0.486125 0.103102 -0.265511 0.525318 -0.335897 0.392052 0.062168 -0.245255 -0.694631 0.053380 -0.141294
stru -0.159002 -0.481875 -0.133547 0.516711 -0.039405 0.282660 0.284927 0.162292 -0.822795 -0.453071 0.163008 0.236039 -0.407228 -0.096153 0.495348 0.042145 0.019988 -0.103725 -1.005717 0.262497 -0.481967 -0.266633 -0.554891 -0.005951 0.049233 -0.321460 -0.227905 -0.007181 1.090266 0.036943 -0.453146 0.776960 0.448339 -0.332472 0.306671 -0.241586 -0.400021 -0.257224 -0.117716 -0.398538 0.086722 -0.160443 0.190962 -0.032895 -0.244198 -0.071008 -0.278633 -0.147179 0.334274 -0.228906
int 0.004944 0.358350 -0.056470 0.255341 -0.528303 0.516986 0.526549 -0.132014 -0.922702 -0.020584 -0.097953 -0.134379 -0.357949 0.262120 0.466466 0.217337 0.011531 -0.115065 -0.412360 -0.049772 -0.054579 -0.704721 0.048385 0.200614 0.126155 -0.531604 -0.308059 0.195631 -0.222440 0.199732 -0.550337 0.303926 0.429012 -0.087963 -0.099853 -0.565259 -0.014418 0.379774 0.111996 -0.440207 -0.347012 -0.294199 0.141842 -0.394309 -0.252073 0.035068 -0.294149 0.358830 0.096962 -0.101030
ft</w> 0.138507 0.704952 0.206956 0.232175 -0.127295 0.050884 0.128643 -0.389384 -0.071814 0.061916 0.062109 0.427062 0.055274 -0.212628 0.022623 0.349563 -0.133176 0.101402 -0.695480 -0.135725 0.283043 -0.539218 0.087087 0.264668 -0.105463 -0.748943 -0.118952 0.172563 0.179732 0.414999 0.394771 -0.451671 0.371849 -0.590670 -0.072817 -0.104457 -0.380357 -0.105498 -0.063852 -0.416531 -0.134106 0.493400 0.037415 -0.261031 0.066695 0.334269 0.055254 0.039848 0.056231 -0.685123
ili 0.464967 0.207851 0.319946 0.308363 0.001489 0.208011 0.081044 0.313973 -0.688391 0.268645 0.061891 -0.027138 -0.476921 -0.411651 -0.014685 0.342034 0.262361 0.256790 -0.791721 0.170987 -0.110940 0.355970 -0.579519 -0.251772 -0.784092 -0.984018 -0.023364 0.304871 0.620484 0.136510 0.113722 0.415061 0.254369 -0.092389 0.196443 -0.846111 0.278130 -0.084171 -0.168105 -0.544053 0.264798 -0.325987 -0.239790 -0.275344 -0.213192 -0.285486 -0.288735 0.144662 0.221999 0.152334
lish</w> -0.463565 0.170691 0.221213 0.023923 0.152491 0.309400 0.315553 -0.371724 -0.623833 -0.115368 -0.398034 0.208920 -0.336267 0.100582 0.220423 0.052797 0.015955 0.009883 -0.739790 -0.420997 -0.393451 -0.287388 -0.200188 0.107320 -0.256663 -0.326907 -0.359549 0.140915 0.447693 0.419018 -0.049519 -0.172257 0.105208 -0.024479 -0.213808 -0.723485 -0.098347 -0.352183 -0.524392 -0.185420 0.154215 0.771291 0.106456 -0.502937 0.147515 0.350991 -0.109697 0.265192 0.116561 0.256275
john</w> 0.113703 0.079219 0.247887 -0.050758 -0.069822 0.453330 0.175952 -0.208395 -0.453007 -0.111993 0.225786 -0.052612 -0.151776 -0.013847 -0.157709 0.153273 0.216380 -0.185507 -0.511813 0.175890 -0.348628 0.063209 0.009666 0.073999 -0.365497 -0.849987 0.128458 -0.006652 0.154016 0.076357 -0.013546 -0.089471 0.263387 -0.310465 -0.131373 -0.350505 0.204526 -0.243023 0.078516 -0.089034 0.046780 0.219023 0.061505 -0.104900 -0.418334 0.324226 -0.337234 -0.022920 -0.213912 -0.286254
drink</w> 0.176177 0.353135 0.051603 0.115223 -0.034380 0.320675 0.279781 -0.080876 -0.655619 -0.004430 0.529229 0.426324 0.016870 0.349420 -0.095426 -0.295361 -0.122471 -0.218497 -0.241258 0.410146 0.431081 -0.253341 0.397367 0.204903 -0.015985 -0.609540 -0.187177 -0.231057 -0.058389 0.249201 -0.122750 0.324663 -0.267747 -0.011292 -0.172209 -0.058453 -0.150920 0.088838 -0.239447 -0.104150 -0.360943 0.236155 0.068784 -0.319485 0.179398 0.197392 0.013950 -0.446682 0.187061 -0.576949
sle 0.157207 -0.002886 -0.115570 0.156641 0.265668 0.201892 0.321384 0.175034 -0.148678 0.088661 0.377622 -0.290340 0.451475 -0.000739 0.298450 -0.091332 0.193257 -0.176031 -0.712839 0.252313 0.313000 -0.051179 -0.288412 0.406764 -0.296211 -0.509879 -0.376148 -0.067699 0.268201 0.805740 -0.190218 0.737353 0.281750 -0.080456 0.053458 -0.319200 -0.061758 -0.309449 0.308650 -0.197223 0.296419 0.176409 -0.002563 -0.443798 0.505244 0.246636 0.011891 -0.151379 0.202738 -0.475308
med</w> -0.197565 0.334416 0.326582 0.287820 -0.209834 0.458989 0.502769 -0.408501 -0.530158 -0.047528 -0.184227 0.282635 0.099104 0.270355 0.000300 0.134757 0.052095 -0.130883 -0.485148 0.525914 -0.018719 -0.447856 -0.123056 -0.124079 -0.077040 -0.332234 -0.259500 -0.088485 0.856907 0.207396 0.163581 -0.120766 -0.046551 -0.178282 -0.334602 -0.106216 0.269133 -0.399157 -0.379865 -0.105913 -0.010834 0.642698 -0.255036 -0.185795 -0.257024 0.382153 -0.127945 0.096373 -0.172444 -0.048782
bul 0.116362 0.040822 -0.027128 0.007446 -0.473614 0.485700 -0.206336 -0.158545 -0.533029 -0.251732 0.417731 -0.016961 -0.222621 -0.194340 0.280712 -0.164284 0.100601 -0.032811 -0.821880 0.287658 -0.177333 -0.014399 0.204181 0.116973 -0.561334 -0.666036 0.106094 -0.052013 -0.135387 0.066000 0.007991 0.161103 0.156388 -0.264236 -0.023431 -0.236102 0.155830 -0.602165 0.054202 -0.168722 -0.148889 0.049368 0.182492 -0.113769 -0.192035 0.175978 0.165981 -0.197172 0.112275 -0.343615
ligh 0.121301 0.240150 0.033012 -0.078262 -0.466890 0.026447 -0.006039 -0.242577 0.118423 -0.085000 0.046707 0.346627 -0.316292 0.155646 0.249841 0.037671 0.365654 -0.010652 -0.660015 0.682264 -0.394496 0.252901 -0.477907 0.544617 -0.241151 -0.268797 0.089061 0.152832 0.041603 0.920383 -0.141369 0.755042 0.336501 -0.397743 -0.136317 -0.413468 -0.501932 -0.404534 -0.262602 -0.208497 -0.076116 -0.163258 0.472679 -0.019917 0.286219 0.422898 -0.380997 -0.529723 -0.173931 0.119141
plays</w> 0.050285 0.212631 -0.026383 0.210753 0.059210 0.230624 0.041870 -0.024101 -0.511780 0.061029 -0.031513 -0.023998 -0.249211 0.161697 -0.423513 -0.009418 -0.027226 -0.123545 -0.787536 -0.109328 0.435041 -0.266377 -0.062729 0.007988 -0.420130 -0.486131 -0.101620 0.062998 0.110588 0.329570 0.306704 0.485819 0.053853 -0.013733 -0.204434 -0.407572 -0.097339 -0.401099 -0.274715 -0.066060 0.270897 -0.011284 0.136828 -0.160899 -0.426495 0.010510 0.152637 -0.291460 0.066304 -0.346428
é</w> 0.033625 0.275833 0.200901 -0.078292 0.160338 0.559941 0.126088 -0.690682 -0.621737 -0.102464 0.303986 0.353346 -0.749303 -0.245534 -0.377889 -0.686611 0.190678 0.054246 -0.330033 0.911907 -0.124911 -0.435914 -0.042164 -0.145193 -0.855462 -0.899290 0.445238 -0.236397 -0.009831 0.249144 -0.075474 -0.074609 0.496761 -0.301270 -0.165824 -0.425836 0.666024 0.193005 0.453524 -0.016896 -0.336507 -0.536395 0.016264 -0.129258 -0.600813 0.326195 -0.093452 -0.200140 -0.334704 0.055237
search</w> 0.099638 -0.100954 0.208544 0.119914 0.212738 0.156284 0.812727 -0.136267 -0.221249 0.085897 0.276062 0.330117 -0.090104 -0.175436 0.075132 -0.157596 0.428417 0.001723 -0.963573 -0.005458 -0.128149 -0.609223 -0.197878 -0.022520 0.035763 -0.309268 0.024593 -0.193588 -0.028245 0.473405 0.009561 -0.021979 0.028593 -0.561434 -0.124322 -0.034463 -0.415997 -0.107801 -0.567099 0.221473 0.011769 0.601274 -0.087613 -0.320217 -0.058306 0.357360 -0.004242 0.251655 0.162198 -0.237500
ining</w> -0.381934 0.247227 0.399068 -0.257284 0.000954 0.495372 -0.237779 -0.038986 -0.443080 -0.354893 -0.140447 0.291474 -0.054781 0.125831 0.242064 -0.180282 0.018774 0.211938 -0.841399 -0.215785 -0.289519 -0.221208 -0.005152 0.328629 -0.046151 -0.830781 0.068585 0.338400 0.309574 0.468263 0.111337 -0.356964 -0.111711 -0.623830 -0.268566 -0.503095 -0.382671 -0.056000 -0.121690 0.200080 0.413129 0.426744 0.038520 -0.293757 -0.185386 0.204858 0.046323 0.236220 0.056349 0.028028
itu 0.282976 -0.077622 0.225837 -0.339034 -0.068746 0.369185 0.079033 0.153908 -0.578403 -0.213684 -0.239844 0.440987 -0.611867 0.056698 0.579471 -0.144902 0.677088 -0.011360 -0.613623 0.366658 -0.562607 -0.192066 -0.562884 0.021284 -0.713055 -0.671954 0.425155 0.532172 -0.012570 0.744363 -0.452373 0.585417 0.083740 -0.596795 -0.005127 -0.655952 -0.524966 -0.629844 -0.158423 -0.774839 0.522617 -0.081853 0.431560 0.373998 -0.172213 0.401765 -0.086200 -0.345692 -0.016644 0.778814
asked</w> 0.207774 0.392903 0.293874 0.326207 0.080583 0.247060 0.514209 -0.382157 -0.121084 0.243784 0.520116 0.533051 -0.719791 0.356224 0.103347 0.036178 0.146790 -0.231363 -0.556200 0.252961 0.627555 -0.665727 -0.066273 0.115600 -0.177508 -0.836771 0.295384 -0.124454 0.114490 0.436968 -0.353143 0.249040 -0.344610 -0.644442 0.154971 0.358142 -0.075104 0.247227 -0.148756 0.301398 -0.311002 0.571881 0.089295 -0.036767 0.393629 -0.061852 0.372722 -0.636559 0.677541 -1.127351
posed</w> 0.089097 -0.321224 0.452203 0.596641 0.231779 0.193592 0.473391 0.079329 0.046944 0.008094 -0.266932 -0.092290 -0.257571 0.321282 -0.000051 0.566515 0.699465 0.528134 -1.178422 0.535881 0.460396 -0.330140 -0.354260 0.475691 0.291093 -0.467573 -0.219928 -0.075336 0.101987 0.704623 0.047917 0.036635 0.015409 -0.169775 -0.558921 -0.557311 -0.208294 0.072267 -0.250573 0.318216 -0.128106 0.745614 -0.170331 0.048677 0.619108 0.041537 0.081461 -0.140902 0.052644 -0.671961
amp</w> -0.377500 0.093318 0.232366 0.487867 -0.413412 0.234344 0.290731 -0.521067 -0.770782 -0.364476 0.349471 -0.091527 -0.146238 -0.150233 -0.147873 0.099020 0.178076 -0.092943 -0.863063 0.027455 -0.145867 -0.340887 -0.319055 0.358699 0.131586 -0.694403 0.568665 0.123901 0.289812 0.218780 -0.018178 0.181274 0.747571 -0.630237 0.033249 0.070861 0.101147 0.085764 -0.104983 0.332718 -0.665375 0.086895 0.257593 -0.358094 -0.357938 0.670587 0.330809 -0.258458 -0.211689 -0.022442
review</w> 0.245454 -0.205430 0.171887 0.181409 -0.255732 0.241723 0.416648 -0.314851 -0.598933 -0.252452 0.183935 0.489128 -0.074012 0.201668 0.035207 -0.577526 -0.093511 -0.431756 -0.472405 0.467670 0.195152 -0.211538 0.032939 0.204623 0.224568 -0.399726 0.122335 -0.177067 -0.108294 -0.012821 -0.187017 -0.148068 -0.165768 -0.210506 -0.168624 -0.195886 -0.419698 -0.270887 -0.203487 -0.243128 -0.128995 0.394530 0.109039 -0.504993 0.294263 0.211880 0.193060 -0.456474 0.227039 -0.500889
ah</w> 0.309289 0.688711 0.102326 -0.450832 -0.246921 0.405953 0.480207 -0.646984 -0.660107 0.012643 0.658132 0.398026 -0.274518 0.182097 -0.410377 0.386843 -0.009420 -0.274033 0.246439 0.148799 0.338570 -0.100254 -0.093050 0.119446 -0.867335 -1.083253 0.000862 0.235257 0.369565 0.045470 0.319267 -0.105053 0.033570 -0.075003 0.152720 -0.120530 -0.059909 0.345334 -0.357684 -0.052944 -0.372887 0.329227 -0.141741 0.124478 -0.061346 0.923898 -0.331265 -0.175182 0.086894 -0.489897
boring</w> 0.117295 0.038155 0.212917 -0.079328 -0.196749 0.515953 0.231123 0.078286 -0.704470 -0.191919 0.150291 0.430550 0.021511 0.173978 -0.182157 -0.047604 0.410902 -0.235533 -0.448553 0.373749 0.084958 -0.073181 0.296906 0.372897 -0.159015 -0.224766 0.361767 -0.098805 -0.253015 0.178796 0.111775 0.263598 0.091589 -0.279407 -0.582723 -0.394136 -0.485717 0.064310 -0.325841 -0.204254 -0.231434 0.659010 0.028206 -0.125063 0.111325 0.033776 -0.194137 -0.516494 0.262547 -0.275140
natur 0.050430 0.144269 0.225211 0.168470 0.117884 0.583877 0.148676 -0.169642 -0.770622 0.066087 -0.230122 0.049252 -0.125436 -0.119606 -0.042537 -0.130620 0.072423 -0.268228 -0.617068 0.558344 -0.155411 -0.310624 0.141440 -0.153939 -0.616734 -0.189516 0.405883 0.160783 0.016737 0.127307 -0.211073 0.536915 0.428177 -0.484847 -0.424534 -0.127776 -0.597052 -0.543512 -0.049531 -0.472791 0.232580 0.220263 0.334447 -0.281487 0.396033 -0.156904 -0.507703 -0.165683 0.353056 -0.583283
screen</w> 0.021787 -0.160843 0.198533 0.361522 -0.204897 0.307917 0.218261 -0.022118 -0.466745 -0.283402 0.091512 0.383549 -0.102412 0.258300 0.143234 -0.130491 0.081220 -0.484968 -0.651155 0.149876 -0.320816 -0.150441 0.101294 0.324402 -0.270258 -0.234118 -0.134478 0.098497 -0.000739 0.217384 0.190263 0.011482 -0.044619 -0.141505 -0.063284 -0.340007 -0.317459 -0.445959 -0.169956 -0.500625 -0.087589 0.670576 -0.092163 -0.319696 -0.079960 0.256889 -0.071424 -0.435720 -0.062279 -0.152238
ute</w> -0.152440 -0.253601 0.268474 0.261261 0.189782 0.319724 0.065662 -0.224627 -0.728785 -0.445413 0.035273 0.139968 -0.008653 0.023064 -0.104091 0.412144 -0.027015 -0.080504 -0.857633 0.301670 -0.090455 0.135443 0.232397 0.551754 0.219204 -0.633894 0.464261 0.113539 0.306511 -0.005215 0.210461 0.310006 0.357936 -0.174729 0.046712 -0.669136 -0.147905 -0.379914 -0.274800 -0.030995 -0.286493 0.434978 -0.174446 -0.032209 -0.353849 0.005944 -0.172999 -0.162641 -0.349680 0.142738
ond</w> 0.171898 0.511603 0.215676 0.738965 0.107481 0.370916 0.441705 -0.470817 -0.557301 -0.129650 0.333598 0.050003 -0.171097 0.444328 -0.186044 0.264348 0.236486 0.115034 -0.706347 0.029485 -0.030244 -0.008542 -0.349434 0.368495 0.125204 -0.760702 -0.014202 0.168580 0.159528 0.019863 0.186741 -0.202327 0.063566 -0.021889 -0.192595 -0.512658 0.119755 -0.106152 -0.253180 -0.067034 0.210239 -0.215427 -0.283292 -0.788106 -0.336774 0.290190 0.112866 -0.349424 -0.256359 0.055270
american</w> 0.098677 0.014908 0.231423 0.346259 0.183660 0.315877 -0.012821 -0.089230 -0.417630 -0.085143 -0.148168 0.572793 -0.161015 0.038987 -0.103038 -0.328856 -0.176975 0.165236 -0.661369 0.185376 -0.354940 -0.074992 -0.058148 0.183683 -0.564463 -0.250788 -0.161193 0.063161 0.041977 0.175948 -0.079414 -0.144870 -0.126849 -0.173609 -0.153962 -0.437549 -0.103291 -0.343979 -0.306671 -0.125957 0.105469 0.093331 -0.025401 -0.229324 -0.204110 0.005428 -0.154671 -0.006907 0.093892 0.051013
band</w> 0.434972 -0.406936 0.000061 0.410413 -0.765952 0.231296 0.317824 -0.275847 -0.931236 -0.225263 0.285046 0.307637 -0.221388 0.232218 -0.495780 0.606977 0.088638 -0.268901 -0.529429 0.189079 -0.163484 0.327768 -0.208053 -0.051487 -0.290366 -0.444008 -0.226257 -0.390276 0.028924 0.046606 0.307017 -0.263557 -0.078756 -0.103110 -0.403687 -0.919333 -0.010169 -0.198500 -0.090735 0.264476 0.041548 0.716305 -0.082752 -0.160361 -0.526099 0.545638 -0.420901 -0.068537 -0.201935 -0.195852
holl -0.036887 0.195435 0.218347 0.514610 -0.336397 0.526434 0.166177 -0.689348 -0.773847 -0.679249 0.834519 0.224008 -0.745574 0.081945 -0.562400 -0.255516 -0.288365 -0.168612 -0.336259 0.295072 -0.047148 -0.023217 -0.083887 0.268422 -0.363618 -0.758015 0.044057 0.217505 -0.146150 0.100537 -0.226996 0.282577 0.378237 -0.186782 -0.391941 -0.567289 0.740222 0.068818 0.038094 -0.124411 -0.167914 -0.531337 -0.571185 -0.581695 -0.390331 0.128295 0.341381 -0.147164 -0.124256 -0.496171
fun -0.044023 -0.037121 -0.113916 -0.149345 -0.312182 0.324577 0.273326 0.069418 -0.558228 -0.270168 0.394311 0.324259 -0.283567 -0.180710 0.241251 -0.325370 0.127161 0.122195 -0.671149 0.568293 -0.305737 -0.482850 -0.347511 0.409932 -0.218019 -0.339574 0.350170 -0.008290 0.417927 0.522515 0.069537 0.371694 0.390487 -0.340466 -0.014666 0.094821 -0.191014 -0.145407 -0.106708 0.046106 -0.070723 -0.526674 -0.183722 -0.133435 -0.327175 0.203283 0.156407 0.297288 -0.125005 -0.261037
save</w> 0.150355 0.079141 0.435327 0.410585 -0.120855 0.405805 0.527863 -0.169216 -0.424728 -0.003376 0.149946 0.188547 -0.027071 0.103465 0.280559 -0.199547 -0.014547 -0.263347 -0.413757 0.119277 0.376506 -0.351468 0.040249 0.274232 0.258386 -0.517684 -0.063161 -0.195069 -0.529672 0.483884 -0.099682 0.079121 0.110162 -0.099575 -0.033906 -0.116318 -0.514109 -0.141883 0.051158 0.280146 -0.216932 0.737809 0.023578 -0.294584 0.447007 0.290948 0.213534 -0.474987 0.319157 -0.354959
dge</w> 0.151383 0.325348 0.275376 0.037388 -0.196249 0.077259 0.382136 -0.289338 -0.710046 -0.112624 0.286514 0.438739 0.184701 0.372615 -0.016761 0.571195 -0.058182 -0.141798 -0.924319 0.019785 -0.247087 -0.465960 0.266054 0.183217 0.217706 -0.542003 -0.709547 0.254314 0.301051 0.185675 -0.057570 -0.489502 0.400448 0.048719 -0.224196 -0.303796 0.030398 0.002906 0.011822 -0.174897 -0.030642 0.199822 -0.164431 -0.335698 -0.099651 0.266460 -0.211032 0.333402 -0.143745 -0.485175
cy</w> 0.002953 0.399042 0.403467 0.189346 0.456137 0.100612 0.355448 -0.684800 -0.424562 -0.037152 0.248605 0.057982 -0.208066 -0.076496 -0.186673 0.132169 0.336084 -0.116507 -0.713051 0.249814 -0.215663 -0.398964 0.088871 0.356244 -0.373485 -0.486987 0.073335 -0.059285 0.584658 -0.022251 -0.076842 0.176151 0.425207 -0.098163 -0.073159 -0.555822 -0.004410 0.003293 -0.244322 0.176072 -0.254473 0.374448 -0.393150 -0.198876 -0.281717 0.289139 -0.363928 -0.030617 -0.178789 0.038025
based</w> -0.255749 -0.146140 0.510277 0.222757 -0.054456 0.131698 0.136197 -0.136843 -0.555881 -0.493615 0.063988 0.609337 -0.362225 0.081266 0.109454 -0.195187 0.012595 -0.234263 -0.309813 0.376364 0.261793 -0.388486 0.096281 0.410854 -0.401364 -0.388104 -0.271227 -0.056169 -0.292760 0.486773 -0.278683 -0.029659 -0.095620 -0.384533 0.132304 -0.409321 -0.050446 -0.517460 -0.203847 -0.734492 0.010171 0.568988 0.087406 -0.016028 0.142884 -0.144883 0.026310 -0.002952 0.005127 -0.099831
gla 0.133500 -0.112976 -0.086301 0.351038 0.152333 0.137526 0.537628 0.292563 -0.716668 -0.312965 0.691726 0.042595 -0.669715 -0.140546 -0.324786 -0.461691 0.305131 -0.065270 -0.298167 0.877644 0.210349 0.067756 -0.243600 -0.028511 -0.351985 -0.668396 0.013153 -0.066047 -0.232343 0.600617 -0.226324 0.323685 -0.033260 -0.125286 -0.055189 0.322108 -0.035664 0.070739 0.216012 -0.178417 -0.396319 -0.312219 0.123101 -0.306465 0.235234 0.537711 0.043107 -0.328340 -0.042845 -0.886482
bott 0.064444 -0.333623 -0.045400 0.079363 -0.146565 0.536618 0.330007 0.044827 -0.862826 -0.647764 0.532985 0.182823 -0.716464 0.637361 0.071895 -0.591598 -0.411647 -0.559342 -0.671743 0.294583 -0.429637 -0.070632 0.029694 -0.088656 -0.290158 -0.520310 -0.417249 0.406566 -0.428014 -0.187727 -0.386111 0.258630 0.482205 -0.021039 -0.042700 -0.265894 -0.265978 -0.272096 -0.210355 -0.538250 -0.031320 -0.248329 0.569947 -0.863956 -0.384136 0.113722 0.032914 -0.345359 0.009699 -0.139726
ssing</w> -0.056469 0.455425 0.291241 -0.261387 0.055392 0.284893 0.518754 -0.048169 -0.255346 -0.154208 0.051595 0.112773 0.202109 0.098363 0.269411 0.350579 -0.209202 0.205840 -0.626258 0.043985 0.206389 -0.187629 0.091416 0.156316 -0.160415 -0.637183 -0.091917 0.650056 0.386202 0.655194 0.218285 -0.215431 -0.097852 -0.126322 -0.526916 -0.418062 -0.047320 0.030175 -0.405317 -0.142426 -0.079982 0.516813 0.022458 -0.179209 -0.218593 0.302694 0.111229 0.244682 -0.052991 -0.383724
itch 0.300935 -0.031847 -0.494090 0.205884 -0.166569 0.178988 0.424838 0.190911 -0.323440 -0.264161 0.461136 -0.252158 -0.267092 0.177082 -0.136751 0.215001 0.680820 -0.088451 -0.392461 -0.167913 0.000943 0.063670 -0.356780 0.288633 -0.507462 -1.189250 0.347247 -0.316456 0.240527 0.828386 -0.206875 0.142702 0.625662 -0.142726 0.153100 -0.345315 0.285569 -0.862505 -0.460406 -0.257862 0.398363 0.108893 0.602199 -0.463374 -0.303382 0.364480 -0.193331 0.005178 -0.243006 -0.459540
ual</w> 0.087659 0.122851 0.664455 -0.293955 0.043233 0.400851 -0.140112 -0.301361 -0.817273 0.166189 -0.270047 0.343738 0.067232 0.431430 0.146099 0.170861 -0.129719 0.445526 -0.760054 0.118417 -0.144049 0.116675 -0.058682 0.269325 -0.430157 -0.693581 -0.477291 0.273792 0.847065 0.061610 0.078944 0.229148 -0.100168 -0.184852 -0.004732 -0.589979 -0.177708 0.134073 -0.485002 -0.215855 0.306109 0.291199 0.050367 0.267826 -0.319877 -0.035606 -0.380326 0.181763 -0.136649 0.495622
sort</w> 0.077903 -0.146549 0.457545 0.443817 -0.248552 0.068078 0.098161 0.227437 -0.381398 -0.496885 0.244682 0.577777 0.180242 0.049214 -0.047470 -0.614048 0.284665 -0.232579 -0.994031 0.495706 -0.064497 -0.227410 -0.051346 0.146485 -0.064054 -0.238447 -0.193229 0.011474 0.245929 0.245368 -0.005052 0.311110 -0.398939 -0.493071 -0.690226 -0.264634 -0.651853 -0.264180 -0.622293 0.165082 -0.157727 0.703651 -0.015918 -0.758425 0.147480 -0.058376 -0.026084 0.043959 0.143210 -0.241813
cop 0.181136 -0.262556 0.009516 0.168168 -0.491377 -0.171491 0.306348 0.032740 -0.515325 -0.229237 0.459670 0.224833 -0.376675 0.044695 -0.411080 -0.285045 0.034371 -0.220604 -0.278984 0.482102 0.377316 -0.478187 -0.497644 0.199087 -0.168284 -0.549722 0.049898 0.128757 -0.322621 0.269762 -0.346402 0.347231 0.339212 -0.150325 -0.153979 -0.287566 0.097134 -0.292217 -0.257407 -0.309391 0.009556 -0.053947 0.096464 -0.543472 0.066681 0.051335 0.301595 -0.170330 -0.115369 -0.605215
sense</w> 0.090190 -0.098327 0.403200 0.174281 -0.316888 0.257693 0.328179 -0.107910 -0.303643 -0.229771 0.035442 0.362399 0.190487 -0.105822 -0.234907 -0.153917 0.223357 -0.155731 -0.862187 0.689061 -0.224331 -0.109760 0.100101 0.185529 -0.030044 -0.178000 -0.112540 0.196554 -0.054412 0.214301 0.165549 0.192501 -0.068550 -0.392104 -0.649923 0.019677 -0.681514 -0.005555 -0.312517 0.210192 -0.004065 0.501673 0.094092 -0.587797 -0.020005 -0.058080 0.015306 -0.314126 0.502434 -0.297896
playing</w> -0.141109 -0.203799 0.080137 0.088055 -0.247887 0.298935 -0.008594 -0.144966 -0.530778 -0.141850 -0.157643 0.214969 -0.094591 -0.109578 0.018034 -0.045670 0.199280 -0.155359 -0.324104 0.309666 -0.171501 -0.215226 0.066614 0.327440 -0.109336 -0.444939 -0.018987 -0.161417 0.000053 0.445669 0.132472 0.091752 0.052319 -0.192161 -0.032443 -0.439844 -0.151870 -0.218255 -0.056413 -0.240086 -0.039709 0.327909 0.039168 -0.246691 -0.174151 0.112292 0.181088 -0.140195 0.168913 -0.224876
anim 0.251654 -0.218185 0.360568 0.135274 -0.064822 0.541575 0.109315 -0.191016 -0.801754 -0.156423 0.081097 0.392664 -0.359723 0.051981 0.339854 -0.471158 -0.074327 0.037678 -0.774053 0.417323 -0.469156 -0.272100 -0.033941 0.136076 -0.524556 -0.482010 0.187947 0.013779 -0.497660 -0.028997 -0.603492 0.376527 0.133419 -0.143449 -0.225568 -0.534870 -0.360243 -0.365017 0.102600 -0.322001 0.485921 0.091136 0.188707 -0.080510 -0.098771 -0.048705 -0.222394 0.196866 0.531533 0.043206
local</w> 0.203259 0.130973 0.098466 0.356889 -0.092809 0.254066 -0.103822 -0.110662 -0.701768 -0.285963 0.003182 0.198435 -0.099894 -0.039598 0.078788 -0.238300 0.009089 -0.377063 -0.684802 -0.122730 -0.221704 -0.224075 -0.126474 0.356071 -0.039580 -0.362901 -0.307421 0.245417 0.396479 0.278526 0.313262 -0.013481 0.246364 -0.103429 0.291835 -0.293510 -0.076586 -0.581874 -0.139102 -0.439962 0.024227 0.312232 0.078792 -0.588980 -0.326438 0.236618 0.082508 -0.217586 -0.089602 -0.121552
change</w> 0.134428 -0.054596 0.317552 0.196825 -0.059589 0.251989 0.340534 -0.085898 -0.428415 0.247827 0.132387 0.066826 -0.084627 0.186734 0.096075 -0.067537 0.106952 -0.134790 -0.696194 0.249099 0.095421 -0.218061 0.031823 0.194497 0.228156 -0.283147 -0.137625 -0.229763 -0.185682 0.333205 -0.211665 0.116513 0.139894 -0.231962 0.013693 -0.114176 -0.345006 -0.086692 -0.202561 0.183968 -0.187613 0.359660 0.327542 -0.398510 0.372908 0.275011 0.246301 -0.438449 0.281457 -0.331097
compar -0.367741 -0.073106 0.102408 0.290710 0.095215 0.463732 0.944028 0.253884 -0.136348 0.026301 0.462665 0.032509 -0.142735 -0.110031 -0.059740 -0.344744 -0.036878 0.066017 -0.483077 0.248134 -0.100214 0.222516 0.415973 0.380511 -0.418988 -0.666719 -0.511231 -0.228000 0.087768 0.605810 -0.426284 0.251334 0.098867 -0.332054 0.096020 0.149437 -0.368296 -0.808763 -0.569376 -0.785144 0.349257 0.172695 0.245770 -0.226993 0.357175 0.078521 -0.198004 -0.310410 0.171181 -0.652318
resul -0.101532 0.022706 0.384115 0.050830 -0.756315 0.720556 -0.023696 0.144067 -0.713888 -0.019232 0.781491 0.140137 -0.023057 0.004236 -0.005071 -0.699177 -0.060227 0.127667 -0.650863 0.618146 -0.194303 -0.298077 -0.082653 -0.040284 -0.329443 -0.179131 -0.404044 -0.006266 -0.479826 0.163355 -0.308700 0.697710 0.190926 -0.504597 -0.136217 -0.297659 -0.626492 0.169510 -0.218750 -0.174882 -0.093995 -0.058601 0.511215 -0.596902 0.300909 -0.297655 0.142463 -0.802301 0.218745 -0.212702
called</w> 0.222824 -0.063197 0.242506 0.378415 -0.325476 0.203120 0.386052 -0.037595 -0.471564 -0.267869 -0.136348 0.522089 -0.160941 0.139448 -0.013318 -0.026173 0.131454 0.045656 -0.378764 -0.009712 0.284062 0.020847 0.146977 0.436257 -0.131322 -0.445750 0.122491 -0.232364 0.081215 0.346184 -0.023193 0.318251 -0.187488 -0.027052 -0.116369 -0.457300 0.086728 0.011823 0.074378 -0.056140 -0.418005 0.371551 0.013676 -0.131494 -0.040240 0.043980 0.180357 -0.053400 -0.007504 -0.334932
kin 0.083507 -0.091256 -0.075458 -0.032127 -0.246952 0.306300 -0.117019 -0.098483 -0.341614 0.115208 0.276532 0.179979 -0.279813 -0.042875 0.067455 -0.000877 0.329043 -0.086098 -0.620937 0.666477 -0.305551 -0.064932 -0.295829 -0.027874 -0.408960 -0.239254 -0.028628 0.071340 0.054416 0.748149 0.096958 0.197423 0.283163 -0.392528 -0.174726 -0.062980 -0.207382 -0.164503 -0.129411 0.133089 -0.365018 -0.327639 0.247504 -0.457304 -0.196860 0.417728 -0.051442 -0.301578 -0.309383 -0.088697
short</w> -0.144734 -0.170311 0.518865 0.130894 -0.134209 0.239672 -0.051088 0.062722 -0.522778 -0.403112 0.016449 0.405843 -0.041598 -0.131002 -0.006801 -0.353523 0.175332 -0.062741 -0.516945 0.500397 0.009265 -0.031458 0.049022 0.201956 -0.337960 -0.226460 0.128592 0.071487 -0.241565 0.039022 0.225091 0.241901 0.104988 -0.194766 -0.324420 -0.527719 -0.037153 -0.071255 -0.187842 -0.065984 -0.103461 0.487313 0.049740 -0.225213 0.029959 -0.046102 -0.059161 -0.320662 0.084316 -0.251960
feat 0.504152 0.237718 0.539593 0.647327 0.206718 -0.074444 0.518262 -0.111227 -0.405177 -0.357639 -0.261685 -0.026752 -0.164184 0.027020 0.428665 -0.641265 -0.305884 -0.023585 -0.553925 0.494565 0.313944 -0.088889 0.357190 0.045665 -0.209717 -0.613788 -0.395870 0.346515 -0.141132 0.046170 -0.678100 0.425262 0.108145 -0.001655 -0.005056 -0.741695 -0.246016 -0.260613 -0.240097 -0.094812 0.311049 -0.388340 0.471864 -0.089356 -0.114659 -0.008945 -0.323025 0.039497 0.099864 0.115372
es 0.312470 0.028741 -0.034608 -0.203442 -0.111220 0.057634 0.068406 -0.408594 -0.268974 -0.260250 0.391723 0.048073 -0.421373 -0.408591 0.018393 0.090911 -0.195493 0.115767 -0.156100 0.312146 0.043847 -0.353183 -0.366534 0.192310 -0.460168 -0.915482 -0.111507 0.140388 0.343748 0.366005 -0.214753 -0.070600 0.411154 -0.163029 -0.044661 -0.620899 0.105550 0.162892 -0.024355 -0.460200 -0.094522 0.118485 -0.116679 0.105993 -0.140717 0.538527 -0.164282 0.202181 -0.006270 0.012414
stars</w> 0.026322 -0.287257 0.230111 0.237609 -0.034798 0.498723 0.097111 -0.075524 -0.549589 -0.328884 0.167339 0.533721 -0.248780 0.211482 -0.028126 -0.508642 -0.317717 -0.387294 -0.319741 0.256118 0.043063 -0.167639 0.150925 0.164879 -0.188751 -0.419870 -0.090172 0.186147 -0.253245 0.123447 0.233501 -0.076540 0.103060 -0.222470 -0.044450 -0.056818 -0.315945 -0.258166 -0.094916 0.337186 -0.084349 0.263823 0.224381 -0.336337 0.109740 0.351375 -0.032370 -0.408145 0.140110 -0.218584
ler</w> -0.240301 0.444988 0.115236 0.067307 -0.386946 0.322094 0.118014 -0.393778 -0.666457 -0.145019 0.331885 0.269549 -0.037292 0.025734 -0.363160 0.334242 0.118964 -0.150786 -0.598977 -0.040289 -0.353311 -0.235031 -0.176589 0.138724 -0.114752 -0.709994 0.307102 -0.031475 0.328754 0.290340 -0.003963 -0.125780 0.130124 -0.245677 -0.198086 -0.644999 0.168766 -0.208127 0.070227 -0.316067 -0.290301 0.448260 -0.144668 -0.330225 -0.553339 0.682541 -0.125249 -0.109624 -0.628465 -0.095461
ange</w> 0.381281 0.530629 0.120553 -0.070129 0.199729 0.279092 -0.096955 -0.611046 -0.523663 -0.244468 -0.276291 0.216947 -0.123602 -0.116450 -0.258944 -0.097246 -0.124966 0.130619 -0.749197 0.254145 -0.108467 0.433692 0.098842 0.664175 -0.350181 -0.828955 -0.410046 -0.143347 0.304863 0.081187 -0.118421 0.078274 0.131289 -0.166956 -0.108072 -0.535539 -0.149517 -0.202238 -0.246535 -0.040025 0.162976 0.455758 -0.317564 -0.278605 -0.026736 0.073565 -0.654127 -0.286258 -0.302972 0.334303
pping</w> -0.231053 0.615708 0.276667 0.237575 0.008046 0.228970 0.274038 -0.139054 -0.716777 -0.218849 0.054677 0.398970 -0.045979 -0.109893 0.387090 0.165971 -0.424394 -0.150192 -0.531872 -0.448839 -0.007902 -0.330994 0.172113 0.548585 -0.131160 -0.613330 -0.264461 0.301734 0.043855 0.204808 -0.007769 -0.308399 -0.167382 0.076157 0.355631 -0.292006 -0.059400 -0.222073 -0.283530 -0.527035 -0.035473 0.410242 0.305065 -0.057916 0.039218 0.811278 -0.039823 0.081508 -0.236371 -0.351250
date</w> 0.048510 -0.138022 0.341975 0.121117 0.129850 0.355414 0.675777 -0.212194 -0.356067 -0.279551 0.082935 0.393446 0.031236 0.221781 0.186206 -0.383383 -0.165501 -0.215773 -0.488407 0.101994 -0.002766 0.018495 0.335525 0.332488 0.010704 -0.721048 0.019896 0.029801 -0.400821 -0.058610 -0.116942 -0.100930 -0.172222 -0.091928 0.005632 -0.385389 -0.457865 -0.348213 0.209659 -0.384643 -0.052609 0.503188 -0.045108 -0.268520 0.163071 0.133966 -0.249653 -0.092215 0.330435 -0.330307
devel 0.403711 -0.116432 0.048307 0.117614 0.092129 0.619995 0.675853 0.282401 -0.227445 0.370893 -0.052675 0.039564 -0.157745 0.331175 -0.253269 0.319495 0.245253 0.037329 -0.770164 0.006914 0.254462 -0.267287 -0.029385 0.258614 -0.075470 -0.687752 -0.715500 -0.220554 -0.499484 0.513659 -0.163694 0.857397 0.210865 -0.148692 0.041599 -0.841830 0.226430 -0.145349 0.274513 -0.339969 0.549404 0.210956 0.339650 -0.322815 0.540328 -0.532079 -0.041552 0.454372 0.070133 -0.517701
name</w> -0.007844 -0.236617 0.566190 0.239037 -0.400915 0.206165 0.196558 0.074398 -0.727597 -0.361192 0.015274 0.322152 0.158663 0.277270 -0.088216 -0.344329 0.183502 -0.308317 -0.454242 0.369594 -0.221170 -0.186038 0.155490 0.100790 -0.033796 -0.285401 -0.038084 -0.213546 -0.260952 0.246861 0.126391 0.066928 -0.118523 -0.147923 -0.287995 -0.359472 -0.390424 0.030795 -0.421405 -0.031955 -0.151158 0.423456 0.085786 -0.574621 -0.090313 0.417451 0.047927 -0.209310 0.117317 -0.092956
fine</w> -0.041766 0.041351 0.225032 -0.055084 -0.054146 0.170090 0.117719 -0.216820 -0.645828 -0.200502 -0.313444 0.367877 -0.035877 -0.075541 -0.369655 0.070287 0.187730 0.044256 -0.373092 0.415181 -0.016811 0.057625 0.182929 0.250856 -0.149754 -0.445868 0.111046 -0.234180 -0.118779 0.165656 0.244524 0.365619 0.074793 -0.087666 -0.446025 -0.552735 -0.397890 -0.130205 -0.328440 -0.247606 -0.057271 0.626404 0.106254 -0.507554 0.549878 -0.270633 -0.216360 -0.266522 0.099987 -0.308151
video</w> -0.019303 -0.121951 0.149848 0.242994 -0.048305 0.195579 0.073453 -0.165163 -0.512361 -0.342286 -0.044362 0.206859 -0.070382 -0.015723 0.192129 -0.247445 -0.244736 -0.119555 -0.651043 0.180934 -0.077827 -0.339761 -0.006810 0.244083 -0.249379 -0.368755 0.069493 0.083356 0.065694 0.350831 0.005529 -0.203313 -0.071687 -0.335458 -0.100511 -0.314219 -0.095661 -0.197479 -0.156005 -0.204784 -0.218875 0.476191 0.173420 -0.302748 0.173849 0.181599 0.125432 -0.242465 0.144377 -0.130773
hor 0.338020 0.256443 0.227516 -0.340885 0.017216 0.159849 -0.133361 -0.133105 -0.455987 0.197791 -0.112876 0.351229 -0.097188 -0.014921 0.012758 -0.336239 0.001712 0.526709 -0.789571 0.353877 -0.197428 -0.330899 -0.128710 0.358279 -0.802727 -0.537524 0.067986 -0.192407 -0.094160 0.208663 -0.330766 0.284867 -0.094815 -0.456148 0.097425 0.020455 -0.184753 -0.014558 0.081959 -0.143537 -0.018831 0.246254 0.380266 -0.299360 -0.091751 0.360545 -0.027439 0.325099 -0.242252 -0.258435
ste</w> 0.229733 -0.337757 0.954937 -0.111194 -0.496989 0.394434 0.396498 0.282034 0.051934 -0.511073 -0.154978 0.256580 0.381781 -0.275116 0.449686 -0.847581 0.111614 -0.225971 -0.786825 0.090329 0.163604 -0.136348 -0.212485 0.058008 0.109968 -0.748780 -0.254668 0.366579 -0.266564 0.368101 0.491654 0.203464 -0.256708 -0.332626 -0.059186 -0.736058 -0.666956 -0.420465 0.237466 0.380635 -0.431265 0.479430 -0.318910 -0.858966 0.013119 0.912536 0.079996 0.035673 0.055616 -0.138377
adv 0.140425 0.207834 0.464482 -0.094915 0.170134 0.288360 0.487814 -0.502571 -0.391773 0.123077 -0.068018 0.598907 -0.297278 -0.069438 0.156335 -0.332572 -0.113416 -0.086567 -0.850026 0.379812 -0.481616 -0.099368 -0.094104 0.360236 -0.103606 -0.448465 -0.254192 0.512441 -0.177432 0.389958 -0.511622 0.240446 0.353294 0.107421 0.024023 -0.280034 -0.411747 -0.519378 -0.088942 -0.306685 0.352954 0.100000 0.184459 -0.274663 -0.002142 -0.527444 0.083996 0.254168 -0.032088 0.018735
uni 0.429988 -0.082744 -0.241352 0.204461 0.280161 0.330086 0.167444 0.259023 0.035891 0.072684 -0.276582 0.105742 0.014568 -0.133583 0.070683 0.018829 0.614791 0.370855 -0.922838 0.988451 0.001640 0.402858 -0.293096 0.354749 -0.415249 -0.433118 0.050594 0.245663 0.266581 0.833484 -0.082744 0.265698 0.349241 -0.308206 0.103848 -0.344187 -0.160884 0.118289 -0.002433 -0.698998 -0.469849 0.184959 -0.324481 -0.020823 -0.196798 0.412283 0.059708 -0.178264 0.245983 0.023932
seem 0.393234 0.020365 -0.071542 0.421838 0.040865 0.308049 0.659631 0.291292 -0.477828 0.349513 0.261810 0.040840 -0.351968 0.134502 0.008325 -0.028843 -0.006316 -0.286000 -0.383059 0.146879 0.132813 0.222760 0.552809 0.455137 -0.633866 -0.517586 -0.195330 -0.306986 -0.049144 0.773415 -0.213336 0.678434 0.064884 -0.218316 -0.254445 -0.145234 -0.382137 -0.429095 -0.702913 -0.173612 0.405935 0.450524 0.626837 -0.125020 0.229353 -0.337837 -0.178433 -0.186525 0.459527 -0.657099
mm 0.267344 0.235451 -0.037678 0.056112 -0.194888 0.631034 0.697974 -0.135808 -0.471150 -0.165565 0.399554 -0.009024 -0.516354 0.155875 0.130331 -0.181586 0.082822 -0.381110 -0.445728 0.535540 0.311144 -0.354687 -0.043098 -0.170263 -0.902092 -0.871945 0.345421 -0.550954 0.557073 0.487782 -0.300451 -0.053728 0.406513 -0.195456 -0.429006 -0.022685 0.190155 -0.325182 0.214953 -0.391267 0.521866 0.236269 -0.042916 0.165984 -0.134820 0.273384 -0.135340 0.693820 -0.225476 -0.510647
absolutely</w> 0.154073 0.073917 0.111375 0.155116 0.053231 0.277839 0.193796 -0.218711 -0.400703 -0.056505 -0.078782 0.552901 -0.087381 0.045443 -0.392536 0.119978 0.281256 0.198581 -0.085048 0.332749 0.122734 0.011117 0.089301 0.278862 -0.001069 -0.616063 0.307768 -0.224499 0.122880 0.174451 0.044459 0.272376 -0.272479 -0.219370 -0.084703 -0.484997 -0.107661 0.164741 -0.281587 -0.108624 0.074500 0.265146 0.305859 0.008242 0.115425 -0.093924 -0.425778 0.038131 0.243661 -0.618687
ple 0.186109 0.515120 0.423673 0.007029 0.028180 -0.075589 0.950785 -0.392680 0.049147 -0.263288 0.258893 0.127979 -0.251306 -0.307810 -0.081367 0.436797 0.295475 -0.458324 -0.835679 0.545456 0.077743 -0.158787 -0.757046 0.597553 -0.055273 -0.145377 -0.187523 -0.351578 0.024426 0.157939 0.118588 0.861400 0.308039 0.111700 -0.248904 -0.463107 -0.292379 -0.278820 0.257854 -0.257265 -0.076051 0.158647 0.597894 0.097887 -0.027007 0.170577 -0.342433 0.339929 0.085971 -1.017070
white</w> 0.082116 -0.112049 0.079167 0.169020 -0.159040 0.254372 0.024422 -0.103683 -0.778290 -0.277524 -0.111301 0.088839 -0.114240 0.089401 -0.110492 0.190370 -0.067799 -0.225106 -0.667125 0.176130 -0.086633 -0.000339 0.111715 0.259517 -0.143126 -0.361838 -0.028552 0.063032 0.105070 0.350527 -0.121320 0.022014 0.277878 -0.236943 -0.057923 -0.523971 -0.076406 -0.039727 -0.206165 -0.140783 -0.263329 0.305019 0.101148 -0.077428 -0.164180 0.108202 -0.167945 -0.096557 -0.061390 -0.046423
lots</w> 0.258502 0.037217 0.035366 0.509979 -0.087132 0.169908 0.292904 -0.123928 -0.147458 -0.392662 0.086968 0.751726 0.242327 0.193079 -0.028986 -0.104567 0.558186 -0.233830 -0.622242 0.550311 -0.200875 -0.104566 -0.119273 0.320821 -0.209368 -0.381613 -0.311998 0.199856 0.095877 0.241598 0.059230 -0.063845 0.099622 -0.718611 -0.375455 -0.379101 -0.094978 0.037189 -0.240354 0.306361 -0.434689 0.455057 0.237981 -0.328844 0.262377 0.069371 -0.459440 0.091235 0.147146 0.206046
live</w> -0.030329 0.383781 0.119919 0.191659 -0.184983 0.217691 0.450671 0.189538 -0.794962 -0.161265 0.318683 -0.104889 0.044059 -0.015565 0.175620 -0.105462 -0.206723 -0.045571 -0.451410 0.267564 0.465086 -0.467181 0.487056 0.211446 -0.071421 -0.372353 -0.555907 0.063495 -0.304395 0.461520 -0.105221 0.307857 0.224776 -0.304952 0.171989 -0.076205 0.136319 0.010383 -0.403182 0.185594 -0.346172 0.612454 -0.106952 -0.283406 0.272301 0.269223 -0.044812 -0.386216 0.170251 -0.424660
soci 0.060184 0.318546 0.148014 0.159038 -0.115543 0.174289 0.362663 -0.581061 -0.540029 -0.146233 0.288150 -0.035802 -0.152872 -0.295308 0.324008 -0.056341 -0.336231 -0.097624 -0.858016 0.382543 -0.257276 -0.217015 -0.322284 0.066588 -0.712299 -0.133184 -0.390125 -0.154203 0.257784 0.413187 -0.421810 0.503624 0.451131 -0.397957 0.338205 -0.304834 -0.521562 -0.380776 0.044980 -0.128291 0.047271 -0.286050 0.050715 -0.071992 0.325146 -0.129947 -0.140948 0.102610 0.593654 -0.082657
ban 0.138367 0.016585 0.179849 -0.005898 -0.399288 0.249643 0.128051 -0.100859 -0.417368 0.237368 0.507260 -0.042973 -0.533003 -0.417213 0.071574 -0.116593 0.098467 0.136082 -0.430100 0.385711 -0.130550 -0.123921 -0.442279 0.214699 -0.452320 -0.663474 -0.072908 -0.098578 -0.120821 0.342064 -0.138918 0.291137 0.510054 -0.360717 0.158609 -0.372887 -0.098752 -0.282472 0.005815 -0.354022 -0.292804 -0.078460 -0.112058 -0.348171 -0.116304 -0.300614 0.021010 -0.049313 0.054863 -0.476747
beautiful</w> -0.010679 0.068263 -0.047422 -0.242764 0.091456 0.123351 0.104519 -0.055347 -0.795113 -0.162585 -0.049793 0.322564 0.221084 0.111056 -0.257405 0.160931 0.228495 0.137934 -0.613167 0.257066 -0.028290 -0.046631 0.089448 0.157362 -0.492088 -0.461610 -0.105420 -0.119081 -0.004351 0.219587 -0.035127 0.225226 0.227446 -0.233018 -0.192886 -0.470651 -0.275229 -0.022725 -0.219642 -0.382094 -0.101979 0.301325 -0.125863 -0.409766 -0.047216 0.016337 -0.247426 -0.033208 0.003797 -0.144320
sl 0.090601 0.017460 -0.037676 -0.009514 -0.057997 0.337962 0.414932 -0.479835 -0.313829 0.199108 0.225935 0.133597 -0.329980 0.180175 -0.621387 0.314465 0.087231 -0.139325 -0.762116 0.255952 -0.189945 -0.212971 -0.334016 -0.070040 -0.067811 -0.476227 -0.283603 -0.081207 -0.127975 0.456597 -0.274893 0.520017 0.470254 0.168076 -0.051176 -0.670558 0.255084 -0.366522 0.125263 -0.393707 0.400363 0.094453 0.036915 -0.581524 0.039012 -0.456339 -0.164354 0.275296 -0.074633 -0.507782
em</w> 0.088299 0.182243 0.475880 0.171078 0.028390 -0.051684 0.345015 -0.414281 -0.178269 -0.091562 -0.014600 0.604742 0.048459 -0.135390 -0.337655 -0.084993 -0.346258 -0.090563 -0.678245 0.479541 0.081066 -0.339877 0.208998 0.482809 0.044790 -0.914964 0.440766 -0.212399 0.161307 -0.080034 -0.304454 0.225014 -0.078961 0.275760 -0.291706 -0.356367 -0.359591 -0.279060 -0.197373 -0.561288 -0.237977 0.655604 -0.293757 -0.098321 -0.068062 0.120930 0.174191 0.115602 -0.084191 -0.332855
fici 0.072480 0.781395 0.586021 0.260647 0.595629 0.381449 0.065834 -0.449795 -0.216298 0.113148 -0.656227 0.515515 -0.614486 -0.398849 0.128897 -0.103057 -0.172744 0.171949 -1.208837 0.590528 -0.497069 -0.783452 -0.450875 -0.078011 -0.709512 -1.070088 0.235456 0.402934 0.654670 0.313402 -0.546738 -0.331490 0.290039 -0.654114 -0.032150 -0.093522 -0.354019 -0.632517 0.424723 -0.294687 0.647959 0.198460 0.227368 -0.300336 0.850803 0.144713 -0.135913 0.342547 0.694323 -0.205325
inc 0.058370 0.056009 -0.065343 -0.099346 0.059238 0.157412 0.620465 -0.094224 -0.398996 0.369944 -0.465822 0.021958 -0.089356 -0.267745 0.005165 0.194939 0.407372 0.309006 -0.606054 0.242982 -0.060342 0.451146 0.041587 0.314756 -0.471344 -0.867592 -0.006442 -0.251347 0.541831 0.366099 0.213979 0.713999 0.112585 -0.432110 -0.373821 -0.489745 -0.278333 -0.607159 -0.454455 -0.393334 0.397076 -0.237300 0.327892 -0.153145 0.165641 -0.382424 -0.504376 0.134607 0.112236 -0.125833
understand</w> 0.372760 0.150981 0.599758 0.377458 -0.127427 0.485947 0.498450 0.208945 -0.544045 0.218465 0.433244 -0.047082 -0.121812 0.496205 -0.094440 -0.189083 0.366387 0.126143 -0.757002 0.327377 0.438272 -0.472162 -0.027204 0.092418 0.279806 -0.388813 -0.075734 -0.324822 -0.246782 0.417883 -0.071329 0.602961 -0.237262 -0.255478 -0.423461 0.153751 -0.428741 0.391083 -0.477017 0.433990 -0.194133 0.424064 0.333677 -0.347093 0.305921 0.252044 0.556642 -0.650514 0.403473 -0.631687
fir 0.281478 -0.081774 -0.011233 0.439786 0.219414 0.273746 0.408530 0.085472 -0.195012 -0.269269 0.310974 -0.008489 -0.190358 -0.587351 -0.039084 -0.646909 0.139263 -0.314809 -0.984582 0.823333 0.054265 -0.270075 -0.131856 0.036687 -0.511443 -0.277605 0.150636 0.170483 0.152339 0.443152 -0.246098 0.254196 0.542417 -0.207297 0.037869 0.098203 0.093854 -0.007159 -0.392378 -0.630467 -0.158079 0.066582 0.281284 -0.122776 -0.311006 0.398494 0.035374 0.034853 0.013930 -0.364283
cat</w> 0.361484 -0.125032 0.245789 -0.049370 -0.084573 0.303376 0.192442 -0.154160 -0.599608 -0.228494 0.082401 0.280922 -0.146232 -0.017605 -0.244655 0.004942 -0.162423 -0.124820 -0.266216 0.235709 -0.038088 -0.374174 0.106998 0.177945 0.477841 -0.437622 -0.103675 0.035520 -0.237506 0.141829 0.009238 -0.038262 -0.021119 0.125768 -0.117789 -0.222995 -0.392846 -0.181633 -0.338552 -0.227007 0.001527 0.427646 0.487014 -0.634032 0.105640 0.335630 0.046801 -0.168018 0.261014 -0.223640
nov -0.009309 -0.292428 0.758505 -0.225163 0.178447 -0.061282 0.495101 -0.159320 -0.424139 0.110293 -0.099836 0.405247 -0.198398 -0.094243 -0.187883 -0.656323 0.124868 0.337563 -0.386186 0.428092 -0.062189 -0.386553 -0.245004 -0.172322 -0.385878 -0.798801 0.068161 -0.002037 -0.054672 0.411421 -0.783093 0.552102 -0.050835 -0.425729 -0.026607 -0.233115 -0.395551 -0.123142 -0.257459 -0.697293 0.339662 -0.129946 0.051450 -0.334211 -0.542270 0.010398 0.161083 0.121313 0.414536 -0.276351
won 0.390475 0.185984 0.119371 0.105936 -0.329166 0.453419 0.317282 -0.138962 -0.873286 0.066441 0.409115 0.372973 -0.422868 0.349588 -0.145304 -0.248216 0.813148 0.044958 -0.215824 0.487112 0.240452 -0.129125 -0.067347 0.061143 -0.325209 -0.708575 0.317601 -0.304391 -0.390223 0.388007 -0.342119 0.511824 0.022875 -0.615302 -0.383187 0.394768 -0.378588 0.663484 -0.472056 0.584297 -0.000303 -0.196510 0.429570 -0.195769 0.524320 -0.142370 -0.009619 -0.654438 0.171953 -0.668947
ep</w> -0.002412 -0.063835 0.071213 -0.073679 -0.228033 0.083272 0.367845 -0.217285 -0.114226 -0.189442 -0.183004 0.359247 -0.057013 -0.102900 0.347809 0.304870 -0.104004 0.088634 -0.628835 0.198800 0.039986 -0.641519 -0.253641 0.351048 -0.198139 -0.638625 -0.144586 0.282721 0.394889 0.590409 0.548092 -0.015421 0.274487 -0.180459 -0.147442 -0.270828 -0.429001 0.206700 -0.326770 -0.364302 0.031155 0.289902 -0.180450 -0.120645 0.592866 0.285001 -0.069847 -0.286478 -0.122594 -0.155859
ily</w> 0.341366 0.594808 0.122579 -0.143299 -0.086491 0.109449 0.534544 -0.392241 -0.492877 0.247104 -0.315558 0.043597 0.108922 -0.170857 -0.131642 -0.068602 0.193563 -0.007045 -0.386388 0.347768 0.192751 -0.214561 -0.023718 -0.032580 0.118413 -0.777575 -0.343831 0.252411 0.614743 0.284238 0.455186 -0.021231 0.104231 -0.250447 0.274400 -0.050266 -0.017242 -0.109253 -0.235327 0.179851 0.121113 0.518106 -0.169546 -0.176678 0.156376 0.503699 0.183853 0.437582 0.300085 -0.272158
inv 0.082742 -0.126589 0.358694 0.093715 0.090138 0.056470 0.618855 0.146004 -0.253726 0.363666 -0.284010 0.057476 0.012636 0.039992 0.128985 0.037225 0.316435 0.052385 -0.947218 0.270793 -0.020276 0.147069 0.088864 0.227900 -0.526689 -0.583001 -0.357056 0.042177 0.022180 0.567370 -0.399984 0.784074 -0.178182 -0.114610 -0.036590 0.091847 -0.311758 -0.566168 -0.261613 -0.185230 0.255543 -0.124570 -0.384645 -0.081443 -0.197346 0.006511 -0.232203 0.243356 -0.012190 -0.646240
plain</w> 0.170183 0.012887 0.764039 0.000299 -0.228258 0.419015 0.257349 -0.016402 -0.597086 0.362671 -0.241155 0.325155 -0.196994 0.043333 -0.047176 0.206533 0.474752 0.117653 -0.922974 0.166792 0.189721 -0.370225 -0.043853 0.066280 -0.152394 -0.156060 0.195347 0.035471 0.286804 0.192141 -0.051918 0.570662 -0.055214 -0.137175 -0.130350 -0.246481 -0.265905 0.117596 -0.285922 0.267942 0.224962 0.733386 0.110729 -0.283631 0.301259 -0.264649 0.186896 -0.455606 0.055692 -0.118265
awful</w> 0.267244 0.072489 0.183083 0.069867 -0.195051 0.471517 0.386296 -0.160919 -0.658557 -0.216851 0.077760 0.401623 -0.111149 0.114172 -0.218552 -0.108021 0.134940 -0.023647 -0.301331 0.436406 0.153842 0.102099 0.455096 0.475401 -0.410819 -0.633624 0.162197 -0.147975 -0.226428 -0.177355 0.009948 0.115546 -0.135133 0.044401 -0.459016 -0.488443 -0.301710 0.121669 -0.268762 -0.220490 -0.194009 0.499241 -0.031387 -0.134827 0.152745 -0.099564 -0.078320 -0.155663 0.189821 -0.376817
eg 0.079619 -0.009946 0.298993 0.130949 0.067690 0.257312 0.554361 -0.307402 -0.646008 0.160614 0.432656 0.133297 -0.273741 -0.103758 -0.110967 0.143035 0.121244 -0.295114 -0.451420 0.263723 -0.433915 -0.004519 -0.107948 0.143174 -0.380009 -0.689773 -0.302870 0.191189 0.370724 0.022602 -0.506811 0.550724 0.674817 -0.086179 0.490072 -0.374908 0.199223 -0.233920 -0.294097 -0.352122 0.372912 -0.610945 0.077877 -0.308216 -0.241988 0.178533 -0.404490 0.140003 -0.026948 0.028835
owed</w> 0.206813 -0.233040 -0.094423 0.069820 -0.179903 0.421649 -0.124986 -0.247481 -0.548162 -0.007763 0.300246 0.040426 -0.085504 0.547599 -0.129870 0.336083 0.258018 0.051236 -0.672357 -0.221791 0.394213 -0.038676 -0.080469 0.714193 -0.112422 -0.440965 -0.319222 -0.373777 0.571386 0.342645 0.019019 -0.122224 0.126759 -0.103625 -0.098004 -0.343176 -0.228907 -0.407655 -0.588538 0.178469 -0.016581 0.817631 0.202513 -0.427078 -0.012490 0.359779 0.115444 -0.214431 -0.086241 -0.344169
dist 0.225692 0.101689 0.706538 -0.237203 -0.103403 0.008035 0.231236 -0.099919 -0.187681 0.661889 0.049216 0.242379 -0.075943 -0.101021 0.000354 -0.079181 0.206122 0.101600 -0.856961 0.106775 -0.476380 -0.303859 -0.297502 0.209586 -0.413767 -0.394487 0.217966 0.115388 0.479566 0.231515 -0.185390 0.825087 0.092006 -0.053936 0.071673 -0.631720 -0.251109 -0.366213 0.209838 -0.023205 0.097520 0.191138 0.248745 -0.370862 -0.547334 -0.059431 -0.066079 0.181986 0.272107 -0.565630
shot</w> -0.006688 -0.226080 0.172640 0.301614 -0.230690 0.095956 0.330288 -0.215105 -0.576386 -0.211277 0.073113 0.174761 0.146944 0.210769 -0.200032 0.079993 0.223503 -0.333539 -0.486942 0.319631 -0.004218 -0.024205 0.065226 0.266749 -0.198553 -0.166880 -0.118907 -0.045682 -0.195417 0.126170 0.041786 0.281130 0.047062 -0.310117 -0.140792 -0.258378 -0.142470 -0.089911 -0.286790 -0.240532 -0.422862 0.393989 -0.160692 -0.473655 0.117521 0.070481 -0.182983 -0.250478 0.249291 -0.227314
often</w> 0.115456 0.060464 0.050477 0.088585 -0.099297 0.393154 0.345185 -0.205195 -0.446913 0.033903 -0.180353 0.134982 -0.022668 -0.018571 -0.176376 0.069480 0.203370 0.104530 -0.321114 0.387824 0.059906 -0.119762 0.090533 0.345832 -0.215667 -0.263138 0.072468 -0.070108 -0.050269 0.399291 0.303197 0.234339 0.161483 -0.212911 -0.277381 -0.115962 -0.229922 0.051068 -0.345726 0.237110 -0.213195 0.548401 0.256349 0.110099 0.421353 0.066239 -0.239820 -0.190525 0.318896 -0.619151
works</w> 0.270676 0.089862 0.166365 0.222359 -0.236673 0.347322 0.062424 -0.176006 -0.529681 -0.077823 0.241083 0.211950 0.014053 0.074327 -0.211681 -0.246741 -0.118151 -0.292297 -0.329560 0.237902 0.085387 -0.286072 0.077228 0.328180 -0.392089 -0.127234 -0.054634 -0.036672 0.156898 0.201802 0.191593 0.298375 0.063338 -0.357934 -0.333804 -0.133079 -0.409540 -0.050706 -0.419682 0.015109 -0.203193 0.533510 -0.022994 -0.038998 0.092562 0.061049 0.076106 -0.392746 0.334354 -0.470422
easy</w> -0.011157 -0.196202 0.242930 0.337331 -0.317205 0.310492 0.519895 0.223123 -0.192949 0.107484 0.048111 -0.057190 0.117448 0.005449 0.053438 0.304315 0.439675 0.000879 -0.581645 0.347879 0.179283 -0.110745 0.099712 0.520039 -0.041787 -0.544532 0.077682 -0.127227 -0.120339 0.471947 0.194385 0.391208 0.022150 -0.356370 -0.165609 -0.544915 -0.386664 -0.058205 -0.322944 0.168837 -0.318376 0.986301 -0.249057 -0.223903 0.330188 -0.101120 -0.056089 -0.275260 0.313320 -0.639247
experience</w> 0.283233 -0.163002 0.289669 0.194827 0.001488 0.370670 0.227319 -0.128977 -0.222862 -0.193603 0.223283 0.345155 0.010414 0.150998 -0.065636 -0.259887 0.139927 -0.130570 -0.396585 0.322228 -0.004857 -0.191869 0.116790 0.303026 -0.067345 -0.406002 -0.098567 0.014113 -0.256785 0.158335 -0.118484 0.027790 0.029717 -0.344760 -0.095330 -0.139744 -0.427479 -0.240161 -0.323246 0.128980 0.029270 0.432024 0.158878 -0.157510 0.296208 0.075249 -0.009782 -0.458379 0.460097 -0.271120
ality</w> 0.109663 0.031095 0.405505 0.030187 0.197272 -0.190033 0.832301 -0.400698 -0.318468 -0.139118 -0.113093 0.261444 0.396633 0.125469 0.040467 0.017884 0.110319 0.050518 -0.924208 0.397567 -0.164011 -0.295006 -0.029851 0.275333 -0.131100 -0.245314 -0.014095 0.199156 0.252209 -0.012121 0.072128 0.028478 0.207768 -0.189333 -0.272162 -0.315865 -0.678558 0.172895 -0.656687 0.054724 0.113567 0.473624 0.083732 -0.061810 -0.140576 0.397370 -0.653878 0.242403 -0.124419 0.040674
ences</w> -0.030463 0.228850 0.286011 0.236233 0.314101 0.016114 0.348127 0.072190 -0.470649 -0.246585 -0.091567 0.394026 0.048487 0.245326 0.263268 0.002208 0.058097 0.235779 -1.001513 0.248512 -0.462867 -0.285967 0.095909 0.117979 0.268900 -0.470523 -0.256571 0.093489 0.329696 0.115346 0.011839 -0.370207 -0.061388 -0.549136 -0.588397 -0.220426 -0.679371 -0.133446 -0.280522 0.001446 -0.173732 0.341072 0.143311 -0.083402 0.377921 0.271020 -0.088398 0.064243 0.087906 0.286958
dies</w> 0.178535 -0.006171 -0.093098 -0.131149 0.009163 0.484961 0.559418 -0.017633 -0.578894 -0.111163 -0.018834 -0.038533 0.065640 0.453878 -0.229918 0.260433 -0.065007 -0.329941 -0.565007 0.014144 -0.176467 -0.151104 0.290786 0.150543 -0.193898 -0.877076 -0.095653 0.248167 0.088432 0.100096 0.131573 -0.209029 0.172599 -0.212821 -0.174091 0.067887 -0.094775 0.183923 -0.473035 0.188164 -0.082155 0.282713 -0.176060 -0.295646 -0.100045 0.498180 -0.172998 -0.120651 0.229970 0.024745
serv 0.028004 0.045249 0.361169 0.106977 -0.104477 0.330255 0.544585 -0.310108 -0.386584 -0.058152 0.021782 0.341185 -0.398781 0.157431 0.040689 -0.282629 -0.058592 -0.181338 -0.628021 0.530464 -0.439785 -0.354840 -0.295492 -0.034150 -0.384448 -0.316461 -0.104984 0.158011 -0.215224 0.462322 -0.680518 0.443640 0.151245 -0.196738 -0.108591 -0.213387 -0.304699 -0.445098 0.239132 -0.323336 0.548324 0.138401 0.359520 -0.059550 0.051646 -0.195612 -0.081353 0.392016 -0.006930 -0.080989
spec -0.283449 -0.120534 0.252973 -0.062818 -0.477073 0.234102 0.553375 0.122175 -0.233948 0.303136 0.249250 0.359619 -0.188138 -0.271879 0.400256 -0.304576 -0.263151 -0.003030 -0.976993 0.604161 -0.597140 -0.420066 -0.437378 0.108004 -0.026392 -0.189339 -0.121081 0.237633 0.472073 0.394570 -0.236600 0.702887 0.349276 -0.569950 -0.090333 -0.308047 -0.834666 -0.088719 -0.529280 -0.375226 0.269860 0.014704 0.657725 0.217558 0.091832 0.587774 -0.454594 0.267887 -0.459816 0.038621
var -0.000112 0.226766 0.227769 -0.126868 -0.165812 -0.046982 0.303336 0.275548 -0.386793 0.100598 -0.004749 0.060235 0.071743 -0.298227 -0.027248 -0.224554 -0.512822 0.132444 -0.651778 0.261392 -0.260504 -0.358183 -0.548720 0.107208 -0.606295 -0.587103 -0.602902 0.260630 -0.019137 0.231469 -0.038822 0.627372 0.183420 -0.743248 0.189395 -0.118798 -0.284770 -0.340876 -0.305151 -0.197940 -0.271251 -0.151185 -0.019052 -0.576736 0.076532 0.278340 0.021563 0.377307 0.241513 -0.399334
ably</w> -0.070873 0.592819 0.472045 -0.093520 0.222475 0.096096 0.409961 -0.283132 -0.105526 0.341605 -0.244891 -0.024990 0.124410 -0.166211 -0.182247 0.234467 0.039737 0.372422 -0.527343 0.209116 -0.113026 0.130261 -0.086455 0.259854 -0.060463 -0.820227 -0.277566 0.345086 0.625286 0.154573 0.155804 0.234842 0.068115 -0.298079 0.118073 -0.485241 -0.255518 -0.209129 0.060336 -0.177373 -0.176645 0.358357 -0.069436 -0.041263 0.200336 0.372512 -0.364118 0.257724 -0.124090 -0.166879
ach</w> 0.140216 0.459657 0.064457 0.311743 0.325674 0.398831 0.602988 0.080066 -0.547543 0.068686 -0.041687 -0.026127 -0.167010 -0.062779 0.176634 0.516411 0.096481 -0.021935 -0.630946 -0.086876 -0.068982 -0.632254 -0.395180 0.213277 0.103803 -0.423993 0.040474 -0.178604 0.304368 0.325690 -0.156718 0.180362 -0.046616 -0.330021 0.240855 -0.523534 -0.052335 0.054177 -0.448547 -0.099743 0.115487 0.358261 -0.299459 -0.343244 0.009892 0.552354 -0.306277 -0.294572 -0.252839 -0.099606
under</w> 0.075094 -0.113292 0.139914 0.060216 -0.053509 0.342510 0.214567 0.001815 -0.651655 -0.188471 -0.211938 0.140410 -0.176333 0.013085 0.225335 -0.376094 -0.271470 -0.117281 -0.554998 0.348678 -0.106825 -0.127681 -0.138026 0.369497 0.044121 -0.375858 0.007077 -0.161256 0.075320 0.429929 -0.004303 0.152108 -0.045150 0.068000 0.200297 -0.297810 -0.131321 -0.220776 0.003227 -0.092034 0.021240 0.038807 0.529736 -0.244947 -0.025905 0.342740 0.038986 0.015551 0.143527 -0.119211
ten</w> -0.058215 0.287618 0.380830 0.636674 0.114034 0.195325 0.298925 -0.073696 -0.789911 -0.463784 -0.019915 0.312084 -0.158062 -0.155827 0.380875 -0.028383 -0.172178 -0.347607 -0.697384 0.086374 -0.344568 -0.251497 0.162204 0.097470 0.036822 -0.252213 -0.124918 0.175100 0.212887 0.122477 0.389819 -0.327606 0.021674 -0.050465 -0.351303 -0.490820 0.207792 -0.070902 0.238136 -0.093392 -0.124670 0.074012 0.258924 -0.660951 0.337368 0.422744 0.179013 -0.278202 0.027579 -0.206502
lau 0.453370 0.201352 -0.006661 0.866714 0.103738 0.499724 0.424492 -0.138502 -0.537757 -0.135171 0.335966 0.148305 -0.220228 -0.422587 0.144011 0.167852 0.634060 -0.171073 -0.017328 0.056464 0.215012 0.306416 -0.312646 0.128121 -0.125747 -1.004864 -0.200815 0.020296 -0.096981 0.322488 0.483107 0.253146 0.110092 -0.283317 0.189972 0.075989 -0.093458 0.195934 -0.039368 -0.181715 -0.186242 0.093132 -0.001545 -0.150000 0.308556 -0.078146 0.150640 -0.305434 0.184506 -0.977379
chat 0.167612 0.105349 0.051354 0.398715 0.268173 0.251657 0.181061 -0.422929 -0.311644 -0.115430 0.267799 0.406994 -0.771371 -0.229222 0.233354 -0.212665 0.237416 0.214527 -0.349793 -0.035282 -0.272434 -0.460240 -0.674104 0.048480 -0.200291 -1.381560 0.249843 0.023795 0.113025 0.409254 -0.346132 -0.253887 0.302491 -0.849995 0.067046 -0.202577 0.342634 0.114784 0.298584 0.178612 0.189608 0.069065 0.684477 -0.339139 0.372870 0.147221 0.659862 -0.222088 0.397331 -0.427727
plan 0.079968 -0.161205 0.310872 -0.077226 -0.333407 0.578184 0.182016 -0.270935 -0.377735 -0.081763 -0.166715 0.367953 -0.273976 -0.129341 0.228968 -0.189919 0.080526 0.273407 -1.023441 0.538374 -0.077143 -0.211567 -0.096849 0.082643 -0.705353 -0.164783 -0.158964 0.159896 -0.278224 0.249081 -0.459132 0.691019 0.258028 -0.536213 0.210999 -0.257146 -0.234844 -0.068471 -0.506306 -0.342414 -0.006673 -0.088936 0.460102 0.061872 0.321268 -0.611968 -0.220432 0.116601 0.251489 0.081344
mul -0.160962 0.175358 0.546994 -0.375915 -0.109784 -0.006415 0.220570 -0.193457 -0.419719 0.157002 -0.074595 0.177426 0.131255 -0.091422 0.250334 -0.187258 -0.039901 -0.176393 -0.886982 0.374882 -0.194507 0.032881 -0.317648 0.015669 0.300866 -0.523558 -0.017813 0.117727 0.032232 0.359657 -0.050383 0.524649 0.044340 -0.051023 0.061521 -0.487948 -0.678325 -0.148207 -0.277348 -0.406411 -0.048102 -0.286285 -0.067574 -0.218776 0.056111 0.356204 -0.060803 0.022270 -0.289138 -0.270745
ny</w> -0.200193 0.569319 0.252823 0.276665 0.421725 0.292578 0.160505 -0.512145 -0.298395 0.365650 0.313245 -0.070079 -0.334766 -0.099135 -0.195861 0.354766 0.351247 0.161087 -0.644743 0.124254 -0.191017 -0.537904 -0.089647 -0.032669 -0.213091 -0.682422 -0.021254 -0.199833 0.687215 0.077576 0.119214 -0.198690 0.482148 -0.185368 -0.386415 -0.217324 0.107671 0.072998 0.063102 0.164397 -0.385495 0.119186 0.008219 -0.409180 -0.026633 0.428950 -0.365503 -0.008488 -0.314651 -0.251739
finally</w> 0.291803 0.125862 -0.019500 0.092897 -0.475739 0.332495 0.603400 -0.137773 -0.587088 -0.071477 0.318368 0.258944 -0.040898 -0.013110 0.112938 0.278142 0.286682 -0.091370 -0.140960 0.145664 0.132315 0.021635 0.231111 0.178235 -0.143651 -0.530106 -0.255654 -0.385287 0.104202 0.312673 0.133245 0.172748 0.157495 -0.066843 0.014054 -0.113873 -0.253269 0.219568 -0.527448 0.282444 -0.307912 0.395847 0.350600 -0.095484 0.372232 0.373412 -0.128709 -0.075787 0.022316 -0.600120
port 0.299008 0.559819 0.521291 -0.280400 0.257141 0.566408 0.662622 -0.251217 -0.147212 -0.047966 -0.278972 0.444310 -0.278366 -0.138754 0.163529 -0.304703 0.142826 -0.318356 -1.015099 0.653151 -0.371211 -0.144287 -0.734802 0.377654 -0.559096 -0.258975 0.018878 0.000398 -0.401591 0.607250 -0.420590 0.948918 0.117866 -0.012058 -0.228243 -0.250105 -0.285339 -0.142765 -0.254990 0.052071 0.646915 0.179129 0.229213 -0.155502 0.258501 -0.170895 -0.079946 0.367832 0.133986 -0.174273
care 0.257504 -0.332821 -0.028084 -0.233444 -0.612037 0.241927 0.229220 -0.130843 -0.741354 -0.117404 -0.015621 0.137795 0.053676 0.261759 0.009194 -0.259789 0.300124 -0.216757 -0.140566 0.206347 0.212401 -0.486964 -0.218151 0.590970 -0.421633 -0.471366 0.088228 -0.564120 -0.272273 0.508740 -0.339380 0.712211 0.301290 -0.387616 -0.290613 -0.183448 -0.536877 -0.046299 -0.175735 -0.391455 0.493591 -0.171391 -0.189915 -0.597987 0.057799 -0.167116 -0.229703 0.008535 0.422093 -0.431153
happ 0.567066 -0.306670 0.208788 0.124615 0.007420 0.190571 0.318527 0.345330 -0.235014 0.434261 0.568228 -0.216487 -0.282766 0.330941 0.043235 0.151238 0.286278 0.032162 -0.150560 0.542891 0.157921 -0.563893 -0.141505 0.234150 -0.112439 -1.013779 -0.012977 -0.455835 -0.663230 0.477663 -0.419560 0.740991 0.486511 -0.183262 0.054750 0.224840 -0.093838 0.302281 -0.889879 0.315387 -0.051079 0.072807 0.332518 -0.108543 -0.023245 0.332407 0.029892 -0.485921 0.279861 -1.010013
tain</w> 0.076941 0.191665 0.247127 0.191491 0.124045 -0.190358 -0.031673 -0.166833 -0.572946 -0.120854 -0.044402 -0.014198 0.134123 -0.075590 0.135215 0.050378 0.447736 0.058963 -0.752818 0.485495 -0.301419 -0.322087 -0.036276 0.131354 0.047288 -0.438160 -0.152303 -0.144789 0.666808 -0.077645 -0.253096 0.300568 0.320911 -0.068390 -0.045909 -0.491642 -0.149416 0.293377 -0.294041 0.128071 -0.147812 0.393986 0.286717 -0.117464 -0.088344 0.338068 -0.358478 0.020808 -0.056511 0.005344
buil 0.018340 -0.082057 0.089610 0.255968 -0.366427 0.285416 0.245929 0.154905 -0.797878 0.129953 0.258082 0.248531 -0.525293 -0.210292 0.341742 -0.297347 0.199939 0.111389 -0.639811 0.461249 -0.268273 0.013020 -0.000939 0.247772 -0.247997 -0.437273 -0.212280 0.071709 -0.576948 0.888785 -0.377372 0.342842 0.156627 -0.373955 -0.439804 0.026151 -0.187967 0.173536 0.054815 0.084463 0.013380 -0.197360 0.197043 -0.399576 0.595321 -0.073113 0.382552 -0.341444 0.080616 -0.405211
ont</w> 0.041713 -0.022596 0.193385 0.130213 -0.119318 0.213509 0.165513 -0.296772 -0.350261 -0.315122 0.406775 0.467963 -0.237390 0.369307 0.008556 -0.389158 0.359687 0.034613 -0.590935 0.194708 -0.411225 0.162408 0.037861 0.393583 0.303042 -0.839632 -0.205594 -0.185937 0.223634 0.146788 0.025576 -0.001953 -0.023663 -0.609678 -0.239993 -0.338816 -0.407896 -0.179125 -0.584137 1.064711 -0.701867 -0.171584 0.125226 -0.551605 -0.060233 0.544013 0.120547 -0.472109 -0.132855 0.229501
coming</w> 0.022906 0.120315 0.238390 0.323588 -0.300225 0.199086 0.261438 -0.187951 -0.550149 -0.430426 -0.014666 0.194873 0.004491 0.257177 0.094566 0.268945 0.057479 -0.178515 -0.383334 -0.070924 -0.040610 -0.083360 0.177783 0.124931 -0.077334 -0.263672 -0.290218 0.004638 -0.113988 0.570833 0.016052 -0.112947 0.081386 -0.238794 -0.155048 -0.591921 -0.322841 -0.333727 -0.393989 0.053475 -0.308617 0.286061 0.101067 -0.545564 0.047404 0.313791 0.117424 -0.163985 -0.005573 -0.244939
chin 0.043832 0.061922 0.723636 -0.271347 0.271809 -0.079963 0.152164 -0.532043 -0.579465 -0.451887 0.148504 0.319186 -0.055261 -0.414923 0.272904 -0.155650 0.036400 -0.161171 -0.676611 0.528774 0.415702 -0.272003 -0.170674 0.218107 -0.463573 -0.472635 -0.384640 0.045564 0.157270 0.308438 0.090576 -0.013272 0.586766 -0.848413 0.064055 -0.102246 -0.086218 -0.290410 -0.200821 -0.668456 0.047420 0.090707 -0.149575 -0.936137 -0.311599 -0.143238 0.464472 0.302923 0.396694 -0.557055
sy</w> 0.239392 0.663316 0.431424 0.062809 0.176358 0.120194 -0.011102 -0.496325 -0.333082 -0.488670 -0.001105 0.334333 -0.047098 -0.523588 0.040413 0.405618 0.087915 0.134908 -0.621309 0.260173 -0.444919 -0.058900 0.071216 0.517705 -0.356733 -0.273008 -0.037425 0.058435 0.639494 0.200514 -0.097180 0.152514 0.408641 -0.388529 -0.383793 -0.762318 0.359384 0.191336 0.155686 -0.011635 -0.145831 0.238005 -0.148904 -0.290098 0.114291 0.261628 -0.331777 0.023182 -0.039814 -0.095691
tt</w> 0.284947 0.271153 0.054533 -0.392943 0.056376 0.273984 0.550098 -0.050038 -0.586358 -0.161220 0.193444 -0.036938 0.005694 -0.349055 -0.072901 0.345608 -0.084708 0.276780 -0.604069 -0.102123 -0.146946 -0.309808 0.217746 0.052524 -0.165280 -0.742973 -0.250393 0.181367 0.774284 0.406159 -0.091080 0.034030 0.483943 -0.154493 -0.072218 -0.442749 0.401032 0.360861 -0.166603 -0.040654 -0.496581 0.159486 -0.096591 -0.589799 -0.144278 0.674463 -0.400779 0.044149 -0.432626 -0.018281
wish</w> 0.190244 0.161690 0.305865 0.236561 -0.374177 0.328441 0.630775 -0.235584 -0.617086 -0.095345 0.404607 0.575558 -0.218605 0.313542 0.082685 0.060602 0.227333 -0.219201 -0.406410 0.689660 0.444537 -0.411325 0.340169 0.187720 0.077923 -0.402881 -0.037496 -0.409936 0.176256 0.253682 0.151551 0.511717 -0.473545 -0.068144 0.006032 -0.091924 -0.394490 0.494560 -0.374567 0.035110 -0.606042 0.213515 0.140184 -0.164696 0.282652 0.160733 -0.328384 -0.394359 0.274282 -0.793227
supp 0.086042 0.645329 0.350600 0.094565 -1.037289 0.422379 0.253762 -0.006735 -0.725980 0.182503 0.115264 0.069107 -0.225544 0.185130 -0.190181 -0.624138 0.155487 -0.046868 -0.860358 0.655939 0.121437 -0.105065 0.065418 0.531030 -0.099812 0.051246 -0.649756 -0.069501 -0.018732 0.333397 -0.492051 0.752640 0.612415 -0.113098 0.157231 -0.090224 -0.085496 0.102329 -0.300394 -0.053107 0.291495 -0.157770 -0.129766 -0.379017 -0.022514 -0.185211 -0.090885 -0.523626 -0.324907 -0.565351
poin -0.130736 -0.219063 0.114105 0.006440 -0.636169 0.579812 -0.006553 0.053117 -0.390382 0.027357 0.433529 0.504729 -0.053836 -0.001060 0.262315 -0.373628 -0.252147 -0.242524 -0.473166 0.415117 -0.197930 -0.059252 -0.133446 0.355021 -0.245364 -0.199295 -0.376303 0.020241 0.158099 0.284042 -0.170847 0.687864 0.285396 -0.342673 -0.003159 -0.427439 -0.524503 0.083978 -0.139924 -0.160828 -0.079976 -0.211184 0.688112 -0.145398 0.228396 -0.050306 -0.374054 -0.514636 -0.396579 -0.260717
bot</w> 0.133194 0.393531 0.283461 0.446312 0.408070 0.085098 0.191655 -0.575230 -0.168906 -0.097880 0.174044 0.143033 -0.630609 -0.082253 0.038760 0.032894 0.163886 0.398976 -0.624216 0.099856 -0.098717 -0.777230 -0.270493 0.059511 0.011998 -0.820843 0.263234 0.093612 0.182416 0.239278 -0.234876 -0.535671 0.178848 -0.576728 -0.269714 -0.312210 0.280376 0.033523 0.109957 0.250349 -0.055420 0.301605 0.551143 -0.303188 0.052485 0.271747 0.758620 -0.040711 0.227651 -0.660794
ags</w> -0.036834 -0.247181 -0.080867 0.512869 -0.020775 0.319600 0.227578 0.195189 -0.461266 -0.494562 0.140976 0.421919 -0.041233 0.566321 -0.258118 -0.321008 0.234747 -0.416419 -0.625976 0.005236 -0.511163 0.023040 -0.171665 0.406454 -0.428646 -0.602670 0.239167 0.639627 0.377807 0.192203 0.447307 0.382069 0.226403 -0.667195 0.041762 -0.126710 -0.030932 0.269582 -0.010544 -0.044767 -0.429083 0.268369 0.289513 -0.688964 0.118267 0.330168 -0.349675 -0.382176 0.013422 0.012815
bab 0.132866 -0.194039 -0.116677 0.166502 -0.412691 -0.034858 0.032087 -0.132509 -0.627578 -0.245379 0.637996 0.176200 -0.428027 0.101904 -0.404435 -0.138491 0.039671 -0.413848 -0.358967 0.586380 0.314927 -0.395607 -0.352026 0.393240 -0.363203 -0.547238 -0.115568 -0.016170 -0.427871 0.323604 -0.196748 0.565552 0.345648 -0.094583 0.005428 -0.480943 -0.054772 -0.313054 -0.056510 -0.621965 -0.027243 0.059337 0.096778 -0.494897 -0.016345 0.092197 -0.003155 -0.437761 -0.182491 -0.293170
liked</w> 0.522411 0.165567 0.196982 0.278299 -0.323590 0.517685 0.340605 -0.118381 -0.580779 0.029902 0.275374 0.401692 -0.062145 0.415407 -0.323296 -0.093901 0.103777 -0.368414 -0.512460 0.294575 0.399200 -0.292739 0.208300 0.222375 0.116417 -0.092298 -0.126560 -0.014922 0.181943 0.162316 0.110047 0.484211 -0.267575 0.030997 -0.482158 0.071103 -0.413927 0.310560 -0.674038 0.267421 -0.317135 0.470574 0.274644 -0.231183 -0.019092 0.251138 -0.130006 -0.510672 0.184986 -0.598805
game</w> 0.055113 -0.005605 0.129138 0.368406 -0.197663 0.329677 0.122206 -0.303118 -0.364047 -0.377620 0.096959 0.453515 -0.177497 0.325328 0.148888 -0.253881 -0.262301 -0.210882 -0.401274 0.211597 -0.054803 -0.235934 -0.046913 0.330293 -0.226401 -0.298301 0.073099 0.097073 0.175310 0.093430 -0.028015 -0.038522 -0.008733 -0.292054 -0.200077 -0.446973 -0.269973 -0.341072 -0.313977 -0.316153 0.005484 0.392465 0.229287 -0.507782 0.166922 -0.017024 0.038919 -0.335740 0.230111 -0.312135
fast</w> -0.034756 -0.035853 0.211333 -0.012111 -0.342887 0.316810 0.225972 -0.006114 -0.590844 -0.122900 0.192142 -0.095222 -0.110214 -0.051590 -0.227813 -0.063993 0.284966 -0.118737 -0.515687 0.185396 -0.151800 -0.097721 0.201889 0.304351 0.224903 -0.417219 0.208329 -0.105793 0.183503 0.288324 0.286693 0.154047 0.257772 -0.070431 0.069166 -0.342211 -0.153135 -0.110744 -0.333613 -0.100939 -0.689734 0.626052 0.006155 -0.218335 0.214049 0.227370 -0.118186 -0.226487 0.110498 -0.443825
zy</w> -0.016121 0.477636 0.286795 -0.081588 -0.087935 0.368981 0.338605 -0.351867 -0.308524 -0.225126 0.305939 0.035219 0.072976 -0.123021 -0.036596 0.353529 0.087974 0.054799 -0.400925 -0.060457 0.419368 -0.202099 0.321996 0.217374 -0.376124 -0.821641 0.133644 0.214730 0.225383 0.379975 0.366852 -0.249218 0.145339 -0.243168 -0.005024 -0.629256 -0.071235 -0.045815 -0.478253 -0.069619 -0.237899 0.443134 -0.142412 -0.027946 -0.150481 0.744192 0.122064 0.076826 -0.170969 -0.049213
expe 0.055783 -0.206232 0.344500 0.815708 0.053749 0.562960 0.554869 0.494120 -0.490104 0.394473 0.295946 -0.369036 -0.250267 0.338049 0.228632 -0.245155 0.481710 -0.199362 -0.741294 0.874132 0.350854 -0.222290 -0.147068 -0.072106 0.530818 -0.475954 -0.294334 -0.670853 -0.185061 0.578085 -0.401906 0.813162 -0.114562 -0.502162 0.063997 -0.218710 -0.282630 0.372196 0.118847 0.200886 -0.536923 0.042757 0.499939 -0.270446 0.535295 0.302211 -0.177796 -0.393883 0.330996 -0.530826
writing</w> 0.160365 -0.034068 0.263617 0.127658 0.014663 0.362715 0.199550 -0.320178 -0.281084 -0.124802 -0.087083 0.466372 -0.172325 0.226095 0.046760 -0.234887 0.152099 0.058318 -0.352505 0.267320 -0.203323 -0.121080 -0.054451 0.400120 0.069175 -0.364600 0.135181 -0.155807 0.015606 0.327219 -0.080135 -0.034097 -0.155157 -0.266548 -0.340003 -0.502772 -0.198946 -0.105425 0.124500 -0.075985 0.036032 0.341532 0.177404 -0.264742 0.180012 -0.040862 0.215149 -0.374246 0.181004 -0.279175
cal -0.507502 0.429315 0.087557 0.274948 -0.219039 0.553740 0.274454 -0.290883 -0.619267 -0.167500 0.158886 0.215483 -0.858784 -0.092618 -0.154949 -0.477130 -0.519978 -0.135534 -0.618644 0.433644 0.028733 -0.181495 0.047129 0.141260 -0.456460 -0.198044 -0.323297 0.328254 0.199404 0.274077 -0.217222 0.056069 0.572251 0.074100 0.460294 -0.464190 0.154658 -0.239787 0.208684 0.102533 -0.362187 -0.269659 -0.129141 -0.066288 -0.024848 0.129887 -0.312372 -0.180511 -0.293443 -0.253743
desp -0.116394 -0.234438 0.328474 -0.657116 -0.036441 0.818576 0.627643 -0.018439 -0.251265 0.047703 0.242283 0.446454 -0.045818 0.461853 0.163349 -0.252811 -0.044594 -0.264764 -0.363694 0.851648 -0.304324 -0.111916 0.194510 0.102761 -0.688233 -0.623717 0.018131 0.336390 -0.333497 0.149267 -0.296658 0.342717 -0.043345 0.112514 -0.212038 -0.164283 -0.521309 0.024406 -0.241899 -0.571926 0.101769 0.093527 0.574638 -0.179622 0.194422 0.183480 0.259352 0.107032 0.407282 -0.249589
ide 0.177327 0.323935 0.065014 0.306812 -0.026649 0.611999 0.292595 -0.280518 -0.694877 0.066625 -0.451834 0.404039 -0.018642 -0.488162 -0.184055 -0.206511 0.074832 -0.147188 -0.819124 0.474461 -0.392148 -0.228265 -0.354678 0.074369 -0.375799 -0.248564 -0.037560 -0.077092 -0.039814 0.009235 -0.146062 0.173021 0.499050 -0.509801 -0.054220 -0.020669 -0.247170 -0.386542 0.095796 -0.306165 0.135301 0.044299 -0.201993 -0.501518 0.006744 -0.397207 -0.472103 -0.200894 0.490121 -0.378567
gin -0.155647 0.490802 0.468687 -0.523108 0.322042 0.420761 0.522928 -0.293362 -0.486569 0.235424 -0.102256 -0.077197 0.134740 -0.060327 0.234872 -0.146723 0.253588 0.231779 -0.765983 0.393317 0.226752 -0.176150 -0.320302 0.245472 -1.122492 -1.239346 -0.090623 -0.174031 0.089794 0.179135 -0.375738 0.523571 0.386514 -0.350474 0.184101 -0.541094 -0.028492 -0.297641 0.293515 -0.388880 0.098307 -0.552085 -0.374454 0.188552 -0.033127 0.048131 -0.097806 0.686891 0.473270 -0.406739
non</w> -0.048249 0.060048 0.363476 -0.068998 0.108213 0.115164 0.194058 -0.286395 -0.887622 0.133145 -0.076278 0.068339 -0.219196 -0.421473 -0.108286 -0.120197 0.000889 0.117095 -0.662386 0.410684 -0.241747 -0.237016 -0.272489 0.508809 -0.456353 -0.176365 0.317823 -0.139974 0.190747 0.118844 -0.079654 -0.219294 0.135315 -0.316685 -0.063577 -0.598673 0.120282 0.131933 -0.006298 -0.063698 -0.484627 0.548120 -0.079110 -0.442444 0.337607 0.089832 -0.071050 0.117447 0.127287 -0.311261
told</w> 0.039938 0.049347 -0.033989 0.357817 -0.280501 0.405836 0.368147 -0.134219 -0.617722 -0.060031 -0.090501 0.594284 -0.108524 0.289749 -0.298319 0.026063 0.273769 -0.043888 -0.129497 0.177268 0.368839 -0.225128 0.113755 0.361123 0.021250 -0.467633 -0.154779 -0.229868 0.012279 0.275384 0.093991 0.403070 -0.279225 -0.222665 -0.058370 -0.127621 -0.431450 -0.025218 -0.209693 0.179596 -0.248025 0.347431 0.226328 -0.184444 0.133337 -0.059254 -0.036855 -0.285833 0.306672 -0.396565
contain 0.171629 -0.440891 0.068812 0.073220 -0.184991 0.369310 0.293625 0.146411 -0.394672 -0.377954 0.030414 0.501390 -0.349904 0.304014 -0.230462 -0.604742 0.199087 -0.036108 -0.017483 0.362168 0.168799 -0.166822 0.067374 0.136036 -0.704613 -0.629198 0.170052 -0.098122 -0.231428 0.523531 -0.062217 0.208705 0.127088 -0.154696 -0.464265 -0.540200 -0.235660 -0.248858 -0.374606 -0.224533 0.517794 -0.230984 0.429055 -0.347381 -0.019917 -0.319949 -0.131159 -0.121705 0.210962 -0.389025
wom 0.423171 -0.455532 -0.067153 0.237223 -0.196742 0.353579 -0.070357 0.175506 -0.649797 0.040338 0.101654 0.134573 -0.183785 0.343400 -0.223553 0.027364 0.101946 -0.437529 -0.320317 0.285071 -0.342165 -0.442174 0.050556 0.468180 -0.421181 -0.663259 -0.058804 -0.060643 -0.523995 0.635327 -0.085687 0.473005 0.677931 -0.495854 0.125734 -0.027464 -0.152015 -0.091865 -0.736747 -0.060688 -0.143008 -0.199274 0.267029 -0.520625 -0.436565 0.155791 -0.028539 -0.155065 0.461002 -0.232968
num -0.191804 -0.351234 0.116804 0.246839 -0.084737 0.153505 0.226274 -0.076601 -0.489548 -0.397226 -0.087905 0.600255 -0.243920 0.385168 -0.091932 -0.659681 0.083443 -0.355829 -0.478692 0.410067 -0.180184 -0.465956 -0.334245 0.297812 -0.391153 -0.482072 0.375829 0.272333 0.340632 0.485047 0.098686 0.342355 0.301480 -0.187506 0.157332 -0.288875 0.004878 -0.212150 0.307254 0.021786 -0.043598 -0.209618 0.546858 -0.902600 -0.406280 -0.400619 0.082742 -0.009271 -0.074741 -0.172657
unfortun 0.423816 0.006451 -0.038111 -0.029414 -0.060170 0.785105 0.714745 -0.459572 -0.755471 -0.094960 0.115710 0.268145 -0.092782 0.224080 -0.193392 0.049982 -0.035656 -0.181738 -0.359162 0.773370 0.133135 0.240662 0.126943 0.010582 -0.501254 -0.617868 0.319774 0.066675 -0.673184 -0.065717 -0.347227 0.446146 0.261787 0.288493 -0.301673 -0.243002 -0.769352 0.080063 -0.364003 -0.496419 -0.097512 0.466245 0.723701 0.237780 0.619872 0.104980 -0.584625 -0.357599 0.408117 -0.734862
camera</w> -0.065897 -0.225975 -0.019063 0.082413 -0.262144 0.464220 0.067301 -0.110971 -0.761326 -0.161357 0.057246 0.080676 -0.222359 0.120565 0.044598 -0.032594 0.014108 -0.075491 -0.432710 0.048783 -0.347266 -0.050913 0.190443 0.454501 -0.018469 -0.329259 -0.065826 -0.246797 -0.057654 0.303815 -0.068620 -0.092033 0.208592 -0.002849 -0.169464 -0.324040 -0.034326 -0.179424 -0.279409 -0.087873 0.125260 0.352713 0.362679 -0.638511 0.021343 0.259018 0.004482 -0.257254 0.105447 -0.130900
pul 0.228134 0.133819 0.103928 0.267734 -0.242151 0.320147 0.515362 0.097421 -0.301740 0.273215 0.286304 0.135915 -0.389785 0.270442 0.203926 -0.294752 0.246367 -0.126304 -0.480077 0.023807 0.103638 0.109698 -0.707470 0.224291 -0.485977 -0.576630 0.044428 -0.092608 -0.239160 0.348791 -0.604392 0.334105 -0.080606 -0.182236 0.094448 -0.054766 -0.240069 -0.306111 -0.140568 -0.042104 0.291312 -0.026199 0.239485 -0.205422 -0.111439 0.205033 0.262579 -0.252649 0.023707 -0.665134
ption</w> -0.252180 0.246319 0.482359 0.618568 0.243292 0.152123 0.441527 0.166730 -0.124306 0.180928 -0.079169 0.243547 0.403160 -0.071646 0.244695 0.212175 0.114532 -0.252329 -1.067141 0.544468 -0.281615 -0.737708 -0.242915 -0.001943 0.146416 -0.313757 -0.265681 0.261654 0.197156 0.397123 0.102544 0.354757 -0.171046 -0.204188 -0.149554 -0.509276 -0.401804 -0.069930 0.029968 -0.399128 -0.137161 0.948044 -0.018538 -0.469590 0.639863 0.356834 -0.332678 -0.073314 0.085897 0.017109
tor</w> -0.155167 0.034070 0.238924 0.028264 0.245048 0.621211 0.468967 -0.183846 -0.328852 -0.563693 0.043988 0.764810 0.047109 -0.073312 -0.281669 0.098882 0.168851 0.046610 -0.781792 0.082364 -0.226135 0.049124 0.283333 -0.011119 0.170952 -0.748838 0.010718 0.111564 0.508796 0.012400 0.273150 0.364967 0.286091 -0.502656 -0.048862 -0.518829 -0.073670 -0.295746 0.286814 -0.292274 0.077792 0.142737 -0.158242 -0.077180 -0.286781 -0.056984 -0.451575 -0.136953 -0.167508 0.207796
ingredients</w> 0.134640 -0.018575 0.209120 0.083674 -0.135873 0.438786 0.121678 -0.050772 -0.550834 -0.125379 -0.053922 0.446392 -0.004510 0.352887 -0.116016 -0.271145 -0.115028 -0.297479 -0.376496 0.363376 -0.236785 -0.377030 0.088352 0.312882 -0.160073 -0.228495 -0.256987 0.110851 -0.212124 0.114465 0.126678 -0.126405 0.209863 -0.358381 -0.143272 -0.392432 -0.535033 -0.162632 -0.357497 -0.339795 -0.071041 0.421573 0.182819 -0.426909 0.394503 0.142310 -0.119480 -0.273248 0.445795 -0.090554
become</w> 0.260655 0.160273 0.143700 -0.008560 -0.070365 -0.032201 0.344542 0.231557 -0.426754 0.012402 0.039530 0.151201 0.007532 -0.075486 -0.084490 0.269408 0.341057 -0.023215 -0.645345 0.405011 0.093971 -0.092228 -0.146097 0.259650 -0.054395 -0.157265 -0.118189 -0.170112 0.126339 0.381403 -0.041746 0.616347 0.029054 -0.035208 0.017148 -0.324288 -0.275862 0.010201 -0.299420 0.080079 0.034071 0.140243 -0.095803 -0.338325 0.311193 0.197448 0.022477 0.069071 0.079931 -0.727150
start</w> -0.068231 -0.064203 0.373428 0.434840 -0.226569 0.206524 0.392969 -0.059044 -0.386955 0.134973 0.259637 0.118850 -0.064215 0.403782 0.154822 0.126562 0.240627 -0.289265 -0.559191 0.294141 0.099854 -0.332273 0.017639 0.077589 0.122621 -0.308137 -0.353356 -0.075374 -0.147298 0.608402 0.189658 -0.018377 -0.055475 -0.258142 -0.057741 -0.131535 -0.547942 -0.145270 -0.402213 0.333900 -0.212257 0.863070 -0.051446 -0.375883 0.017261 -0.029085 0.298065 -0.520473 0.154663 -0.642363
ok</w> 0.039889 -0.079633 0.130021 -0.085355 -0.291470 0.669067 0.416122 -0.310340 -0.859750 -0.338851 0.161465 0.636984 -0.146686 0.112343 -0.106234 -0.006601 0.290182 -0.091291 0.081834 0.470268 0.000133 -0.125773 0.222890 0.279371 -0.289621 -0.711498 0.206548 -0.313997 -0.133001 0.091276 -0.079172 -0.013970 -0.058524 -0.282859 -0.278888 -0.463393 -0.357643 0.310289 -0.344250 -0.236473 -0.448724 0.659175 0.041038 -0.127996 0.322581 0.184811 -0.179437 -0.332350 0.369425 -0.511008
men</w> 0.229691 0.013683 0.060809 0.073236 -0.218587 0.335578 0.279198 0.057861 -0.678461 0.192844 0.237077 0.153863 -0.008350 0.097716 -0.069441 0.091282 0.187783 -0.141892 -0.428750 0.292232 -0.259265 -0.136987 -0.052707 0.196388 -0.187375 -0.071996 -0.230956 -0.030778 -0.030337 0.335226 -0.021470 0.014105 0.297119 -0.278700 -0.110512 -0.316190 -0.340272 -0.136506 -0.322423 -0.213050 -0.244272 0.194734 -0.022464 -0.236949 0.189232 0.411759 -0.218027 -0.134624 0.121499 -0.066740
sch 0.070949 0.178982 0.473348 -0.057111 0.031564 0.188338 0.546551 -0.204541 -0.189028 0.021538 0.253260 0.086473 -0.027874 -0.240001 -0.276529 -0.165712 -0.155200 0.125012 -0.487288 0.081724 -0.069013 -0.094666 -0.261631 0.039430 -0.412893 -0.748060 -0.196353 0.357938 0.171395 0.234022 -0.245607 0.284722 0.219533 -0.221172 0.054363 -0.322466 0.522954 -0.306876 0.053408 -0.046904 0.024920 -0.143834 0.131962 -0.368706 -0.251147 0.118474 0.133127 0.454251 -0.098304 -0.502453
wife</w> 0.054886 -0.233669 0.135952 -0.188526 -0.494877 0.254779 0.458308 -0.258450 -1.009242 -0.049894 0.150371 0.182448 0.116037 0.197356 -0.234355 -0.111806 0.143992 -0.162128 -0.426300 0.225468 -0.088075 0.001346 -0.114882 0.300187 -0.154192 -0.334415 0.171584 -0.581343 -0.130898 0.331203 -0.213873 0.046541 0.066273 -0.293008 -0.156535 -0.408026 -0.554844 -0.118778 -0.011040 -0.288602 -0.070212 0.175703 0.033367 -0.654658 -0.422843 0.336520 -0.132577 -0.169733 0.295612 -0.394313
peri 0.369739 0.505466 0.074649 -0.311950 0.110131 0.094984 0.360205 -0.120617 -1.038946 -0.289657 0.120016 0.194595 -0.186596 0.139537 -0.272296 -0.529416 -0.490663 0.006496 -0.610503 0.922702 0.303407 -0.156401 0.352080 -0.306968 -0.193659 -0.513467 -0.139744 0.132897 0.034146 0.594219 -0.363902 0.389511 0.029074 -0.218429 -0.291747 0.234188 0.356262 -0.301276 -0.048058 -0.041532 0.066211 -0.028034 -0.135761 -0.249828 0.199343 0.482407 -0.134311 0.303448 -0.059077 -0.330934
sugar</w> -0.011502 0.191763 0.058657 0.190561 -0.235705 0.304733 0.203514 -0.134243 -0.684838 -0.325688 -0.030429 0.293749 -0.053496 -0.226600 -0.007243 -0.039599 -0.228419 -0.208878 -0.603872 0.242232 -0.140417 -0.247508 -0.182756 0.234403 -0.394394 -0.172284 0.034865 0.015707 0.125579 0.239136 -0.018344 -0.008708 0.126890 -0.250458 -0.082773 -0.325848 0.024712 -0.082008 -0.204470 -0.172827 -0.159212 0.383422 -0.005485 -0.460699 0.336975 0.094312 -0.337633 -0.101171 0.177537 -0.176806
care</w> 0.059102 0.019004 0.730626 0.363279 -0.431661 0.297470 0.386705 0.096491 -0.232415 0.000742 0.536321 -0.196257 0.200610 0.190569 -0.109976 0.012572 0.556150 0.036984 -0.767322 0.343761 0.148844 -0.150198 0.208869 0.110150 0.016921 -0.487176 0.098683 -0.266716 -0.334723 0.392971 0.149026 0.652928 -0.170471 -0.612030 -0.387957 -0.286628 -0.133260 0.240359 -0.082874 0.472280 -0.131357 0.476618 -0.186418 -0.346370 0.196919 0.072563 0.171724 -0.676675 0.263097 -0.275881
actre 0.222546 0.077654 -0.082944 0.323894 0.074708 0.213421 0.103135 0.457688 -0.589813 -0.572783 0.217467 0.429935 -0.213656 -0.141008 -0.215108 -0.529586 0.113529 0.152170 -0.409677 0.977569 -0.145314 0.126509 -0.454026 -0.095224 -0.566040 -0.195152 -0.268690 0.234777 -0.035311 0.466044 0.036200 0.423534 0.238309 0.108274 -0.054235 -0.363377 -0.186812 -0.381581 -0.362564 -0.441963 0.421327 -0.374493 -0.046945 -0.538771 0.249503 0.347124 -0.375380 -0.312717 0.291416 -0.339603
die</w> -0.006351 0.071794 0.217530 0.079191 -0.086547 0.360554 0.293507 0.113687 -0.647145 -0.074584 0.160678 -0.055103 0.016133 0.186519 -0.050253 0.022776 0.083510 -0.222493 -0.605953 0.109037 -0.149347 -0.078017 0.152367 0.122237 -0.234678 -0.316126 0.075761 -0.048095 0.093124 0.300733 -0.019133 0.067528 0.022750 -0.146612 -0.297850 -0.196130 -0.097361 0.195355 -0.382488 0.280432 -0.100178 0.305973 -0.081619 -0.272367 0.161096 0.454340 -0.277437 -0.315619 -0.031742 -0.227682
of 0.058677 0.487974 0.107470 -0.099580 -0.235548 0.098064 0.195597 0.094652 -0.605243 -0.176269 0.232852 -0.308712 -0.234570 -0.137777 0.083697 -0.043830 0.658810 -0.025994 -0.882672 0.250029 0.115834 -0.200072 -0.750299 0.306045 -0.423906 -0.677574 0.483826 0.142089 0.029771 0.924891 -0.133224 0.274110 0.152554 -0.600273 -0.462991 -0.493001 -0.252662 -0.067091 0.255096 -0.229719 -0.019649 0.069969 0.374246 -0.137856 -0.130478 0.311287 0.215680 -0.479184 -0.021738 0.292111
purch 0.260049 0.132265 0.005482 0.456276 -0.324794 0.099389 0.844359 0.128449 -0.055007 -0.642390 0.296412 0.646743 -0.187445 0.074960 0.138536 0.166009 0.147341 -0.300768 -0.569490 0.555885 0.460367 -0.233798 0.226531 0.610480 0.167572 -0.425530 -0.677575 -0.300046 0.366301 0.273045 0.044130 0.857096 -0.184990 -0.020321 0.015051 -0.018357 -0.071525 0.162020 -0.276284 -0.369217 -0.430516 -0.258179 0.946368 -0.093837 0.504658 0.348426 0.010431 0.250065 0.077015 -0.933302
gul 0.449506 -0.033237 0.219309 0.634456 -0.281835 0.273727 0.648613 0.462206 -0.454108 -0.081158 0.213584 0.139470 -0.001390 -0.417360 0.247200 -0.418710 0.192402 -0.144658 -0.658318 0.129845 -0.513092 -0.446178 -0.363089 0.058180 -0.636240 -0.169998 -0.025277 -0.205644 0.514067 0.406169 -0.026289 0.550110 0.139543 0.016483 0.289231 -0.348708 -0.051886 -0.288082 -0.778118 -0.297981 0.186368 -0.000205 0.281893 -0.482528 -0.022891 0.395270 -0.284237 0.658687 0.507253 -0.023128
tun 0.576976 0.019074 -0.031448 0.144363 0.227927 0.155112 0.525152 -0.215306 -0.028595 0.361625 0.189053 0.083129 -0.262434 -0.438796 0.254126 0.047898 0.059630 -0.008042 -0.881989 0.271697 0.029817 -0.058755 -0.331247 -0.028408 -0.016590 -0.771210 -0.424658 0.224726 -0.372872 0.479044 -0.390359 0.332629 0.415065 -0.579015 0.254037 -0.565751 -0.016103 -0.282361 -0.019664 -0.592371 0.068248 -0.065835 0.489805 -0.237359 -0.005592 -0.470876 0.143304 0.118487 0.053841 -0.159214
ne</w> 0.002202 0.276522 0.442141 -0.170504 0.146681 0.379870 0.687874 -0.670478 -0.301797 0.040290 0.379832 0.089249 -0.024796 -0.037800 -0.289251 -0.118175 0.012357 0.073572 -0.324164 0.051377 -0.079588 -0.019598 -0.371337 0.066306 -0.035218 -0.922984 -0.011733 -0.115526 0.436705 0.068445 0.056397 -0.081662 0.353948 -0.003872 0.083453 -0.800591 -0.053517 0.143878 0.381873 0.083147 -0.122705 0.056707 -0.496117 -0.353794 -0.217443 0.652125 -0.291023 0.204712 -0.193767 -0.294950
chang 0.220270 -0.220709 -0.073752 0.059885 -0.186801 0.355304 0.700533 0.128890 -0.680574 -0.076929 0.136307 0.409545 -0.017778 0.073272 -0.150399 -0.164637 0.121309 0.054153 -0.112060 0.472277 -0.094902 0.078893 0.334690 0.393758 -0.489253 -0.496595 -0.358852 -0.483344 -0.102287 0.559420 -0.275539 0.369509 -0.012268 -0.424905 0.135347 -0.273926 -0.358108 -0.482430 -0.537687 -0.502019 0.290235 0.011511 0.716522 -0.469133 0.310852 -0.299438 -0.119247 -0.044446 0.263122 -0.583287
fer 0.415728 0.258777 0.213508 0.063772 0.162072 0.051517 0.413009 0.087603 -0.295560 0.197282 -0.127217 0.234701 -0.556699 -0.097809 0.550360 -0.314997 0.298023 0.106394 -1.083523 0.482215 -0.196911 -0.543198 -0.254463 0.143866 -0.440562 -0.411277 -0.203298 0.156479 -0.070220 0.373400 -0.552206 0.189713 0.402234 -0.509548 -0.231522 0.309159 -0.477637 -0.219905 -0.510978 -0.089667 0.346633 0.081271 0.403623 0.002048 0.030345 0.373195 0.044692 0.610680 -0.164106 -0.290703
ities</w> -0.095301 0.280619 0.164894 0.415147 -0.156848 0.257503 0.409812 -0.301477 -0.389853 0.227360 0.091617 -0.008524 -0.050347 0.121429 -0.337790 0.357810 -0.294387 0.035757 -0.759115 0.224331 -0.230171 -0.029054 -0.211814 0.097137 -0.173241 -0.838118 -0.227025 0.358791 0.698964 0.088757 0.160736 -0.073639 0.417910 -0.430891 0.132445 -0.044793 -0.389389 -0.346906 -0.320614 -0.090729 -0.129722 0.097396 -0.312242 -0.395222 -0.015859 0.413166 -0.343951 0.056709 -0.040899 0.195807
disappoin 0.240606 -0.049448 -0.059874 -0.173466 -0.554905 0.550117 -0.002809 -0.064832 -0.154447 -0.182685 0.319813 0.339213 0.066876 -0.186123 -0.221537 -0.443737 0.333296 -0.137932 -0.629695 0.757406 -0.021060 0.231341 -0.286684 0.537257 -0.187943 -0.419850 0.068583 0.105066 -0.216956 0.302805 -0.031309 0.863834 0.174140 -0.477681 -0.158586 -0.486243 -0.487209 -0.022374 0.016744 -0.466058 -0.011148 -0.132706 0.719315 -0.240359 0.515135 -0.206420 -0.290915 -0.843804 -0.361774 -0.466410
etc</w> 0.108236 0.170999 0.166563 -0.341502 0.098690 0.693691 0.342970 -0.417962 -0.866288 -0.209626 0.412451 0.414459 -0.131654 0.313258 -0.190876 -0.177712 -0.068474 -0.478388 0.014196 0.273978 0.031121 -0.325874 0.284157 0.093626 -0.493628 -0.885924 0.057320 -0.053254 -0.190681 -0.238670 -0.017582 -0.104548 0.382424 -0.333058 0.068398 -0.153802 -0.593797 0.172609 -0.426848 -0.402569 0.093042 0.223354 0.412256 -0.087209 0.511163 0.620446 -0.473827 -0.595689 0.341933 -0.242247
tar 0.238594 -0.032606 -0.119981 -0.113656 -0.255665 0.402341 0.694333 0.019487 -0.235595 0.160151 0.116319 0.263904 -0.135399 -0.468573 0.241892 -0.102876 0.143641 0.203192 -0.710312 0.207287 -0.361318 0.099667 -0.252062 0.334894 -0.334753 -0.557907 -0.225863 0.183747 0.157268 0.271289 0.038684 0.188948 0.346836 -0.386766 0.385966 0.057028 -0.336829 0.061066 -0.526655 -0.105750 -0.218030 -0.340059 -0.122496 -0.381984 0.182073 0.241635 -0.007632 0.146537 0.214448 -0.295735
mus 0.202464 0.058785 0.367517 -0.151420 -0.088069 0.407548 0.339317 -0.421843 -0.382225 -0.042844 0.134850 0.315925 -0.254078 -0.221422 0.083884 -0.221429 -0.297407 0.113875 -0.600202 0.858257 -0.096976 -0.243236 -0.162669 0.129953 -0.527158 -0.361109 -0.079153 0.152187 0.141912 0.135961 -0.265692 0.253438 0.528051 -0.129434 0.090901 -0.084313 0.147469 -0.259229 0.133635 -0.249441 0.033998 -0.258072 0.328540 -0.334306 -0.492790 -0.006924 -0.205292 0.190343 0.235723 -0.315027
gle</w> -0.090759 0.295711 0.633182 -0.086210 0.341860 0.326065 0.309369 -0.422814 -0.407784 0.399948 0.047633 0.096540 -0.392766 0.035981 -0.049968 0.448558 0.273944 -0.049699 -0.556105 -0.194947 -0.295125 -0.503363 -0.300459 -0.012965 0.163775 -1.113714 0.201791 0.118598 -0.164614 0.538967 0.061678 -0.347628 -0.047395 -0.581998 -0.234506 -0.164922 0.024642 -0.051668 0.239898 0.545411 -0.150654 0.323541 -0.000941 -0.320118 -0.080810 0.302772 0.235940 -0.138539 0.227294 -0.606733
ain</w> 0.150229 0.222308 -0.036835 0.368310 0.185002 0.361528 0.399549 -0.321768 -0.382061 0.174195 0.454840 0.164124 -0.023419 0.091934 -0.322619 0.051035 0.449404 0.123236 -0.703248 0.201476 0.131966 -0.032167 -0.317530 0.132157 0.101894 -0.999016 0.255012 -0.497254 0.571677 -0.077714 0.255558 0.320808 0.073776 -0.387181 -0.122680 -0.097998 0.264728 -0.021625 0.098253 -0.251608 0.143510 0.214008 -0.034245 -0.421706 -0.419951 0.292563 -0.131187 -0.409559 -0.306203 0.088428
performan 0.068041 -0.051571 0.265174 -0.004945 -0.238042 0.569323 -0.293730 -0.162430 -0.618993 0.006013 -0.123010 0.396526 -0.336834 0.440286 0.126391 -0.739125 -0.057150 -0.254380 -0.413134 0.656697 -0.433510 -0.170609 0.071125 0.605836 -0.217740 -0.572264 -0.311574 0.132098 -0.481044 0.166807 0.164703 0.225586 0.576928 -0.596624 0.093527 -0.310809 -0.608918 -0.028444 -0.117867 -0.263043 -0.070841 -0.207054 0.371821 -0.127197 0.194684 -0.385660 -0.401368 -0.387714 0.216730 0.182363
tom 0.057736 0.388562 0.164662 0.129121 -0.184962 0.239627 0.313986 -0.568945 -0.633002 -0.129084 -0.017867 0.035562 -0.193617 -0.148016 -0.161240 -0.414118 -0.341786 -0.007145 -0.627456 0.082907 -0.130967 -0.392822 -0.156542 0.321131 -0.320419 -0.879291 -0.390927 0.014209 -0.025011 0.099055 -0.731207 0.224461 0.521954 0.114655 0.121601 -0.108916 0.089064 -0.188697 -0.029046 0.271333 0.157109 -0.152050 -0.051103 -0.475925 -0.031648 0.164104 -0.295757 -0.018206 -0.134297 0.001483
lat 0.211910 -0.363250 0.132469 0.080425 -0.177141 0.156173 0.292918 0.078844 -0.490602 -0.011987 0.172349 0.195796 -0.397627 0.061716 0.118503 -0.659355 0.165327 0.051473 -0.715070 0.487449 -0.263632 -0.395199 -0.053991 0.358029 -0.198569 -0.247654 -0.171396 -0.145282 0.061708 0.640624 -0.358067 0.588687 0.092559 -0.664784 0.007443 -0.180057 -0.308149 -0.189178 -0.449415 -0.114689 0.158080 -0.314673 0.238508 -0.414489 -0.534242 0.012677 0.208460 -0.061079 0.172029 0.169140
reas 0.561109 0.084417 0.270340 -0.116273 0.313130 0.655615 0.559266 -0.206660 -0.354992 0.280786 -0.169344 0.222639 -0.436388 -0.037107 0.126979 -0.123902 0.054304 -0.251575 -0.748481 0.827824 -0.071943 -0.087361 -0.224997 0.185660 -0.465124 -0.304622 -0.574019 0.586053 -0.043259 0.383054 -0.180183 0.253387 0.082318 -0.003161 0.134109 0.256513 -0.526197 -0.050054 0.129391 -0.231851 0.085375 -0.064528 0.302993 -0.164623 -0.251011 -0.044711 0.110107 -0.035661 0.460327 -0.481865
dev 0.174979 0.021337 0.161080 -0.126478 0.024719 0.278304 0.233372 0.070659 -0.558936 -0.246380 -0.141702 0.332072 -0.149429 0.043909 -0.277626 -0.312097 -0.226850 0.286572 -0.285948 0.294367 -0.037444 -0.419640 -0.128758 -0.064013 -0.318023 -0.617236 -0.248194 0.469566 -0.043520 0.488181 -0.363378 0.230868 -0.094640 -0.282829 0.449607 -0.183197 -0.200251 -0.488799 -0.233812 -0.262734 0.031134 0.107123 -0.022498 -0.206353 0.129744 0.144572 -0.056859 0.227135 0.209827 -0.380749
ga 0.292774 -0.086665 0.202835 0.104937 0.108251 0.171542 0.276944 -0.041822 -0.337245 0.206554 0.144879 0.009789 -0.397818 -0.155695 0.103172 0.074501 0.096745 0.109135 -0.490300 0.128824 0.025421 0.021525 -0.497848 0.271304 -0.617209 -0.677853 0.008858 0.203096 -0.080369 0.454664 -0.213846 0.278650 0.303270 -0.422687 0.191498 -0.135582 0.105466 -0.072899 -0.063320 -0.135339 0.043946 -0.359606 -0.123504 -0.425896 -0.126046 0.153689 0.075057 0.088521 0.186744 -0.390444
hop 0.000122 -0.297138 0.035567 -0.024752 -0.409461 0.123204 0.811934 0.003286 -0.650625 -0.046812 0.402255 0.291243 -0.070042 0.020215 0.109316 0.000016 0.203832 0.080884 -0.098539 0.435068 0.147772 0.114979 0.220855 0.282971 -0.484619 -0.296849 -0.320088 -0.646928 -0.015345 0.513929 -0.132110 0.447360 0.028299 -0.372718 -0.007466 -0.239705 -0.165129 -0.394592 -0.473106 -0.353365 0.047783 0.081955 0.562005 -0.621139 0.135799 -0.345930 -0.245917 -0.219553 0.190053 -0.744036
sug 0.384717 0.360980 0.073319 -0.017754 -0.315228 0.509384 0.556007 0.077680 -0.676613 0.042736 0.008796 0.209346 -0.491639 -0.391586 -0.125324 0.015377 0.336165 -0.030838 -0.668329 0.134791 -0.152632 -0.013365 0.044490 0.233649 -0.406941 -0.745676 -0.300159 0.064832 -0.089445 -0.020934 -0.317644 0.210265 0.016899 -0.366374 0.225332 0.090755 0.008275 0.328702 -0.111900 -0.428067 -0.270652 -0.603359 -0.208606 -0.160616 0.151321 0.391748 0.003463 -0.363016 -0.051894 -0.455033
bel 0.044905 -0.161793 0.079686 0.142110 -0.316161 0.195255 0.694071 -0.074451 -0.506307 0.258375 0.237728 0.064956 -0.300319 0.015628 -0.064555 -0.072187 -0.029368 0.079241 -0.438072 0.430889 0.054950 -0.234904 -0.132731 0.333418 -0.271922 -0.391648 -0.416603 -0.064862 0.089711 0.345334 -0.184152 -0.077999 0.291493 0.162933 0.031518 -0.329511 -0.042521 -0.167278 -0.303121 -0.077516 0.217846 -0.119839 0.302059 -0.261764 -0.211564 -0.103500 0.057941 0.181588 0.056544 -0.335404
every 0.046389 -0.392665 0.316396 0.336866 -0.059727 0.714031 0.303630 -0.208712 -0.437043 -0.340947 0.160480 0.198229 -0.038976 0.241514 -0.223587 -0.220893 -0.095874 -0.125355 -0.283584 0.060502 0.069121 0.029635 0.300836 -0.218698 -0.278857 -0.270355 -0.410871 0.155418 -0.298050 0.253188 0.359181 0.335385 0.314153 -0.388668 -0.204026 -0.208488 -0.237463 -0.083047 -0.129166 0.074979 -0.159475 0.118141 0.481552 -0.045898 0.383387 -0.054790 -0.304698 -0.529559 0.180057 -0.288595
oll -0.417890 -0.173355 0.048604 0.230744 -0.013708 0.433212 0.445576 0.023111 -0.814318 -0.120156 0.655045 0.009184 -0.293137 -0.013918 -0.053422 -0.189390 0.540084 -0.434883 -0.776276 0.165684 -0.484497 0.038948 -0.317333 -0.109001 -0.553316 -0.724973 0.113079 -0.014725 0.536730 0.413475 -0.329175 0.229707 0.458640 -0.202379 0.526570 -0.323542 0.474276 -0.293007 -0.051540 0.083969 -0.058957 -0.894904 -0.012969 -0.551391 -0.248496 0.185618 -0.155209 -0.253190 -0.307739 -0.077188
ose</w> 0.382963 -0.040625 -0.065089 0.154013 -0.251345 0.496092 -0.113477 0.097162 -0.809712 -0.068913 0.116775 0.220022 0.060643 0.386634 -0.308169 0.204454 -0.251228 0.016693 -0.391633 0.251401 0.082799 0.035780 0.036940 0.191595 -0.311063 -0.603956 -0.461348 -0.367212 0.303040 0.263457 0.004720 0.392090 0.319350 -0.147519 -0.053619 -0.352210 0.152534 0.052292 -0.346805 0.042423 0.346198 0.085572 -0.049073 -0.264085 -0.338831 0.369498 -0.507674 -0.322482 -0.169860 0.273112
recomm 0.252763 -0.154351 0.016152 0.253232 -0.361116 0.550545 0.543820 -0.008200 -0.237876 -0.265399 -0.051872 0.100780 -0.139421 0.307778 -0.070588 -0.280122 -0.030192 -0.208637 -0.395965 0.842772 0.360335 -0.009943 0.174130 0.458405 -0.240209 -0.657674 -0.026487 -0.197770 -0.505895 0.214311 -0.123699 0.034631 0.040737 0.251575 0.132003 -0.183187 -0.391198 -0.338223 -0.193772 -0.361853 -0.062743 0.309182 0.122273 0.045469 0.596113 0.118892 -0.097063 -0.075441 0.291496 -0.753272
tim 0.150143 -0.061070 0.209789 -0.016671 -0.189011 -0.129001 0.649940 -0.367738 -0.657483 0.333432 -0.000266 0.331229 -0.135954 -0.173841 -0.121651 0.277028 0.064538 0.121526 -0.692399 0.712956 -0.481690 0.123126 -0.152912 -0.158922 -0.684484 -0.525105 -0.222993 0.185836 -0.005095 0.191143 -0.543401 0.424770 0.281843 0.199544 -0.030744 -0.570172 -0.308942 -0.603907 -0.244896 -0.611169 0.097647 0.073254 0.251667 -0.027107 -0.252414 -0.091920 -0.502577 0.144214 -0.144717 -0.151184
_ -0.141422 0.192304 0.356594 0.075414 0.156177 0.174177 0.093843 -0.399066 -0.254420 -0.110566 0.376059 0.250407 -0.661000 -0.075720 0.094339 -0.568741 -0.318537 0.162162 -0.562162 0.173420 0.209957 -0.579285 -0.492974 0.039810 -0.687718 -1.127607 0.312257 0.353582 0.254718 0.259557 -0.421915 0.210596 0.328057 -0.332447 0.602539 -0.091052 0.140972 -0.000978 0.335911 0.154996 -0.097477 -0.403749 0.288526 -0.177166 -0.253963 0.403493 -0.000144 -0.205789 0.103862 -0.117833
yp 0.368718 0.272780 -0.164102 -0.036675 -0.110310 0.237510 0.070333 -0.281962 -0.111253 -0.309219 0.392974 0.325914 -0.658404 -0.401962 0.276012 -0.325270 0.077250 0.067310 -0.742508 0.038554 -0.160967 0.092630 -0.474168 0.325053 -0.459424 -1.006586 0.092457 0.080259 0.269423 0.371688 -0.440606 0.018983 0.342063 -0.485640 0.331064 -0.362667 0.231476 -0.097063 0.201234 0.010255 0.210333 0.060469 0.159165 0.005345 -0.105253 0.321781 -0.221723 -0.129964 -0.419519 -0.056455
ous -0.000724 0.060991 -0.347786 -0.178686 -0.166087 0.444719 0.155986 -0.324367 -0.803860 -0.198705 0.386271 0.121885 -0.389686 -0.123887 -0.155908 -0.272559 -0.121787 -0.044442 -0.403908 0.193232 -0.326624 0.213998 -0.230811 0.181943 -0.675696 -0.619751 -0.286862 0.069818 0.003115 0.383143 -0.335827 0.164579 0.737642 -0.422484 0.445737 -0.412419 -0.249985 -0.454685 0.074281 0.046179 0.065529 -0.124879 0.280115 -0.155456 -0.159613 0.284820 -0.492587 -0.181025 -0.406606 0.096445
dered</w> 0.108173 0.313759 0.154137 0.056981 0.364548 0.397781 0.106399 -0.454774 -0.681292 0.210102 -0.170970 0.273212 -0.317212 0.318287 -0.553013 0.590396 0.134973 0.141717 -0.485131 0.112325 -0.048208 -0.299425 0.129051 -0.025608 0.096253 -0.476583 0.026120 -0.044503 0.159488 0.160550 0.162602 0.178391 0.376009 -0.025291 -0.495885 -0.282557 -0.002119 -0.054626 -0.565399 0.441235 0.102066 0.294747 -0.071913 -0.162506 0.283205 0.266715 0.031675 0.150840 0.106332 -0.576237
dar 0.018317 0.144463 0.022377 0.006436 -0.030569 0.283021 0.192146 -0.110379 -0.249256 0.035718 0.288519 0.150279 -0.391887 -0.145492 -0.183640 -0.168028 -0.032615 0.183424 -0.495971 0.275702 0.067505 -0.256258 -0.275382 0.255273 -0.514675 -0.696834 0.145602 -0.001185 -0.127917 0.190141 0.061323 0.165766 0.267159 -0.180365 0.049487 0.023754 -0.125361 -0.393717 -0.044133 -0.066908 -0.289890 -0.093589 0.169533 -0.230734 0.106503 -0.079355 -0.060344 -0.165968 0.049853 -0.374874
thre 0.062173 -0.475611 -0.053369 0.467635 -0.032968 0.156193 0.170520 -0.255317 -0.395172 -0.027240 0.771296 0.143074 -0.180849 0.427539 -0.001956 -0.048101 0.227376 -0.404176 -0.427174 0.283345 0.016433 -0.342055 0.087531 0.279672 -0.446908 -0.397841 -0.386695 -0.140389 -0.183807 0.545074 -0.123466 0.549908 0.407204 0.475161 0.134070 -0.491943 -0.018833 0.078963 -0.373430 -0.165795 0.170437 0.038601 -0.097099 -0.365220 0.069138 0.165152 0.227289 0.088693 0.382809 -0.486220
hom 0.237738 -0.016400 0.067068 -0.264312 -0.101969 0.072340 0.391925 -0.122052 -0.771795 -0.027661 0.078656 0.095746 -0.117244 0.201832 -0.067647 -0.034220 -0.132710 0.112589 -0.590859 0.119820 0.178709 -0.280223 -0.067844 0.040590 -0.404558 -0.346628 -0.334500 -0.274923 -0.009866 0.358013 -0.133032 0.297647 0.319458 -0.441194 0.162964 -0.515583 -0.151878 -0.202728 -0.285023 -0.067830 0.143122 -0.000009 -0.056786 -0.252607 0.003912 0.171082 -0.123815 0.051882 0.043579 -0.038052
ways</w> 0.055956 -0.108787 0.281453 0.077296 -0.115737 0.462153 0.424756 -0.162315 -0.456520 -0.073952 0.128987 0.458406 -0.044673 0.243006 0.014324 -0.009050 -0.134746 -0.252164 -0.426523 0.427508 -0.017566 -0.180859 0.168116 0.225190 -0.045942 -0.244761 -0.195460 -0.025640 -0.318670 0.140232 -0.039752 0.251892 0.065501 -0.175558 -0.041898 -0.229702 -0.584961 -0.083505 -0.355176 -0.095900 -0.002124 0.335218 0.081822 -0.427121 0.511972 0.194075 -0.267709 -0.354054 0.493558 -0.151196
fect</w> -0.238708 -0.481447 0.566634 -0.148547 -0.240862 0.327377 0.433102 -0.030969 -0.651260 -0.116817 0.053291 -0.034152 0.026059 0.172987 -0.390208 -0.032604 0.126997 0.060709 -0.708514 0.359163 -0.391850 -0.030309 0.296279 -0.072533 -0.178718 -0.379255 0.133594 -0.242020 0.230709 0.162270 0.023732 0.495237 0.161293 -0.442524 -0.344045 -0.099597 -0.243209 -0.010189 -0.454999 0.018693 -0.091342 0.049692 0.024744 -0.523707 -0.074240 0.341277 -0.033242 -0.179749 0.030602 0.237400
ends</w> 0.139475 -0.113393 0.018047 0.484433 -0.154720 0.337962 0.109725 -0.217182 -0.265021 -0.107387 0.003755 0.310919 -0.078771 0.121339 0.237932 -0.115138 0.180620 -0.016650 -0.609038 0.071280 0.316655 -0.016675 0.028635 0.310161 -0.258448 -0.483510 -0.131281 0.066328 -0.217516 0.242186 0.193086 0.150652 0.048358 -0.060726 -0.048269 -0.423761 -0.304248 -0.333493 -0.481747 -0.244045 -0.061603 0.873420 0.267444 -0.023505 0.059832 0.214151 0.078590 -0.676560 -0.039372 -0.002593
swee 0.322368 0.065501 -0.106546 -0.068745 0.205691 0.161271 0.084033 -0.402670 -0.455710 -0.031815 -0.310574 0.014718 -0.107063 0.434926 0.083525 -0.089921 -0.080347 -0.103791 -0.836258 0.559567 0.077452 -0.035354 -0.519393 0.292965 -0.284734 -0.280831 -0.350214 0.213433 0.403054 0.438180 -0.466375 0.387019 0.391581 -0.529628 -0.280260 -0.290484 -0.593015 -0.266187 0.249580 -0.086294 0.368836 -0.444900 0.374110 -0.078384 0.297524 -0.080646 -0.240243 0.062296 0.012846 -0.266999
ually</w> -0.221893 0.400650 0.384957 -0.128309 0.131829 0.232039 0.020502 -0.471287 -0.606446 0.077374 0.109245 0.358531 -0.046540 0.180158 0.176652 0.398113 -0.170587 0.066732 -0.874408 0.094266 -0.418201 0.059292 0.028085 0.202333 -0.056712 -0.814464 -0.299192 0.206894 0.686869 0.131987 -0.059363 0.216477 0.054256 -0.049161 -0.148249 -0.418326 -0.284605 -0.104881 -0.285931 -0.442483 -0.013170 0.158662 0.161374 -0.037281 -0.406686 0.143460 -0.371578 0.171793 -0.172124 0.117973
% -0.307877 -0.430081 0.917087 0.298202 0.056978 0.577188 0.094965 -0.312324 -0.402168 -0.487144 0.402296 0.541606 -0.698373 0.234245 0.042373 -1.009468 -0.572859 -0.216341 -0.417756 0.254428 -0.026289 -0.546540 0.080563 -0.007123 -0.542654 -1.124233 0.343873 0.347722 -0.012790 0.601307 0.005719 0.109623 0.127560 -0.584005 0.374418 -0.280034 0.049238 -0.010252 0.580248 0.695746 -0.460276 -0.119207 0.353093 -0.677578 0.167630 0.577783 -0.165010 -0.514164 0.453913 -0.137822
ought</w> 0.036623 0.107532 0.082202 0.356956 -0.204606 0.234429 0.144496 0.131655 -0.286146 -0.352048 0.192311 0.501346 -0.051932 0.173503 0.451388 -0.053318 0.190098 -0.040336 -0.531986 -0.067032 0.403196 0.229357 0.143842 0.474180 0.150374 -0.684289 -0.687788 -0.083874 0.398446 0.475639 0.309820 0.190329 0.161131 -0.239330 -0.041050 -0.132679 -0.609625 -0.416697 -0.648433 0.663308 0.038253 0.448168 0.013528 -0.367037 0.112394 0.167632 -0.049779 -0.452632 -0.057738 0.061683
ough</w> -0.052564 0.290137 0.037404 -0.004234 -0.138047 0.339196 0.197056 -0.431201 -0.473148 -0.221361 0.424999 0.203315 -0.182580 -0.088493 -0.268147 0.137184 -0.054155 -0.249898 -0.799105 0.137160 -0.162228 0.263563 -0.325650 0.552146 -0.219258 -0.578996 -0.086665 -0.000867 0.432078 0.180736 -0.157410 0.066688 0.427967 -0.316753 -0.202277 -0.382174 -0.232933 -0.256437 -0.140545 0.296460 -0.200595 0.272060 -0.022565 -0.237350 -0.018706 0.396417 -0.113407 -0.453745 -0.793442 -0.077170
view</w> 0.273517 0.055387 0.424307 0.380998 0.021031 0.217961 0.289048 -0.030770 -0.295772 0.029199 0.056040 0.208123 -0.148507 0.222523 0.095714 -0.122274 0.067181 -0.180754 -0.497607 0.270793 -0.332746 -0.170809 0.015330 0.212394 -0.253374 -0.381087 -0.215664 -0.105783 -0.048213 0.229896 -0.349919 0.008094 -0.076880 -0.403127 -0.261961 -0.112227 -0.306328 -0.002218 -0.418603 0.135273 0.048575 0.336667 0.139708 -0.407725 0.062095 0.081926 0.168935 -0.097182 0.224343 -0.135716
nat 0.463170 0.184531 0.304682 0.265593 0.100842 0.132725 0.377451 -0.293385 -0.282260 -0.414933 0.189718 0.262038 -0.010335 -0.255865 0.052075 -0.564839 -0.052665 -0.177437 -0.693620 0.434106 -0.356561 -0.329827 -0.141844 -0.139631 -0.424026 -0.565193 -0.126700 0.152922 0.067339 0.195653 -0.507052 0.373853 -0.065744 -0.380029 -0.231782 -0.376735 -0.164829 -0.216555 0.026893 -0.226425 0.268131 -0.405745 0.060832 -0.217817 -0.020348 0.190309 -0.251676 0.217807 0.443239 0.064110
fe</w> 0.064872 0.240881 0.565529 -0.242631 -0.074295 0.192307 0.532252 -0.169995 -0.411434 -0.409159 0.484759 0.165181 0.272816 -0.251793 0.357538 0.034704 -0.024909 -0.063132 -0.636617 -0.019819 0.282886 -0.350799 0.127165 0.114781 -0.171136 -0.828117 0.075056 0.076361 0.382347 0.211663 0.277898 0.044546 -0.100981 -0.333902 0.491216 -0.167651 -0.179697 0.061328 -0.335121 0.053090 -0.344340 0.325099 -0.287827 0.041213 0.036884 0.480730 -0.140821 0.062846 -0.002464 -0.083761
with -0.236354 -0.271349 0.150242 0.311360 -0.085176 0.212878 0.236753 -0.198232 -0.421812 -0.241470 0.168856 0.378063 -0.318256 0.132660 -0.039053 -0.239220 -0.141857 0.022879 -0.502926 0.349062 -0.150514 -0.350928 0.120038 0.174212 -0.389151 -0.280199 -0.396644 0.169060 -0.064083 0.430785 -0.088622 0.017999 0.011107 -0.285849 0.071038 -0.266063 -0.018203 -0.462066 -0.386742 -0.206281 0.191743 0.237328 0.162600 -0.451934 -0.164192 -0.018171 0.101854 -0.170839 0.291139 -0.224445
ei 0.247936 -0.253253 0.214759 0.377527 0.247196 0.218449 0.331273 -0.144089 -0.157663 0.096455 0.068192 0.171997 -0.175395 -0.374326 0.421477 -0.515619 0.323293 -0.015305 -0.733052 0.143619 -0.322413 -0.133715 -0.152375 -0.019835 0.090786 -0.938538 -0.311960 0.255841 0.595865 0.388273 0.125023 0.129822 0.123665 -0.245865 0.222783 0.277228 -0.172725 0.219134 -0.099682 0.157540 -0.023629 -0.374736 -0.009879 -0.199421 -0.049387 0.323425 0.174754 0.003370 -0.112994 -0.098119
cin -0.047249 0.185039 0.227255 0.225469 -0.031882 0.234988 0.277943 -0.393743 -0.393296 -0.270016 0.263291 0.209689 -0.276397 0.291502 -0.163932 -0.101291 -0.387002 -0.098226 -0.799213 0.186292 0.257415 -0.002380 -0.025766 -0.012211 -0.390005 -0.468672 -0.408751 0.031841 0.299992 0.013019 -0.161422 0.032802 0.425783 -0.246682 0.075154 -0.540358 -0.137579 -0.556452 -0.099726 -0.489835 0.279920 0.118108 0.256904 -0.208032 -0.556761 0.229771 -0.077885 0.200245 -0.063331 -0.165106
proble 0.121501 -0.130131 0.195461 0.090918 0.321320 0.554722 0.097650 0.193728 -0.558211 0.300734 -0.052530 -0.035122 -0.062949 0.100494 -0.287458 -0.283295 -0.144728 0.166534 -0.420673 0.666833 -0.383232 -0.077118 0.026722 -0.215002 -0.416283 -0.660052 -0.463251 0.115032 -0.135598 0.170910 0.012800 0.273093 0.410109 -0.290486 -0.316524 0.009898 -0.491270 -0.049017 -0.171592 -0.276098 0.054595 -0.101874 0.487875 -0.367520 0.078652 -0.113333 -0.353662 -0.126910 0.074169 -0.145033
ink</w> 0.057201 0.423848 0.025010 0.125721 0.092724 0.109580 0.164082 -0.289906 -0.235467 -0.192800 0.274465 0.267644 -0.166684 0.122857 -0.072880 -0.016783 0.293539 0.082673 -0.713467 0.244295 -0.004751 -0.201529 -0.340428 0.214758 0.025344 -0.620025 0.128135 -0.103065 0.304426 0.434212 -0.043530 0.052570 0.336671 -0.254697 -0.011532 -0.193400 -0.189895 -0.335734 -0.213521 0.314937 -0.031320 0.344825 0.122653 -0.549665 -0.243371 0.356278 -0.007723 -0.410912 -0.329118 0.214820
differ 0.422540 0.008165 0.323836 0.123960 0.061134 0.168920 0.098782 -0.190359 -0.610219 -0.226506 -0.232123 0.484657 -0.441327 0.196789 0.186945 -0.537541 -0.220939 -0.104414 -0.642497 0.531997 -0.307580 -0.181865 0.025773 0.259675 -0.227575 -0.382897 -0.295347 0.430311 -0.303760 0.086272 -0.391989 0.014293 0.227847 -0.269477 -0.024688 -0.121933 -0.432043 -0.271297 -0.221795 -0.441301 0.263763 -0.068143 0.600197 -0.324079 0.404952 -0.068694 0.184182 -0.070563 0.180095 -0.388286
stand</w> -0.037657 0.043234 0.315375 0.464352 -0.351727 0.350493 0.263735 0.031481 -0.504793 0.188607 0.349350 -0.226845 0.021393 -0.021117 0.054306 -0.176094 0.118400 -0.079521 -0.428970 0.072706 0.312623 -0.238134 0.020980 0.307809 0.124715 -0.333541 -0.075947 -0.383048 -0.125640 0.485199 -0.001904 0.247325 0.008204 -0.186960 -0.130904 -0.428752 -0.056171 0.029877 0.095727 0.160182 -0.221090 0.652139 0.244639 -0.480226 0.119948 0.363601 0.150572 -0.464508 0.077255 -0.419072
wonder 0.149917 -0.274942 -0.015655 -0.082371 -0.250292 0.297777 0.457012 0.189888 -0.382801 -0.063265 0.274903 0.016399 -0.048016 -0.087065 -0.086519 -0.122718 0.121163 -0.025660 -0.301691 0.447187 0.324929 -0.016616 -0.106317 0.214139 -0.528445 -0.334313 0.062603 -0.137138 -0.215997 0.219894 -0.055750 0.590129 0.426949 -0.350679 -0.181050 -0.361647 -0.184316 -0.223455 -0.512357 -0.189664 -0.180997 0.181931 0.404480 -0.275827 0.371013 -0.078916 -0.146580 -0.209643 0.304868 -0.402056
et 0.162190 0.131548 0.266174 -0.247873 0.131421 0.271809 0.452383 -0.140160 -0.435142 -0.016651 0.278111 0.213146 -0.314398 -0.115776 0.252001 0.058296 0.167225 -0.006924 -0.635883 0.176627 -0.003858 -0.004383 -0.112841 0.039021 -0.390867 -0.417248 -0.280586 0.249024 0.403023 0.379211 -0.086659 0.149729 0.685525 -0.094374 0.182505 -0.047870 0.098352 -0.196165 -0.025765 -0.213826 0.279577 -0.190879 -0.135669 -0.326454 -0.117841 0.246872 -0.084303 0.087946 -0.024605 -0.082864
wat -0.052195 0.072519 -0.124635 -0.150624 -0.259499 0.397484 0.401471 -0.358864 -0.696859 -0.055386 0.344433 0.225528 -0.341122 0.117453 -0.342718 0.026398 -0.003658 0.014821 -0.098116 0.296042 -0.009137 -0.127644 -0.117908 0.166907 -0.545689 -0.741068 -0.073405 -0.206628 0.398655 0.454254 -0.311932 0.354039 0.368969 -0.205515 0.037080 -0.282372 0.147384 0.037407 -0.308446 -0.294671 0.269737 -0.181650 0.114901 -0.090599 -0.301777 -0.101166 -0.321178 -0.038270 -0.146448 -0.302642
cou 0.019566 0.204041 0.066754 0.098457 0.126843 0.253101 0.518934 -0.391293 -0.267395 0.063771 0.277319 0.070986 -0.259360 -0.439463 -0.016921 -0.150543 0.186248 0.043251 -0.784029 0.460046 0.140468 -0.008743 0.049400 0.278671 -0.575317 -0.562369 -0.118741 0.127051 0.338765 0.390898 -0.305865 0.160948 0.323556 -0.194449 0.178556 -0.264804 0.045857 -0.505146 -0.123436 -0.524163 0.104956 -0.105767 -0.036727 -0.537682 -0.127505 0.021106 -0.244815 0.348441 -0.110684 0.009919
review 0.210352 -0.103247 -0.075255 0.088220 -0.200496 0.473463 0.399957 0.130852 -0.543821 -0.185096 0.137942 0.441388 -0.427570 0.352709 -0.045730 -0.404004 0.168061 -0.175171 -0.233418 0.334472 0.016445 -0.272760 0.204684 0.199743 -0.507449 -0.321882 -0.315096 -0.225161 -0.192770 0.514161 -0.345235 0.303971 0.288960 -0.421834 -0.161440 -0.090372 -0.183383 -0.164188 -0.343775 -0.177706 0.384006 -0.113001 0.456346 -0.363921 0.320042 -0.297999 -0.291012 0.049502 0.021458 -0.464311
scen 0.137680 0.318579 -0.079940 -0.131864 -0.366638 0.125327 0.327243 -0.185495 -0.682155 0.244633 -0.017492 0.125246 -0.215867 -0.007987 -0.075227 -0.198580 -0.037547 0.115713 -0.481057 0.448068 -0.251397 -0.253799 -0.619566 0.288515 -0.715030 -0.705627 -0.471908 -0.060555 0.511681 0.278793 -0.377279 0.369247 0.250198 -0.157682 0.210266 -0.153352 -0.168100 -0.221883 -0.200741 -0.306562 0.224553 -0.293464 -0.208443 -0.170151 -0.036702 -0.026465 -0.031864 0.035920 -0.029686 -0.095281
ext</w> -0.012648 0.031293 0.189623 0.047689 -0.133598 0.172491 -0.092792 -0.220547 -0.481874 -0.347656 0.200559 0.402916 -0.091830 0.003082 0.018640 -0.047059 0.068542 -0.247497 -0.854776 0.226590 -0.283470 0.234202 -0.340100 0.630423 0.005693 -0.482847 -0.110634 0.206752 0.225000 0.067998 -0.107642 0.014946 0.097332 -0.565907 -0.273740 -0.421296 -0.564436 0.081341 -0.124350 -0.153859 -0.293185 0.184353 0.496584 -0.183292 0.179282 0.337205 -0.106717 -0.460298 -0.423732 0.041021
v</w> -0.138544 0.255796 0.276729 -0.039011 -0.108343 0.355005 0.335692 -0.077726 -0.328652 -0.186581 0.293418 0.104186 0.102295 -0.044946 0.057867 0.027221 -0.011943 0.002871 -0.756367 0.101655 0.038871 -0.175287 -0.124128 0.225744 -0.196441 -0.759899 0.146066 -0.084669 0.141471 0.229358 -0.025414 -0.028554 0.309602 -0.339779 0.092707 -0.292440 -0.141625 0.005465 0.113909 -0.038938 -0.180805 0.070320 -0.144136 -0.134316 -0.015551 0.710588 -0.103732 -0.043184 -0.177654 -0.264555
minut 0.222091 -0.210998 0.056177 0.498423 0.034902 0.545251 0.155857 -0.017546 -0.489331 -0.559186 0.290303 0.456971 -0.385334 -0.370662 0.126749 -0.941986 -0.248390 -0.543103 -0.731652 0.491571 0.160760 -0.205964 0.098057 0.113327 -0.484475 -0.146131 0.074566 0.129818 -0.157733 0.586596 0.009798 0.190208 0.203436 -0.129888 0.355492 -0.398190 0.197372 0.046008 -0.054287 -0.253812 -0.462919 -0.141123 0.346727 -0.489561 0.028608 0.370194 0.177443 -0.195148 0.307158 -0.278698
interest 0.086083 -0.254731 -0.011095 0.254182 -0.179471 0.206310 0.517453 0.153417 -0.537335 -0.055991 0.056918 0.026566 -0.060429 -0.024115 -0.146689 -0.079441 0.402775 0.022971 -0.241462 0.571400 -0.164952 0.115325 0.293115 0.361739 -0.490153 -0.530703 -0.014408 -0.377328 -0.348881 0.553682 -0.132084 0.230066 0.112984 -0.472133 -0.188125 -0.345700 -0.155553 -0.281754 -0.545234 -0.271334 -0.029466 0.166697 0.244732 -0.439788 0.171451 -0.305903 -0.167286 -0.279987 0.294683 -0.577155
americ 0.130447 -0.093144 0.475817 -0.016768 -0.199006 0.080525 0.177914 -0.195250 -0.625361 -0.164258 0.118188 0.329142 -0.221415 -0.037612 0.002491 -0.269844 0.164269 -0.269813 -0.577585 0.439367 0.109249 -0.201433 -0.065228 0.145976 -0.293747 -0.133433 -0.006989 0.086894 -0.139924 0.149968 0.109056 0.441980 0.273310 -0.108347 -0.194703 -0.465471 -0.361826 -0.241362 -0.276179 -0.149525 -0.074065 0.162141 0.025888 -0.648711 0.008300 -0.047124 0.282682 -0.166633 0.064986 -0.465240
speci 0.232892 -0.166494 0.063915 0.042989 0.033804 0.053354 0.349610 -0.078998 -0.734229 -0.295923 0.065682 -0.005452 0.077931 -0.162061 0.028927 -0.106610 0.179711 -0.049148 -0.759153 0.607778 -0.075086 0.060642 -0.290343 0.159312 -0.478300 -0.471044 0.043007 0.020490 0.213900 0.003447 -0.249563 0.375281 0.148254 -0.285216 0.125077 -0.116661 0.060437 -0.049426 0.203351 -0.072699 0.190028 -0.075023 0.385999 -0.251901 0.162597 -0.052814 -0.114538 -0.064725 -0.153638 -0.218065
q -0.276101 0.176306 0.316795 0.045293 -0.001304 0.426331 0.418994 -0.347364 -0.246523 -0.295384 0.414914 -0.074956 -0.314321 0.101008 0.008207 -0.445665 0.053274 -0.028107 -0.498787 -0.049560 0.119861 -0.303461 -0.326602 -0.197602 -0.810927 -1.240164 0.449826 0.360657 0.357002 0.347756 -0.110568 0.055304 0.095992 -0.443374 0.388060 -0.096031 -0.226364 0.111493 0.325287 0.059446 -0.300944 -0.226327 0.066052 -0.240692 -0.212266 0.576929 -0.051270 -0.284458 0.007604 -0.119880
pie 0.024397 -0.051937 0.294964 0.014142 -0.014479 0.480592 -0.199657 0.039729 -0.519229 -0.124301 0.010911 0.324057 -0.455434 0.149348 0.463335 -0.490803 -0.100956 -0.176862 -0.393451 0.538262 -0.202047 -0.063388 0.093231 0.371477 -0.228775 -0.411734 -0.239569 0.011962 -0.258835 0.381281 0.049838 0.076533 0.371896 -0.461419 -0.022578 -0.510020 -0.361394 0.010961 -0.044564 -0.116465 -0.091521 -0.010696 0.421351 -0.235030 0.097644 -0.121290 -0.205318 -0.351901 0.190488 0.096419
lease</w> 0.169556 -0.174504 0.136170 0.380638 -0.031125 0.274087 0.518667 0.098501 -0.436470 -0.096598 0.240546 0.347633 -0.042392 0.006486 0.182935 -0.367064 0.183701 -0.155707 -0.858732 0.217049 -0.212882 -0.422704 0.127999 0.310830 -0.225717 -0.301857 -0.122708 -0.121507 0.113964 0.336440 0.020303 0.035195 -0.114420 -0.460519 -0.281742 0.006720 -0.554943 -0.224433 -0.810194 -0.039162 0.084928 0.656181 0.115527 -0.259522 0.056804 0.571369 -0.091632 0.301715 0.126707 -0.246185
oul -0.193010 0.108998 -0.060322 -0.042133 0.022375 0.508065 0.153724 -0.345419 -0.322607 -0.171768 0.307107 0.199980 -0.245234 0.209090 -0.045757 -0.092248 0.584808 0.100847 -0.445196 0.227331 -0.160478 0.001082 -0.337267 0.063755 -0.478357 -0.806677 0.333927 -0.081234 0.321096 0.483066 -0.145687 0.075323 0.465195 -0.313247 -0.004686 -0.193786 0.043148 -0.217028 0.229469 0.204857 -0.135805 -0.078996 0.068594 -0.394851 -0.325590 0.450316 -0.093288 -0.242766 -0.355490 -0.087924
ook</w> -0.194475 -0.123139 -0.022890 0.179308 -0.162442 0.645152 0.408778 -0.236062 -0.548354 -0.217810 0.144501 0.011564 -0.130239 0.171131 0.345218 0.236355 0.034185 -0.360233 -0.564265 0.003310 0.026952 0.232054 0.174019 0.193584 0.079940 -0.508247 0.084328 -0.240315 0.258286 0.251637 0.212977 0.347459 0.284228 -0.320736 0.172434 -0.372087 -0.109957 -0.370746 -0.165241 0.392427 -0.151629 0.523829 0.093269 -0.128959 -0.187737 0.423905 -0.185827 -0.474312 -0.203337 -0.091871
defin 0.157406 -0.051604 0.003655 -0.099417 -0.145544 0.283903 0.462410 -0.193588 -0.348399 0.040338 -0.021480 0.303279 -0.079964 -0.097586 0.112130 -0.133112 0.007720 -0.099480 -0.511331 0.597492 -0.035891 -0.047108 0.043727 0.082639 -0.359336 -0.278812 -0.026352 0.056140 -0.312677 0.466459 -0.209182 0.459862 0.165519 -0.084513 -0.088216 -0.274648 -0.187580 -0.102186 0.007101 -0.297102 -0.200016 -0.128021 0.362028 -0.389406 0.257150 -0.131905 -0.049218 0.174388 0.130592 -0.569501
… -0.051994 0.123810 0.636281 0.141226 0.169702 0.459287 0.135090 -0.442238 -0.302459 0.049533 0.141127 0.226741 -0.602920 0.115551 0.101944 -0.576686 -0.267701 0.022841 -0.271580 0.226758 0.180040 -0.521634 -0.374191 0.081221 -0.491319 -0.968096 0.552220 0.182965 0.146061 0.394226 -0.232814 0.096522 0.150612 -0.292942 0.402377 -0.222764 0.010130 0.087721 0.497913 0.357480 -0.158393 -0.158226 0.334501 -0.252180 0.007024 0.348956 0.256920 -0.329400 0.405278 -0.362668
effec -0.095094 -0.146949 0.172456 -0.043921 -0.088627 0.013643 0.398074 0.005063 -0.412916 0.198075 -0.238355 0.166542 -0.241687 -0.152430 0.148147 -0.058627 0.060560 0.158452 -0.794642 0.577028 -0.213582 -0.096962 -0.180600 0.047146 -0.288823 -0.441296 -0.035685 -0.172319 0.025428 0.155078 0.029219 0.525183 0.249673 -0.092909 -0.157343 -0.529401 -0.778757 -0.052765 -0.272019 -0.516390 0.209317 -0.295511 0.253185 0.086603 0.158001 0.190256 -0.464629 -0.122917 0.084082 -0.004387
sear 0.231203 -0.153606 -0.325773 0.089111 -0.063116 0.303584 0.524200 0.001125 -0.216401 0.081721 0.442472 0.330694 -0.145286 -0.260023 -0.035992 0.143203 0.271313 0.252848 -0.347947 0.460799 0.139666 -0.210492 -0.247165 0.199091 -0.663335 -0.594511 -0.212090 -0.281264 0.213123 0.344173 0.296189 0.178680 0.442265 -0.315481 -0.203211 -0.277978 0.337921 -0.293619 -0.514413 -0.223067 0.207084 0.024303 0.361088 -0.229244 -0.065910 0.091712 -0.262420 -0.213803 -0.326385 0.105851
thers</w> 0.170389 0.187567 0.008494 0.092221 -0.129092 0.305073 0.484831 0.010440 -0.509046 -0.079864 0.112965 -0.206405 0.223681 0.170200 0.014512 0.265126 0.341969 -0.198402 -0.545076 -0.184306 0.146751 -0.194169 0.076567 0.161034 -0.414972 -0.505067 -0.138062 -0.003388 0.026704 0.334664 0.243155 0.165215 0.239368 -0.203572 -0.222430 -0.572081 -0.257595 0.071135 -0.244897 0.007246 0.096170 0.172963 -0.116093 -0.109478 -0.174685 0.511912 -0.147689 -0.115269 0.370899 -0.254835
beau 0.094741 -0.388352 0.142245 0.101335 -0.360005 0.342160 0.156774 -0.028822 -0.628329 0.077989 0.182340 0.061980 -0.006684 -0.086599 -0.030495 -0.405889 -0.240843 -0.049987 -0.530357 0.408988 -0.256245 0.081875 -0.069001 0.159878 -0.786030 -0.405352 -0.259177 -0.112862 -0.194368 0.387182 -0.340903 0.472304 0.282513 -0.442926 0.141811 -0.243139 -0.361505 -0.142577 -0.060516 -0.206264 0.074107 -0.204231 0.216989 -0.601260 -0.144861 0.274566 -0.267800 -0.176262 0.243102 -0.022829
come 0.084825 0.018072 0.165364 0.063858 0.037773 0.345303 0.379475 -0.115121 -0.616971 -0.051691 -0.003298 0.178394 -0.205863 0.030112 0.042826 -0.163070 -0.042939 0.011250 -0.510576 0.248502 0.264579 0.044657 -0.107311 0.192682 -0.257087 -0.464881 -0.146524 0.167702 -0.116506 0.195730 -0.319026 0.191699 0.207328 -0.028081 0.194991 -0.200892 -0.238121 -0.260843 -0.299832 -0.185789 0.133458 -0.202723 -0.027249 -0.256577 0.215058 0.003215 -0.015613 0.131702 0.150846 -0.276791
“ -0.053796 0.005281 0.474896 0.018333 0.012741 0.252439 0.137635 -0.338620 -0.236299 -0.167613 0.066456 0.205267 -0.578211 -0.108575 0.098138 -0.401390 -0.123400 0.104865 -0.297543 0.147306 0.122319 -0.355165 -0.256330 0.106065 -0.478078 -0.871698 0.514611 0.040278 0.009283 0.173193 -0.182041 -0.055021 0.111188 -0.414217 0.326766 -0.273506 -0.154294 0.020040 0.302977 0.346201 -0.116047 0.121872 0.361867 -0.158039 0.172901 0.477529 0.185256 -0.290008 0.227809 -0.279794
shor 0.092830 -0.127560 0.079986 -0.030802 -0.337773 0.266825 -0.000833 -0.117310 -0.252558 -0.048628 0.146394 0.320280 -0.136413 0.020448 0.079802 -0.118534 -0.047862 -0.020597 -0.553593 0.404572 -0.167841 0.124535 -0.231316 0.316705 -0.277006 -0.496058 -0.264216 0.215909 0.076007 0.387339 -0.072768 0.408900 0.314814 -0.416568 -0.053682 -0.180587 -0.428583 0.074033 -0.094716 -0.166681 -0.048714 -0.285758 0.461275 -0.186214 0.217641 0.088567 -0.211756 -0.323370 -0.043667 -0.088081
tty</w> 0.234172 0.234481 0.222858 -0.144240 -0.119302 0.200758 0.360084 -0.264066 -0.304776 -0.055191 -0.035567 0.111326 -0.129005 0.005817 -0.159839 0.372678 0.019895 0.154661 -0.509018 0.174501 -0.171077 -0.089111 -0.073551 0.085574 -0.164859 -0.591260 -0.039194 0.223650 0.040204 0.219155 -0.036638 0.116262 0.336098 -0.110287 -0.178829 -0.482700 0.139307 0.049255 -0.147294 0.012500 -0.252459 0.076073 -0.095564 -0.298899 -0.042466 0.502902 -0.285602 -0.091839 -0.265577 -0.040853
inking</w> 0.428469 0.216285 -0.129629 -0.163632 -0.185910 0.266068 -0.081737 -0.143149 -0.604682 -0.055082 0.151677 0.196860 -0.231623 -0.075755 -0.095191 -0.005983 0.266496 0.039672 -0.388946 0.048740 0.245902 -0.012825 -0.183564 0.423621 0.088989 -0.905013 -0.207931 -0.099633 0.318699 0.326538 0.221528 0.407252 -0.097167 -0.142976 -0.052630 -0.434112 -0.095057 0.212218 0.010162 0.288438 -0.272247 0.257890 -0.236911 -0.008255 -0.082940 0.008123 -0.182626 -0.248570 -0.052220 -0.233950
experi -0.063031 -0.080350 0.182011 0.105518 0.034912 0.244686 0.285814 0.062673 -0.332281 0.141113 -0.101834 -0.028812 -0.380385 -0.078922 0.130034 -0.180269 0.343521 0.037562 -0.828722 0.483441 0.003506 -0.243168 0.125523 0.117904 -0.247142 -0.221928 -0.097444 -0.166347 0.174086 0.361360 -0.217045 0.623695 0.297116 0.104201 0.008716 -0.126797 -0.257086 -0.183536 -0.410115 0.075728 -0.083215 -0.218766 0.050196 -0.139274 -0.045806 0.223136 -0.006180 0.322824 0.202223 -0.173996
 0.000138 0.066366 0.511627 0.014222 0.103369 0.326536 0.002166 -0.309901 -0.313246 -0.047088 0.128506 0.123556 -0.394183 0.202446 -0.031720 -0.401851 -0.122316 0.247884 -0.148501 0.291308 0.351924 -0.317695 -0.140812 0.090532 -0.529211 -0.720766 0.344296 -0.073384 0.060692 0.464556 -0.207948 0.315519 0.165655 -0.228653 0.442690 -0.244592 -0.079747 0.106303 0.096209 0.211554 0.076362 -0.104398 0.426133 -0.157581 0.014241 0.192833 0.072742 -0.220793 0.207051 -0.303508
diff -0.092922 -0.227406 0.167451 0.038164 -0.443010 0.222387 0.620389 -0.156470 -0.327912 0.149339 -0.052346 0.221491 -0.137168 -0.201639 -0.359037 0.091101 -0.009322 -0.002778 -0.466687 0.552153 -0.104653 0.001614 -0.068304 0.094360 0.140040 -0.611383 -0.152257 -0.158485 0.336631 0.262636 -0.222463 0.783938 0.161929 -0.015828 -0.090492 -0.387107 -0.349280 -0.509440 -0.227495 -0.224417 0.238369 0.234901 0.355440 0.040931 -0.088963 -0.204531 -0.577103 0.151184 0.045881 -0.344700
gpt</w> -0.030720 -0.030891 0.292534 0.281220 0.188049 0.237841 0.249093 -0.408635 -0.334213 -0.222560 0.140929 0.192027 -0.297069 -0.172617 0.062664 -0.103038 0.048462 0.017042 -0.335032 0.061299 -0.176169 -0.452833 -0.229632 0.262899 -0.162777 -0.701427 0.254088 0.021067 0.150115 0.224645 -0.057095 -0.400131 0.210437 -0.513912 0.016312 -0.372372 0.100603 0.015586 0.268432 0.143497 -0.146544 0.295038 0.158126 -0.324324 0.330885 0.236523 0.065975 -0.266624 0.285449 -0.249282
see 0.164800 -0.153249 0.064314 0.176698 -0.331363 0.419152 -0.093913 0.063436 -0.496048 0.151403 0.372300 0.135280 -0.359219 0.108251 0.175192 -0.264189 0.026308 0.034002 -0.300684 0.387371 0.057013 -0.170870 -0.178611 0.206057 -0.181958 -0.454848 -0.296369 -0.086371 -0.383680 0.490401 -0.048296 0.184021 0.194887 -0.294550 0.089012 -0.225918 -0.282853 -0.217493 -0.103696 -0.056071 -0.185683 0.004721 0.195600 -0.095736 0.119457 0.088445 0.131066 -0.223014 0.185709 -0.231866
” -0.185802 -0.078625 0.519440 0.062378 0.034372 0.378522 0.290625 -0.242153 -0.436005 -0.021304 0.376527 0.185708 -0.591533 -0.004317 0.126702 -0.359409 -0.170989 0.134693 -0.258684 0.243701 0.165247 -0.372495 -0.156262 -0.012752 -0.498569 -0.929184 0.310566 0.126277 0.070874 0.265638 -0.299817 0.131966 0.400833 -0.349269 0.387811 -0.031021 -0.063723 0.071150 0.170419 0.182438 -0.096204 -0.215790 0.247158 -0.194090 0.138466 0.369057 0.099447 -0.236512 0.213551 -0.295892
sible</w> 0.113366 0.142091 0.305454 0.154851 0.239559 0.250900 0.478272 -0.537698 -0.188450 0.050012 -0.098234 -0.175353 -0.147073 0.057289 0.075816 0.192074 0.248593 0.093428 -0.743263 0.220984 -0.104229 0.078601 -0.041758 0.262557 -0.198432 -0.727952 -0.215610 0.274703 0.422108 0.037513 -0.210979 -0.076334 0.247355 -0.149091 0.061755 -0.348402 -0.399245 -0.061300 -0.091414 0.034267 0.055682 0.080013 -0.133123 -0.009631 -0.239218 0.304508 -0.263237 -0.041583 0.051878 -0.014445
youn 0.100916 0.182599 -0.066078 0.300048 -0.036359 0.226776 0.153722 -0.237349 -0.621002 -0.208660 -0.034360 0.486483 -0.210605 -0.047643 -0.109671 -0.253074 0.108205 -0.244204 -0.527446 0.247643 -0.281496 0.021065 -0.229259 0.316644 -0.100691 -0.457692 -0.000992 0.019527 0.000600 0.097364 0.024578 0.182881 0.023346 -0.251570 -0.030595 -0.081135 -0.177948 -0.177303 -0.068141 -0.160245 -0.124390 -0.153735 0.043696 -0.545843 -0.076887 0.133562 0.034777 -0.341379 0.064783 -0.350187
bet -0.040997 0.312072 0.179480 0.034433 -0.201347 0.023786 0.493636 -0.150557 -0.411029 -0.075056 0.127082 0.084740 -0.048462 -0.244084 -0.019714 -0.195585 0.019911 0.048311 -0.551407 0.423761 0.245614 -0.074713 -0.208602 0.100252 -0.329087 -0.410420 -0.232483 0.136316 0.118836 0.523594 -0.322883 0.406845 -0.059235 -0.242617 0.145860 -0.238083 -0.257303 -0.068227 -0.278841 -0.288922 -0.032308 -0.099835 0.055968 -0.277069 -0.178310 0.097378 -0.203834 0.352831 0.026660 -0.422962
ready</w> 0.011018 -0.068461 0.234367 0.239255 -0.210009 0.189567 0.452822 -0.008895 -0.344470 -0.122395 0.285683 0.164731 -0.168766 0.156482 0.151058 0.125730 0.208519 -0.167264 -0.400124 0.271095 0.112977 -0.088358 0.054948 0.202996 -0.109254 -0.522510 -0.026506 -0.067380 -0.023928 0.327098 -0.078807 0.071322 0.054698 -0.270335 -0.076528 -0.127088 -0.232502 -0.056486 -0.229217 0.049538 -0.156441 0.476848 -0.013713 -0.255974 0.267985 0.134123 0.068067 -0.411739 0.053656 -0.513676
secon -0.128129 -0.206748 0.237582 0.117400 -0.201829 0.524765 -0.012289 -0.015495 -0.505836 0.033588 0.223236 0.347615 -0.245672 -0.069392 0.051417 -0.516044 -0.129476 -0.134749 -0.159068 0.478625 -0.252229 -0.054141 0.124190 0.225445 -0.464519 -0.567712 -0.333291 0.138225 -0.368591 0.547660 0.189803 0.070241 0.292279 -0.266855 0.100560 -0.075805 -0.427516 -0.043939 0.088448 0.178788 -0.169463 -0.287170 0.200607 -0.634279 0.262259 0.267167 -0.304971 -0.299152 0.051815 -0.073444
perfor 0.070525 -0.229068 -0.029834 0.263693 0.102770 0.405134 0.398296 0.298637 -0.297093 -0.022961 0.106352 -0.041960 -0.274132 -0.006678 0.057128 -0.297521 0.093805 0.072317 -0.504874 0.411893 0.076587 -0.212932 -0.130565 0.002104 -0.340359 -0.450157 -0.064468 -0.101193 -0.140837 0.445410 -0.120783 0.164353 0.349011 0.015022 0.002433 0.022672 -0.088250 -0.199025 -0.012078 -0.190761 -0.030639 0.099624 0.570961 -0.034697 -0.004283 0.097584 0.035891 -0.210257 -0.070763 -0.453241
bud 0.168351 -0.047074 0.039529 0.026704 -0.219254 0.260103 0.031445 -0.226737 -0.640433 -0.011020 0.223954 0.247182 -0.489752 0.076688 -0.040835 -0.122510 0.011990 -0.109621 -0.323408 0.203010 -0.034437 -0.080137 -0.219099 0.205828 -0.271178 -0.544940 0.119257 0.105076 -0.033477 0.163568 -0.109006 0.182984 0.165645 -0.156189 0.087075 -0.204793 -0.056118 -0.058430 -0.331598 -0.165993 0.012411 -0.248400 0.229591 -0.353317 -0.143799 0.096815 0.018005 -0.077393 0.152680 -0.284978
cause</w> 0.177523 0.021704 0.272920 0.185378 -0.129857 0.363789 0.184118 0.001673 -0.527206 0.083457 0.077893 0.240487 -0.207921 0.184631 -0.090908 -0.214921 0.167826 -0.178079 -0.348447 0.312165 0.135818 -0.161736 0.138756 0.211898 0.031321 -0.419173 -0.023234 -0.237010 -0.027495 0.188813 0.114012 0.499786 -0.100645 -0.153931 -0.045371 -0.188846 -0.347622 0.088472 -0.242690 0.149299 -0.172893 0.327568 0.262244 -0.186599 0.085821 0.222686 -0.104031 -0.288875 0.105701 -0.257739
call 0.057456 -0.239962 -0.015633 0.013782 -0.404250 0.373487 0.464074 -0.034949 -0.463408 -0.056834 0.172852 0.223317 -0.133200 -0.007792 0.066112 -0.189511 0.264711 -0.119684 -0.300125 0.449413 0.057986 -0.268820 -0.095046 0.172145 -0.406328 -0.519528 -0.008401 -0.149339 -0.123701 0.519205 -0.000640 0.077123 0.275494 -0.205193 -0.036125 -0.333177 -0.198705 -0.229252 -0.151418 -0.127015 0.146666 -0.048393 0.190196 -0.254889 0.071517 -0.222171 -0.184955 -0.146704 0.109247 -0.346789
ror</w> -0.097331 0.038810 0.306348 0.086328 -0.199488 0.283956 0.600290 -0.298922 -0.494259 0.118043 0.086660 0.208378 0.228204 -0.146313 -0.263384 -0.108966 0.098801 0.051809 -0.701466 0.354732 -0.313214 -0.154962 -0.144070 0.263135 -0.571208 -0.488797 -0.068705 -0.155545 0.457993 0.233504 -0.168832 0.170592 0.068143 -0.184762 -0.002591 -0.387253 -0.055319 -0.377334 0.012034 -0.348873 0.143513 0.246471 -0.116670 -0.302136 -0.256305 0.150973 -0.302316 0.086694 -0.138966 0.011709
ere</w> -0.185515 0.132435 0.140962 0.114557 0.230832 0.190666 0.293405 0.059416 -0.482857 -0.276307 -0.121464 0.157594 -0.024334 -0.051291 0.014210 -0.019457 0.271715 0.096809 -0.712101 0.128327 -0.159568 0.014901 -0.201279 0.083895 -0.153444 -0.732735 -0.094321 0.188943 0.276864 0.202444 0.078211 0.161810 0.161718 -0.143975 -0.079186 -0.347813 0.036844 -0.285061 0.115346 -0.143176 0.079631 0.277539 0.070902 -0.046367 -0.184878 0.637888 -0.222856 0.071226 -0.151856 -0.033119
how -0.073575 0.125558 0.074632 0.053152 -0.214613 0.446378 0.304298 0.017345 -0.570585 -0.155955 0.289859 -0.013170 -0.261820 -0.020652 -0.142292 -0.053184 0.145924 0.104808 -0.246802 0.206406 -0.056766 -0.245704 -0.177795 0.003974 -0.456251 -0.554215 -0.243619 -0.279863 -0.010699 0.131959 -0.220231 0.248758 0.192469 -0.233880 0.000972 -0.220034 0.059006 0.043331 0.085232 -0.069594 -0.105250 -0.257262 0.225960 -0.448323 -0.046129 0.069167 -0.046610 -0.156444 0.012160 -0.389686
ever 0.111610 0.018198 0.209024 0.047836 -0.037710 0.304920 0.129562 -0.284220 -0.379848 -0.024434 0.174297 0.033637 -0.153611 -0.074693 -0.056017 -0.102129 0.028860 0.245710 -0.381257 0.063542 -0.256822 -0.020526 -0.191862 0.208866 -0.519347 -0.830979 -0.160379 -0.090267 0.238316 0.137124 -0.238599 0.211570 0.496668 -0.383484 -0.246083 0.040365 -0.081661 0.125258 -0.118731 -0.038262 -0.010487 -0.227618 0.177184 -0.279997 -0.175382 0.178464 -0.083030 -0.207821 -0.256673 -0.085007
ole</w> 0.069762 -0.006088 0.007306 0.017905 -0.026808 0.428568 0.187118 -0.295715 -0.519585 -0.141800 0.196302 0.193995 -0.287632 -0.004292 -0.120198 -0.069164 -0.007504 -0.023488 -0.493313 0.128274 -0.059107 0.035108 -0.193129 -0.001177 -0.166717 -0.911848 -0.067941 0.055831 0.257834 0.168509 -0.067583 -0.079438 0.242639 -0.113273 0.132991 -0.159801 -0.025196 -0.235566 -0.029463 0.022646 0.053303 0.222314 0.175637 -0.075383 -0.262445 0.444986 -0.269431 -0.231388 -0.358353 -0.054315
hal 0.177784 -0.097901 0.062238 0.055331 -0.040724 0.123756 0.184730 0.114132 -0.468604 -0.071580 0.122917 0.156978 -0.137122 -0.211263 -0.001453 -0.038101 0.130361 -0.021591 -0.577073 0.177561 -0.068486 -0.127273 -0.213809 0.193230 -0.319063 -0.439216 0.017484 0.099593 0.067047 0.275184 -0.028425 0.382114 0.247557 -0.019969 0.218509 -0.254007 -0.108122 -0.139415 -0.087731 -0.172127 -0.032250 -0.005457 0.236523 -0.206649 -0.022639 0.097446 -0.070439 -0.200904 -0.054009 -0.278542
fav 0.173064 0.069007 0.317798 0.014524 -0.025725 0.168902 0.152523 -0.561721 -0.717785 -0.062977 0.056239 0.261575 -0.137534 0.046473 -0.131414 -0.229536 -0.118941 -0.449743 -0.667845 0.340220 0.013529 -0.182700 -0.115379 0.091802 -0.288869 -0.240741 0.202638 0.219147 -0.092959 0.452048 -0.093091 0.246829 0.033450 -0.055910 -0.085022 -0.296248 -0.140331 -0.513390 0.213436 -0.074811 -0.023087 0.034719 0.058432 -0.571368 -0.241654 0.024720 0.147230 -0.081741 0.253179 -0.174773
sul -0.008055 0.011757 0.422489 -0.201030 -0.108972 0.032379 0.398414 0.025238 -0.350298 0.193540 0.163737 0.009832 -0.044059 -0.376834 0.064199 -0.134749 0.118643 0.083265 -0.879604 0.265258 -0.012107 -0.180505 -0.287770 0.077887 -0.199577 -0.635460 0.017059 0.078741 0.283992 0.153336 -0.350538 0.407003 0.237852 -0.084081 0.154496 -0.330513 -0.151659 -0.067366 0.004309 -0.213610 0.175558 0.032094 0.048963 -0.055434 -0.063356 0.064042 -0.043541 0.017472 0.007539 -0.166573
ful -0.043891 -0.018961 0.057773 0.152921 -0.210106 0.337195 0.235765 -0.168514 -0.408460 -0.052603 0.154957 0.141609 -0.215417 0.050292 0.051004 0.048811 0.141986 -0.051795 -0.406781 0.296549 -0.025144 -0.126967 0.065526 0.129247 -0.292403 -0.451968 -0.120823 0.054634 0.159290 0.358558 -0.064335 0.115163 0.221813 -0.094325 -0.140404 -0.211940 0.133549 -0.165967 -0.163535 -0.084425 0.057783 0.136291 0.006796 -0.166050 -0.093268 -0.015275 -0.109825 -0.174694 -0.282644 -0.245817
cour -0.081176 0.151395 0.289665 0.103899 -0.294704 0.496586 0.355707 0.234735 -0.401672 0.088919 0.410186 0.034722 -0.170931 -0.083929 0.376790 -0.103709 0.347446 0.051166 -0.670816 0.235293 -0.022125 -0.112080 -0.064188 0.129659 -0.252622 -0.502140 -0.113040 -0.058096 0.021228 0.499543 -0.132536 0.352822 0.166221 -0.338791 -0.217168 -0.199435 -0.010249 0.111419 0.063690 -0.024504 -0.094691 -0.072354 0.147125 -0.171037 0.014041 0.131260 0.170750 -0.367237 -0.204699 -0.136833
amaz 0.087281 -0.030930 -0.051530 0.109326 -0.121285 0.250627 0.633211 -0.029432 -0.339166 -0.057857 0.269629 0.122715 -0.211200 -0.028076 0.024756 0.005718 0.273036 -0.144644 -0.229414 0.428527 0.019655 0.085804 0.163398 0.305267 -0.477249 -0.440541 -0.016824 -0.254012 -0.124435 0.415371 -0.341841 0.375312 0.098541 -0.211030 -0.031660 -0.116163 -0.208420 -0.121135 -0.229357 -0.347583 -0.065744 0.170799 0.278180 -0.293017 0.266553 -0.196624 -0.120358 -0.141898 0.214729 -0.714914
~ -0.134235 0.012766 0.491048 0.077299 0.024242 0.417687 0.327123 -0.311545 -0.345993 -0.097830 0.239885 0.215676 -0.436102 0.004126 0.082654 -0.380126 -0.176560 0.066163 -0.231287 0.177230 0.131572 -0.401200 -0.169788 0.038134 -0.454461 -0.840690 0.320117 0.246689 0.100964 0.340559 -0.194013 0.084700 0.333269 -0.316345 0.349181 -0.100631 -0.008402 -0.067484 0.207141 0.145129 -0.109081 -0.019698 0.238745 -0.155786 0.007094 0.332569 0.105790 -0.271773 0.177836 -0.196193
watch 0.283438 0.219905 -0.025715 -0.022328 -0.183036 0.514177 0.200723 -0.055673 -0.327107 -0.064509 0.052494 -0.021920 -0.377337 -0.031138 -0.015957 -0.041228 0.176041 -0.144399 -0.342195 0.332836 -0.118925 -0.115235 0.060280 0.021196 -0.320741 -0.528514 -0.164889 -0.051410 -0.138627 0.389492 -0.105442 0.516114 0.254617 -0.127245 0.068099 -0.133850 -0.232457 -0.237907 -0.404022 -0.333128 0.201819 -0.179209 0.292988 -0.108091 0.210983 -0.108490 -0.109997 -0.117198 0.177265 -0.364868
origin 0.152511 -0.117765 0.130769 -0.038780 -0.131985 0.213490 0.305824 -0.082552 -0.507896 -0.073810 0.103622 0.218967 -0.125572 0.050280 -0.078376 -0.231651 0.236989 -0.091042 -0.410174 0.663113 0.237364 0.085585 0.041357 0.117553 -0.284978 -0.483088 0.044798 -0.227771 -0.097003 0.091528 -0.238736 0.391771 0.028045 -0.179721 -0.262957 -0.119451 -0.301760 0.046848 -0.081660 -0.349773 -0.010671 0.008025 0.253623 -0.116758 0.085825 0.004116 -0.356553 -0.083454 0.190127 -0.455175
= -0.101782 0.042448 0.533790 0.132880 -0.000707 0.335107 0.184822 -0.479012 -0.422698 -0.109862 0.383540 0.300728 -0.565753 0.000905 0.007771 -0.443693 -0.403444 -0.012732 -0.293676 0.098742 0.187525 -0.444941 -0.187091 0.117696 -0.353365 -0.999150 0.341052 0.310361 -0.011182 0.372172 -0.043637 -0.091298 0.231203 -0.322264 0.381219 -0.195362 -0.009724 0.033052 0.513944 0.329593 -0.137246 -0.183259 0.275958 -0.398320 0.252718 0.446443 0.038923 -0.258528 0.224866 -0.308696
joh 0.169099 0.207329 0.130165 0.062643 0.166555 0.318851 0.259678 -0.420052 -0.259889 0.038268 0.235605 0.219552 -0.469607 -0.241095 -0.248686 -0.232052 -0.071881 0.265367 -0.501980 0.203025 -0.183615 -0.022780 -0.319239 0.057785 -0.512832 -0.804343 0.003212 0.093559 0.366838 0.119468 -0.163666 0.049068 0.680874 -0.252511 -0.148986 -0.137126 -0.143016 -0.144146 -0.023524 -0.025403 0.138308 -0.257747 0.248863 -0.163865 -0.052130 0.086142 -0.228551 -0.098884 -0.075674 -0.328249
] -0.129409 -0.075130 0.503141 0.132795 -0.068864 0.458988 0.337249 -0.430342 -0.464547 -0.184083 0.372930 0.086288 -0.463474 -0.023655 0.047432 -0.372136 -0.269328 0.065251 -0.285607 0.252876 0.161081 -0.492853 -0.086965 0.094806 -0.458212 -1.028847 0.504581 -0.000709 0.204776 0.263101 -0.200523 -0.120943 0.264006 -0.395107 0.235245 -0.180643 -0.110522 0.236945 0.129879 0.243323 -0.310944 0.058224 0.231491 -0.287959 0.144476 0.597570 -0.067927 -0.356751 0.177242 -0.289620
wr 0.167531 0.127168 0.205311 0.249049 0.086857 0.417259 0.388119 -0.208720 -0.255160 0.062716 0.129824 -0.003409 -0.352976 -0.045320 -0.092006 -0.006509 0.129599 0.008685 -0.482661 0.146359 -0.175290 -0.028734 -0.101076 -0.023263 -0.268132 -0.658195 -0.411255 0.236617 0.193794 0.287957 -0.257046 0.187985 0.143597 0.000263 -0.010339 -0.235201 0.035015 -0.028133 0.027285 -0.117905 0.101777 -0.099508 0.144613 -0.078203 -0.087635 0.053799 0.050806 0.146648 0.133711 -0.211400
beauti 0.015869 -0.139630 0.145827 -0.116290 -0.273698 0.191488 0.313106 -0.024152 -0.433789 -0.100937 0.118820 0.141688 -0.185570 -0.073289 0.096870 -0.007833 0.203097 -0.085058 -0.276346 0.362537 0.153934 -0.135613 -0.134157 0.272207 -0.233505 -0.334487 -0.136340 0.011999 0.008595 0.094160 -0.085157 0.351080 0.329167 -0.256858 -0.011891 -0.327003 -0.304217 -0.029939 -0.327280 -0.181671 -0.152960 0.219990 0.190632 -0.004550 0.165730 -0.009790 -0.215167 -0.026794 0.203762 -0.220145
uring</w> 0.002188 0.034704 0.263719 0.159527 -0.108396 0.192363 0.200744 -0.068450 -0.520813 -0.099206 0.042587 0.345607 -0.022915 0.106511 0.143702 -0.041186 0.016819 0.103384 -0.678788 0.175197 -0.117803 -0.067602 -0.009837 0.310334 -0.152758 -0.427180 -0.212036 0.091442 0.310978 0.044199 -0.013442 0.001980 -0.012618 -0.201397 -0.062848 -0.344353 -0.157194 0.013162 -0.270144 -0.168540 0.071481 0.311477 0.031761 -0.156691 -0.028049 0.124692 -0.120101 -0.102048 -0.053394 0.038173
ingredi 0.191633 -0.050815 0.179217 0.134341 -0.023875 0.416784 0.215118 -0.202622 -0.573806 -0.104518 -0.138323 0.387838 -0.351079 0.067852 0.237584 -0.440392 -0.118973 -0.222197 -0.556826 0.485186 -0.237194 -0.166308 0.060062 0.268908 -0.329655 -0.371062 -0.271101 0.217309 -0.270400 0.165684 -0.334019 0.052236 0.184135 -0.085249 -0.021020 -0.321940 -0.090604 -0.117298 -0.093603 -0.400687 0.021690 0.133479 0.024617 -0.186179 0.102350 0.084433 -0.061938 0.123317 0.276794 -0.241244
sty 0.097103 0.152031 0.099825 0.166207 -0.179279 0.382920 0.100199 -0.022248 -0.455836 0.026559 -0.014354 0.142822 -0.216239 0.033717 -0.013484 -0.079633 -0.126683 -0.000054 -0.474751 0.359359 -0.072495 -0.107024 -0.125328 0.121944 -0.202358 -0.431561 -0.203432 -0.003084 0.038869 0.388899 -0.109713 0.272102 0.250866 -0.159592 0.014348 -0.254853 -0.015904 -0.211975 0.077362 -0.260130 -0.100874 -0.002160 0.089942 -0.183497 -0.023970 0.108664 -0.114280 0.026366 0.082255 -0.224807
rist -0.019274 0.030575 0.162105 -0.054163 0.048625 0.287233 0.359586 -0.212326 -0.446397 -0.080710 0.135533 0.156473 -0.126570 -0.156412 -0.137033 -0.033416 -0.095601 -0.001855 -0.733929 0.220962 -0.078206 -0.070774 -0.228753 0.181962 -0.156925 -0.563861 0.097061 0.066098 0.377367 0.156351 -0.058553 0.359232 0.406784 -0.192734 0.203459 -0.331211 -0.113709 -0.358731 -0.238570 -0.204415 -0.153410 0.045015 -0.136936 -0.199119 -0.190716 0.183224 -0.231753 -0.001588 -0.077737 -0.225833
[ -0.184132 0.039819 0.512198 0.116545 0.018788 0.454697 0.245012 -0.474038 -0.432897 -0.199041 0.253340 0.211676 -0.442225 -0.002160 0.084872 -0.463505 -0.300537 0.045022 -0.353211 0.163942 0.099428 -0.446540 -0.092382 0.118501 -0.363560 -1.059235 0.501134 0.136116 0.047698 0.249092 -0.111938 -0.113334 0.312012 -0.393201 0.196797 -0.217915 -0.020461 0.201590 0.345943 0.302192 -0.266576 0.048363 0.320949 -0.412920 0.186876 0.559553 0.005165 -0.340015 0.135052 -0.225656
disa 0.258173 -0.026287 0.081506 0.068985 -0.040121 0.217387 0.193306 0.002117 -0.492854 -0.053872 0.044009 0.159045 -0.289604 -0.091543 -0.034867 -0.080833 0.119567 -0.056614 -0.452995 0.278822 0.083238 -0.107855 -0.258964 0.162636 -0.256832 -0.328069 -0.073308 0.178331 0.108518 0.280376 -0.122159 0.183973 0.043959 -0.179567 0.074458 -0.204962 -0.161832 -0.083378 -0.050689 -0.150435 -0.026674 0.023169 0.001528 -0.083067 -0.017483 0.106210 -0.156332 -0.131485 0.060542 -0.157743
chocol 0.092633 -0.085196 0.305802 0.137712 -0.166333 0.181804 0.208425 -0.096018 -0.506827 -0.035261 0.237814 0.302527 -0.084222 0.179172 0.017174 -0.003895 0.157584 -0.085087 -0.459727 0.312340 -0.047457 -0.288250 -0.092606 0.094947 -0.339941 -0.493835 -0.138362 0.019766 -0.314106 0.077558 -0.200136 0.158599 0.377684 -0.089091 -0.172897 -0.387775 -0.046811 0.008673 -0.049929 -0.148565 0.047870 -0.026657 0.133727 -0.182726 -0.050069 0.038423 -0.044394 -0.068120 0.014907 -0.182543
😂 -0.115941 0.028801 0.439275 0.157954 0.090753 0.330811 0.175057 -0.253875 -0.395555 -0.036030 0.143629 0.172070 -0.393788 0.060251 0.054018 -0.387005 -0.053748 0.102169 -0.297958 0.147854 0.112061 -0.358911 -0.157031 0.112235 -0.393341 -0.789680 0.213860 0.149033 0.052144 0.310641 -0.191784 0.048780 0.124908 -0.387201 0.365858 -0.211336 -0.185954 0.010861 0.235616 0.170155 -0.105005 -0.067685 0.209396 -0.167211 0.117679 0.405736 0.033758 -0.280461 0.178551 -0.205706
som -0.014942 0.216411 0.280654 -0.054704 0.057618 0.256791 0.272364 -0.151041 -0.215446 -0.120755 0.213657 0.096714 -0.251622 0.012167 -0.030079 -0.098096 0.151489 0.050505 -0.320514 0.165785 -0.059741 -0.261084 -0.173431 0.169460 -0.495515 -0.604513 0.363357 0.219406 0.145991 0.453598 -0.167401 0.083287 0.222624 -0.236661 0.110878 -0.284291 -0.074261 -0.077159 0.010570 0.002882 -0.058340 -0.003542 0.190844 -0.129182 -0.056854 0.391393 0.023914 -0.185714 -0.153530 -0.062255
favor 0.135886 -0.002476 0.277732 0.180992 0.073093 0.046524 0.159578 -0.126224 -0.554019 -0.001257 0.150040 0.184140 -0.157454 -0.057583 0.016644 -0.007037 -0.158457 -0.148305 -0.614365 0.368618 -0.074449 -0.210099 0.004260 0.250653 -0.265956 -0.667406 -0.011462 0.089808 0.030620 0.331229 -0.231533 0.066105 0.144337 -0.010884 0.093659 -0.234961 -0.316217 -0.393629 -0.181265 -0.391999 0.039237 -0.071239 0.358509 -0.365111 -0.298428 -0.089972 0.069413 0.167807 -0.155084 -0.022942
vie -0.040788 0.053539 0.136409 0.016160 -0.107112 0.245417 -0.150242 -0.362856 -0.368331 -0.084461 0.218692 0.280806 -0.214433 -0.049661 -0.220867 -0.311592 -0.208909 -0.052627 -0.719402 0.201232 -0.214403 -0.106857 -0.344192 0.452980 -0.240032 -0.598012 0.018965 0.085657 0.348220 0.235489 -0.096483 0.040909 0.320364 -0.402147 -0.141923 -0.263523 -0.402699 -0.054328 -0.050727 -0.163984 -0.118621 -0.106041 0.461107 -0.364673 -0.061392 0.284606 0.040552 -0.353955 -0.278419 -0.195565
disap 0.284179 -0.022528 0.213640 0.160718 -0.349772 0.155100 0.337998 -0.049027 -0.257820 0.151071 0.124889 0.058143 -0.165374 0.165616 0.041176 0.228441 0.023016 -0.063218 -0.506121 0.279992 0.112791 -0.152469 -0.155084 0.224398 0.081834 -0.503614 -0.383191 0.042719 0.084350 0.378637 -0.167663 0.292406 0.221983 -0.095918 0.164504 -0.389568 -0.024464 0.028755 -0.062615 -0.067222 -0.235738 -0.135957 0.097703 -0.294754 0.113048 0.254917 -0.087221 -0.107407 -0.057895 -0.061227
absol 0.147538 -0.052500 0.241889 0.162484 -0.174826 0.278117 0.283901 -0.075380 -0.424372 -0.246811 0.013741 0.342623 -0.153913 0.066868 0.085315 -0.111109 -0.025627 -0.072801 -0.508655 0.237782 -0.028717 -0.262441 0.012994 0.126898 -0.083207 -0.427049 0.038737 -0.075649 -0.074555 0.040296 0.024777 0.238612 0.070044 0.103066 -0.030622 -0.534332 -0.178438 -0.199543 -0.048286 -0.195081 0.106162 0.059962 0.093402 -0.398220 -0.118658 0.011551 -0.032248 -0.081077 0.207571 -0.102186
dn</w> 0.173399 0.252014 0.346668 0.165396 -0.264546 0.499689 0.624486 -0.011821 -0.519923 0.224205 0.387098 -0.310823 -0.021347 -0.017929 -0.190718 0.081382 0.414010 -0.031160 -0.491638 0.114777 0.374449 -0.114696 -0.008552 0.011996 -0.047896 -0.805992 0.169290 -0.442318 0.011023 0.284308 0.011979 0.608461 -0.081025 -0.107218 -0.271567 -0.179781 0.243637 0.403493 0.201660 0.149730 -0.334205 0.107165 0.001137 -0.196557 -0.132113 0.500756 0.039560 -0.082736 -0.075151 -0.670674
hou 0.215130 -0.025133 0.119377 -0.000237 -0.138389 0.196093 0.290839 0.010893 -0.457168 -0.121755 0.073471 0.115685 -0.093536 -0.062895 0.101679 0.053861 0.033650 -0.103799 -0.721540 0.154578 -0.234833 0.004069 -0.137890 0.195999 -0.211777 -0.610040 -0.185738 0.113128 0.237692 0.399716 -0.084161 0.044142 0.052161 -0.164313 0.114588 -0.283325 0.049418 -0.146204 -0.021191 -0.186759 -0.078873 0.077012 0.050718 0.041908 -0.204381 0.331568 -0.093603 -0.114232 -0.235893 -0.004942
may 0.244623 0.030867 0.033446 0.007543 0.035150 0.317455 0.252482 -0.160297 -0.436460 0.054758 0.051238 0.062464 -0.209618 -0.135036 -0.140012 0.074748 0.032692 0.022371 -0.471003 0.123321 0.059480 -0.041969 -0.148449 0.129558 -0.391601 -0.438114 -0.082407 0.114151 0.036765 0.339739 -0.109833 0.173749 0.117954 -0.031605 -0.036575 -0.376870 -0.039774 0.037181 -0.094708 -0.089649 -0.055985 0.138283 0.040056 -0.256540 -0.046519 0.102182 -0.128031 -0.051503 0.074266 -0.318535
whi 0.125983 0.000441 0.157578 0.150129 -0.064315 0.245766 0.253674 -0.089421 -0.430554 -0.083888 -0.012133 0.113405 -0.213649 0.095395 0.044970 -0.184112 0.170152 0.076589 -0.428549 0.269820 0.030126 0.031549 -0.105554 0.236267 -0.278792 -0.506485 -0.067049 0.077971 0.008597 0.252090 -0.159624 0.106967 0.128811 -0.211921 -0.042625 -0.305735 -0.136627 -0.072530 -0.032944 -0.187299 0.010216 0.005359 0.151716 -0.217721 -0.069250 0.124576 -0.152586 -0.014401 0.001771 -0.205682
produ 0.151512 -0.016279 0.137322 0.014495 -0.064200 0.343921 0.066952 0.097530 -0.321770 0.024495 0.215783 0.161733 -0.365241 -0.041779 0.342834 -0.180808 0.089987 -0.014795 -0.416195 0.340596 0.113924 -0.069745 -0.012571 0.183383 -0.196553 -0.518721 0.001660 -0.056913 -0.079935 0.345992 -0.029189 0.297250 0.245580 -0.232153 -0.051840 -0.259557 -0.183751 -0.013029 -0.119431 -0.020632 -0.055751 0.015009 0.208336 -0.070570 -0.050125 -0.106592 0.012129 -0.239711 0.009805 -0.162915
` -0.130275 -0.052808 0.444313 0.060828 0.011935 0.333706 0.148920 -0.165008 -0.453426 -0.062345 0.205491 0.134057 -0.397704 0.043472 -0.001425 -0.380198 -0.048340 -0.004552 -0.359337 0.336486 0.067467 -0.288733 -0.110919 0.124895 -0.347914 -0.708104 0.302918 0.013070 0.053033 0.223360 -0.144193 0.095692 0.124081 -0.351452 0.302945 -0.164828 -0.145813 0.150081 0.189829 0.142378 -0.173905 -0.053944 0.249968 -0.238437 0.048577 0.369157 -0.026927 -0.243609 0.218740 -0.171287
camer 0.040457 -0.029452 0.250188 0.246117 -0.019032 0.340518 0.426131 -0.194637 -0.335895 -0.073646 0.122341 0.150365 -0.031113 0.009817 0.022804 -0.113080 0.058797 -0.121886 -0.508704 0.295920 -0.038478 -0.119841 -0.025383 0.162212 -0.256510 -0.498727 -0.113143 0.020304 0.033928 0.279400 0.067560 0.092121 0.245031 -0.172152 -0.007948 -0.212518 -0.040440 -0.105737 -0.127866 -0.187483 0.127463 0.071815 0.027813 -0.239019 -0.100049 0.172645 -0.133036 -0.102031 0.153000 -0.204566
simp 0.102886 0.119614 0.261347 0.064455 -0.110798 0.072295 0.187921 0.055090 -0.425512 0.020878 0.084448 0.204148 -0.202625 0.137877 -0.091246 -0.039428 0.139929 -0.046689 -0.535068 0.444507 0.022053 -0.201926 -0.157724 0.212077 -0.298263 -0.378765 -0.208976 0.177741 -0.022830 0.455098 -0.109129 -0.006520 0.186223 -0.317779 -0.027461 -0.112992 -0.182411 -0.112061 -0.045689 -0.311298 0.051840 -0.042039 0.070130 -0.102599 -0.021773 0.333591 0.048181 0.042154 0.031978 -0.090256
fortun 0.271972 0.088706 -0.037878 0.107809 -0.090267 0.302349 0.279120 -0.245713 -0.384409 -0.141039 0.132371 0.287805 -0.140578 -0.030115 -0.015555 -0.170110 0.044200 -0.250424 -0.483197 0.449393 0.032346 -0.056639 -0.041451 0.123585 -0.357196 -0.357720 0.059730 0.152674 -0.085916 0.271200 -0.127216 0.128933 0.144377 -0.149853 0.005412 -0.162024 -0.255926 0.039586 -0.212740 -0.256284 -0.171454 0.076165 0.323322 -0.070524 0.137524 0.206257 -0.041137 -0.111642 0.087448 -0.322758
️ -0.120240 0.023892 0.507926 0.092881 0.041726 0.372035 0.220510 -0.322572 -0.393555 -0.006581 0.279732 0.106331 -0.475388 0.029613 0.058464 -0.419875 -0.113939 0.104989 -0.351662 0.241436 0.152006 -0.406036 -0.220776 0.081373 -0.435105 -0.925429 0.400941 0.039564 0.151822 0.301877 -0.221802 0.059966 0.258742 -0.349790 0.295672 -0.176684 -0.046944 0.143279 0.244017 0.256322 -0.189348 -0.041827 0.263723 -0.236863 0.035613 0.428952 0.067568 -0.328426 0.201442 -0.277132
belie 0.196843 -0.251106 0.130714 0.192789 -0.168344 0.234456 0.224209 -0.015755 -0.476499 -0.041864 0.183230 -0.037503 -0.145655 -0.003413 0.043320 -0.187414 0.055355 -0.061461 -0.402277 0.283407 -0.032501 -0.153726 -0.182398 0.101362 -0.339500 -0.515584 -0.096762 -0.123241 0.140521 0.286035 -0.100275 0.185743 0.252583 -0.235861 0.248157 -0.218471 -0.020019 0.033124 -0.026025 -0.068458 0.098643 -0.136621 0.175277 -0.353176 -0.234132 0.155632 0.049638 -0.059123 0.102797 -0.218938
member</w> 0.172442 -0.046885 0.293793 0.200845 -0.123100 0.182181 0.121017 -0.152514 -0.469738 -0.123546 0.095954 0.292129 -0.128503 0.149292 -0.139756 -0.212825 0.042801 -0.147665 -0.623981 0.320930 -0.065810 -0.181961 -0.026865 0.102550 -0.247327 -0.396782 -0.146839 0.118321 0.020424 0.189006 -0.095557 0.219635 0.076049 -0.260019 -0.184569 -0.301225 -0.124920 -0.137579 -0.094976 -0.099692 -0.051141 0.109009 0.076817 -0.411270 -0.071690 0.071929 -0.015749 -0.068502 0.118789 -0.098966
enter 0.001497 -0.103606 0.018796 0.149061 -0.068140 0.280184 0.309760 -0.001457 -0.407143 -0.167576 0.129075 0.081383 -0.133167 -0.041687 0.174234 -0.071158 0.108919 -0.036077 -0.456571 0.246477 -0.103786 0.035656 0.109355 0.269009 -0.312093 -0.405557 -0.078941 -0.141337 0.192168 0.446719 -0.159801 0.267533 0.141383 -0.346670 0.045996 -0.310031 -0.165601 -0.304525 -0.251908 -0.096846 0.047316 0.074753 0.233580 -0.172596 0.081940 0.071436 -0.106675 -0.077980 0.028523 -0.269240
worl 0.100544 0.097162 0.142737 0.102353 -0.016203 0.294133 0.018371 -0.114819 -0.426590 0.055375 0.124765 0.275868 -0.238561 0.083122 -0.030330 -0.247240 0.105201 -0.058134 -0.456858 0.170232 -0.116635 -0.143676 -0.129553 0.223817 -0.291258 -0.498928 -0.248821 0.176775 0.015467 0.370317 -0.134030 0.084476 0.128889 -0.247793 0.060926 -0.108664 -0.272180 -0.040453 -0.030489 0.105120 -0.110287 -0.144648 0.154136 -0.298422 0.132159 0.241565 -0.017359 -0.162733 0.068866 -0.121963
👇 0.010463 0.019148 0.443051 0.120178 0.044243 0.385385 0.209543 -0.260809 -0.235218 -0.025553 0.180683 0.179621 -0.377062 0.092365 0.049667 -0.379042 -0.048660 0.095545 -0.182096 0.185419 0.168978 -0.364213 -0.163411 0.101994 -0.359188 -0.790920 0.327048 0.073758 0.077162 0.236425 -0.193039 0.097802 0.197013 -0.323177 0.304233 -0.197999 -0.114254 0.060964 0.214945 0.191063 -0.048416 0.059224 0.310112 -0.038471 0.039520 0.373411 0.037850 -0.216028 0.222529 -0.276906
tely</w> 0.166955 0.100125 0.131888 0.060579 0.059931 0.328646 0.236334 -0.201830 -0.268590 0.009971 -0.272411 0.053214 0.035542 0.094901 0.102565 0.087581 0.191900 0.081947 -0.484404 0.205229 -0.015080 -0.230114 0.122335 0.020281 -0.146876 -0.425121 -0.145385 -0.109421 0.199684 0.284672 0.036826 0.335769 0.093969 -0.176501 -0.137180 -0.464054 -0.097414 0.086632 -0.242130 0.012627 0.145225 0.126489 -0.031099 0.012666 -0.031707 0.373869 -0.252916 0.296455 0.183764 -0.080118
sever 0.162917 -0.104841 0.160574 0.044820 -0.137822 0.238997 0.262140 -0.070450 -0.466438 0.069374 0.042811 0.134498 -0.092888 0.000029 -0.124868 0.020357 0.080030 -0.022164 -0.351216 0.363726 -0.067842 -0.077748 -0.030141 0.180275 -0.192595 -0.460492 -0.058673 -0.105393 0.113211 0.234461 -0.066452 0.288790 0.260924 -0.177336 -0.111588 -0.157924 -0.246375 -0.101536 -0.200041 -0.152059 -0.012904 0.145439 0.197875 -0.109324 -0.029015 -0.005842 -0.204184 0.054141 0.089339 -0.269631
was 0.029616 0.076011 0.130190 0.221767 -0.054492 0.369400 0.177831 -0.093687 -0.256082 -0.021058 0.169633 0.208739 -0.228520 0.062587 -0.026129 -0.228893 0.040074 0.024414 -0.377370 0.311354 0.046748 -0.194348 0.003636 0.042131 -0.252031 -0.572085 -0.031739 -0.063786 0.063599 0.204030 0.032746 0.198298 0.064738 -0.158404 -0.188567 -0.106145 -0.094954 0.069554 -0.038258 0.004467 -0.045582 0.152071 0.242060 -0.174961 0.028529 0.135077 -0.038862 -0.104781 0.008700 -0.379926
ä -0.048182 0.015146 0.454794 0.050604 -0.025952 0.244574 0.296375 -0.211523 -0.415628 -0.132238 0.192304 0.081053 -0.498954 -0.041550 0.125775 -0.400969 -0.178774 0.188712 -0.355284 0.271165 0.213401 -0.327901 -0.183348 0.114082 -0.368862 -0.847757 0.189242 0.040691 0.177985 0.212251 -0.233742 0.088758 0.286938 -0.286439 0.301073 -0.304389 -0.003179 0.100517 0.190234 0.181743 -0.129990 -0.205845 0.264897 -0.211385 -0.030493 0.438428 -0.006695 -0.210019 0.176295 -0.165860
vide 0.264237 0.064411 0.056313 0.056232 -0.105223 0.238060 0.170745 -0.208516 -0.462945 0.017217 0.037048 0.150042 -0.200943 -0.024129 -0.048018 -0.144040 -0.032555 0.083577 -0.398544 0.232421 -0.019345 -0.032431 -0.074492 0.155306 -0.230509 -0.478456 -0.173357 0.059739 0.065416 0.241602 -0.083618 0.193063 0.144901 -0.086599 0.108957 -0.184052 -0.108349 0.013854 -0.089372 -0.164335 -0.017809 -0.108624 0.100616 -0.196827 -0.096426 0.201559 -0.022682 -0.028624 0.163165 -0.150747
´ -0.058499 0.032704 0.356774 0.121176 -0.029709 0.348377 0.191099 -0.178396 -0.316791 -0.023024 0.293781 0.184083 -0.364389 0.065182 0.007253 -0.328272 -0.002414 0.083474 -0.286889 0.251110 0.209306 -0.277784 -0.050715 0.075129 -0.287121 -0.702032 0.184073 0.042255 0.048060 0.230886 -0.076098 0.147975 0.129020 -0.220084 0.126244 -0.098809 -0.009223 0.201003 0.115139 0.277732 -0.152206 -0.051436 0.227392 -0.145855 0.053981 0.279966 0.096148 -0.323709 0.107842 -0.284029
itten</w> 0.012340 0.050442 0.009702 0.094337 -0.027053 0.266974 0.280289 -0.057861 -0.422168 -0.100828 0.030745 0.134375 -0.132526 0.093367 -0.055860 -0.078963 0.131191 -0.041799 -0.432770 0.119093 -0.091725 -0.058955 -0.052924 0.209257 -0.250818 -0.537758 -0.015531 0.105079 0.177684 0.212984 0.107374 0.215380 0.135663 -0.210605 0.068050 -0.328955 -0.092958 -0.132297 -0.162025 -0.100950 -0.107836 0.149979 0.088624 -0.247044 0.011376 0.227086 -0.159612 -0.061413 -0.011415 -0.092847
 -0.029770 0.067896 0.270296 0.039797 -0.009963 0.215425 0.175697 -0.258981 -0.383437 -0.066942 0.111409 0.212171 -0.325953 0.017122 0.027096 -0.219434 -0.055805 0.053912 -0.273201 0.240653 0.082591 -0.195444 -0.098764 0.105768 -0.291934 -0.579792 0.179951 0.020345 0.066075 0.298670 -0.145063 0.035532 0.157268 -0.220457 0.216822 -0.213771 -0.045075 -0.030626 0.082110 0.092024 -0.051400 -0.029352 0.100456 -0.245738 -0.017711 0.280918 0.006037 -0.181218 0.064919 -0.201284
coffe 0.113481 0.084583 0.152472 -0.027326 -0.010359 0.333250 0.331905 -0.005604 -0.490938 -0.094211 0.177421 0.084419 -0.195516 -0.027110 0.061244 -0.105962 0.013356 0.022902 -0.331270 0.295338 0.012143 -0.169279 0.014586 0.061206 -0.331311 -0.415492 -0.243838 -0.058840 0.021511 0.293966 -0.126031 0.240754 0.276946 -0.205693 0.102159 -0.218938 -0.019160 -0.154697 -0.175531 -0.169598 0.092355 -0.115595 0.349178 -0.196555 0.059558 0.017356 -0.100982 0.042740 -0.070009 -0.153881
— -0.022973 0.044315 0.290861 0.074795 0.035526 0.249371 0.180184 -0.185176 -0.276465 -0.012903 0.103869 0.151510 -0.300356 -0.024666 -0.011098 -0.256077 -0.014583 0.107535 -0.333657 0.198751 0.132046 -0.213709 -0.139742 0.078810 -0.291895 -0.549466 0.090432 0.055490 0.077692 0.283157 -0.131543 0.207400 0.101720 -0.244280 0.169876 -0.184799 -0.062687 -0.034874 0.105497 0.080306 -0.054138 0.064789 0.246896 -0.105555 0.027166 0.160099 -0.007923 -0.165563 0.104980 -0.230163
prob 0.075222 -0.036887 0.161963 0.045945 -0.094878 0.305858 0.334272 -0.024776 -0.322087 -0.081524 -0.003265 0.186043 -0.201131 0.074177 0.016972 -0.119820 0.001256 -0.022343 -0.532121 0.160834 -0.106769 -0.088140 -0.080365 0.114689 -0.184743 -0.444980 -0.102990 0.035689 0.041634 0.272863 -0.036110 0.245608 0.038965 -0.062898 -0.015643 -0.118279 -0.108721 -0.174913 -0.155154 -0.100715 0.130461 -0.064383 0.247375 -0.262659 0.023315 0.171834 -0.037684 0.023123 0.056559 -0.119095
dial -0.027693 0.051728 0.224421 -0.042418 0.018162 0.148733 0.215458 -0.234079 -0.485171 -0.220741 0.069887 0.025705 -0.170803 0.001008 -0.007550 -0.130112 0.039867 -0.127585 -0.587881 0.210532 0.022719 -0.186448 -0.039730 -0.004388 -0.239089 -0.314510 -0.009019 -0.023869 0.221166 0.304051 -0.035808 0.286734 0.252716 -0.191085 0.046519 -0.415588 -0.049009 -0.132870 -0.138558 -0.059116 -0.142977 -0.001381 -0.051565 -0.224145 0.041713 0.241060 0.034701 -0.056682 -0.050068 -0.076633
ø 0.001247 -0.004006 0.413506 0.059462 0.033815 0.355466 0.202186 -0.297372 -0.380776 -0.128184 0.130196 0.217934 -0.374882 0.042727 -0.011233 -0.331743 -0.090687 0.040755 -0.341968 0.185168 0.057701 -0.286502 -0.082881 0.119978 -0.323350 -0.763252 0.222678 0.096988 0.121115 0.253320 -0.092499 0.106937 0.175353 -0.300700 0.170859 -0.235435 -0.070515 0.018939 0.115530 0.149080 -0.104975 0.036757 0.243759 -0.238723 0.107870 0.379780 0.010940 -0.214851 0.149598 -0.224719
charact 0.111174 0.246054 0.203674 0.015629 -0.058169 0.187584 0.209457 -0.178741 -0.315963 0.046270 0.028527 0.068482 -0.080583 0.123081 -0.113487 0.023902 0.113969 0.032472 -0.472410 0.278594 -0.074988 -0.064693 -0.032168 0.202773 -0.264876 -0.379748 -0.122838 -0.009455 0.198970 0.188167 -0.221856 0.226814 0.153554 -0.188575 -0.007706 -0.232660 -0.062965 -0.045658 -0.155406 -0.096025 0.108168 -0.094265 -0.098965 -0.114746 -0.052472 0.046259 -0.121402 -0.010381 -0.065168 -0.196105
choc 0.115748 -0.096622 0.151212 0.005769 -0.178319 0.295431 0.097932 -0.032749 -0.400116 -0.065853 0.152116 0.135261 -0.262548 -0.103662 0.085888 -0.106602 -0.020899 -0.028093 -0.418729 0.313271 -0.047086 -0.142589 -0.101477 0.179439 -0.189482 -0.452122 0.030016 0.017734 -0.119252 0.211044 0.018208 0.122843 0.231199 -0.233756 -0.020285 -0.271214 -0.041182 -0.100733 -0.022201 -0.059171 -0.217217 0.140100 0.219790 -0.147943 0.058490 0.165987 -0.063481 -0.133915 0.148388 -0.163880
ticul 0.167044 0.120978 0.099149 0.000848 -0.162136 0.193483 0.230039 -0.194031 -0.449039 0.022298 -0.079743 0.127146 -0.090001 -0.128588 0.004319 0.107095 0.158465 0.040186 -0.357961 0.305096 -0.107072 -0.068981 -0.161020 0.073365 -0.313667 -0.415857 -0.189633 0.026942 0.112072 0.151894 -0.048715 0.180392 0.138547 -0.085569 0.004688 -0.260680 -0.071718 -0.093172 -0.054790 -0.147139 0.009623 0.029831 0.070707 -0.105579 0.086030 0.112956 -0.008257 0.162435 0.030504 -0.111720
‘ -0.023313 0.006483 0.268261 0.065887 0.009568 0.186037 0.149588 -0.185986 -0.376464 -0.115800 0.093060 0.189207 -0.277427 -0.001964 0.016425 -0.143554 0.014727 0.043065 -0.361733 0.210427 0.092481 -0.260058 -0.133815 0.115550 -0.296293 -0.621526 0.188385 0.051647 0.052072 0.222292 -0.103261 0.078229 0.123508 -0.281390 0.133740 -0.328771 -0.061600 -0.033412 0.081419 0.010674 -0.083226 0.110052 0.126366 -0.191339 0.037031 0.214558 0.079792 -0.130740 0.098903 -0.176979
pid</w> 0.097256 0.102133 0.232836 0.008575 0.010838 0.256364 0.266742 -0.057116 -0.374088 -0.012838 0.042038 0.176115 -0.073833 0.090466 0.073311 0.128499 0.046937 -0.096599 -0.453019 0.120764 -0.139808 -0.202624 -0.140844 0.170464 -0.141895 -0.453869 -0.116000 0.124310 0.145625 0.251432 -0.048810 0.073851 -0.016119 -0.157366 -0.070665 -0.328239 -0.015617 0.045318 -0.129414 -0.058432 -0.093923 0.204770 0.076245 -0.056793 0.032499 0.336355 -0.120784 0.044042 0.011530 -0.053674
🤖 0.018255 0.016041 0.295415 0.143568 0.051503 0.292292 0.139817 -0.250264 -0.222342 -0.014812 0.149691 0.171861 -0.250365 0.092968 0.026641 -0.271139 -0.075752 0.046679 -0.268247 0.107358 0.061836 -0.273218 -0.103663 0.058363 -0.180016 -0.578358 0.165992 0.038969 0.076474 0.193282 -0.080591 0.091135 0.087823 -0.227829 0.119638 -0.190050 -0.046066 0.061406 0.110115 0.115049 -0.078333 0.137097 0.248786 -0.181219 0.099166 0.258301 0.030373 -0.209217 0.152350 -0.223851
ã -0.052749 -0.006833 0.298751 0.020485 0.019345 0.307627 0.254028 -0.150849 -0.319738 -0.019383 0.132728 0.112911 -0.365779 0.028409 0.038530 -0.271241 -0.044228 0.058678 -0.382426 0.242937 0.114478 -0.282881 -0.120539 0.059898 -0.301157 -0.670652 0.209175 0.022377 0.133039 0.282564 -0.112767 0.134035 0.164195 -0.179046 0.213550 -0.203068 -0.011859 -0.007924 0.103878 0.020164 -0.043228 -0.083067 0.276975 -0.208711 -0.034660 0.236080 0.018401 -0.199849 0.114992 -0.242967
🤯 -0.047434 -0.039299 0.330254 0.090746 0.026113 0.282943 0.221051 -0.218821 -0.239971 -0.044816 0.147915 0.117475 -0.285113 0.015332 -0.010083 -0.255690 -0.038022 0.050169 -0.234493 0.225475 0.035946 -0.250368 -0.063663 0.022094 -0.269347 -0.608018 0.193904 0.005842 0.049015 0.243885 -0.151900 0.069228 0.144615 -0.269530 0.150833 -0.168526 -0.059857 0.010217 0.094712 0.099311 -0.068504 -0.006150 0.248840 -0.191115 0.103813 0.213430 -0.005537 -0.197876 0.110394 -0.189925
ama 0.067660 0.034383 0.207778 0.005686 0.040147 0.229673 0.183114 -0.162953 -0.265084 0.062098 0.055396 0.120540 -0.137217 0.026425 -0.060576 -0.041665 0.003573 -0.057959 -0.412599 0.202046 0.008721 -0.072923 -0.110657 0.106697 -0.119590 -0.467693 -0.047518 -0.056790 0.168922 0.192606 -0.055689 0.245767 0.085964 -0.176468 -0.001619 -0.190679 -0.061138 -0.208744 -0.028345 -0.080092 0.021562 0.097823 0.098206 -0.190335 -0.075193 0.239624 -0.044797 -0.015702 -0.018042 -0.148329
til</w> 0.078588 0.042921 0.178576 0.086219 -0.036927 0.238175 0.166756 -0.061021 -0.232858 -0.033227 0.063750 0.186808 -0.116236 0.044989 0.079717 -0.027912 0.054076 0.048205 -0.257514 0.176191 0.016648 -0.117406 -0.032590 0.151274 -0.062381 -0.462758 0.028340 0.018025 0.046941 0.178088 0.065536 0.091032 0.008212 -0.114341 0.031921 -0.148186 -0.095113 0.071066 -0.087837 0.029420 -0.061635 0.135159 0.118799 -0.161631 0.069572 0.326872 -0.127180 -0.188653 0.085450 -0.171270
| -0.047057 -0.009385 0.269878 0.079138 -0.015406 0.198367 0.236691 -0.123767 -0.288230 -0.091980 0.121954 0.084843 -0.202787 0.006672 0.064216 -0.165204 -0.018685 0.025891 -0.324753 0.134387 0.063051 -0.208735 -0.060747 0.058176 -0.290386 -0.523636 0.089783 0.073281 0.073503 0.226949 -0.086903 0.113671 0.183069 -0.243255 0.120258 -0.189651 -0.065656 0.023100 -0.010451 0.083294 -0.074936 0.001205 0.096466 -0.144892 0.060000 0.260588 0.014786 -0.131109 0.045245 -0.119354
‍ -0.062572 -0.010820 0.364757 0.088866 -0.018519 0.214574 0.166621 -0.176091 -0.299356 0.013574 0.158213 0.072668 -0.282940 0.020388 0.037462 -0.225936 -0.065337 0.059945 -0.300570 0.172642 0.104264 -0.233293 -0.141061 0.101876 -0.271447 -0.603519 0.185467 0.037684 0.100764 0.245445 -0.144460 0.129004 0.180584 -0.209978 0.203637 -0.194664 -0.035448 0.054911 0.131262 0.118056 -0.112463 0.017218 0.164261 -0.157028 0.030928 0.294972 -0.013425 -0.155516 0.106391 -0.204851
does 0.099515 0.172845 0.162942 0.185277 -0.136955 0.347148 0.147652 -0.126107 -0.246956 0.027373 0.188137 0.155997 -0.164580 -0.069653 -0.014389 -0.146554 0.104518 0.067540 -0.366772 0.112668 0.086536 -0.165054 -0.030449 0.111067 -0.231084 -0.519936 -0.050606 -0.053208 0.045025 0.215571 -0.033715 0.248003 0.150943 -0.110329 -0.202909 -0.112320 -0.091762 0.144935 -0.068600 0.100724 -0.043872 0.083802 0.167084 -0.110539 0.017358 0.061696 -0.026938 -0.207575 0.000752 -0.374437
è -0.039449 0.073566 0.216784 0.105958 -0.021968 0.196249 0.246086 -0.132576 -0.247665 0.033934 0.159555 0.117723 -0.300376 -0.042653 0.033639 -0.169368 -0.044391 -0.005102 -0.334355 0.222648 0.119106 -0.191416 -0.090467 0.073051 -0.240972 -0.499539 0.079775 0.107852 0.131075 0.243887 -0.110336 0.111406 0.053755 -0.181404 0.189211 -0.092642 -0.010473 0.123641 0.021917 0.064758 -0.159177 0.013687 0.117596 -0.068302 0.006379 0.187990 0.012855 -0.172282 0.078946 -0.215914
👏 -0.018291 0.073055 0.311006 -0.004191 0.015801 0.233125 0.103112 -0.157956 -0.259281 -0.021140 0.094306 0.146565 -0.256794 0.038125 -0.000084 -0.177645 -0.041961 0.123376 -0.253066 0.133057 0.080411 -0.193155 -0.125868 0.113238 -0.211674 -0.545112 0.136343 0.049545 0.104893 0.180999 -0.072630 0.080819 0.116093 -0.227764 0.162269 -0.160442 -0.054905 0.053697 0.094840 0.109613 -0.098615 0.002794 0.185487 -0.134977 0.044703 0.276298 0.026407 -0.124712 0.080474 -0.135158
â -0.002123 0.028904 0.240535 0.027690 -0.032383 0.233280 0.137225 -0.179520 -0.268586 -0.015800 0.151490 0.151077 -0.223838 0.026896 -0.042382 -0.180300 -0.029778 -0.014575 -0.223994 0.187825 0.084487 -0.178257 -0.020750 0.072984 -0.197411 -0.490307 0.089385 0.011417 0.062826 0.147113 -0.033858 0.174586 0.095100 -0.180760 0.079028 -0.120707 -0.078326 0.099650 0.050108 0.102657 -0.148816 -0.016418 0.207729 -0.127178 -0.005239 0.256628 0.022248 -0.191624 0.017633 -0.181707
🏼 -0.042518 0.031671 0.318185 0.024014 0.018857 0.233682 0.152400 -0.153854 -0.284660 -0.043329 0.084997 0.110260 -0.279111 -0.014244 0.037116 -0.255213 -0.078974 0.100540 -0.312444 0.174897 0.092237 -0.236923 -0.100388 0.078803 -0.272710 -0.572091 0.121337 0.117470 0.167584 0.229670 -0.110637 0.138625 0.179723 -0.190817 0.226101 -0.149718 -0.075605 0.018313 0.079726 0.107291 -0.065559 -0.062652 0.142840 -0.128644 0.029927 0.282016 0.006082 -0.111806 0.135259 -0.150653
🧵 -0.054671 0.053154 0.216438 0.126080 -0.032293 0.259298 0.155890 -0.242114 -0.288302 -0.063161 0.092794 0.138787 -0.201578 0.047167 0.005414 -0.236000 -0.044835 0.017427 -0.290298 0.176368 0.019743 -0.235637 -0.097932 0.074584 -0.193165 -0.484686 0.142823 0.032181 0.056057 0.170105 -0.095706 0.008427 0.094482 -0.228008 0.077507 -0.107094 -0.172560 0.020690 0.027607 0.036893 -0.104372 0.032822 0.193622 -0.179832 0.059622 0.250461 0.064019 -0.166374 0.076783 -0.171007
🔥 -0.033739 0.014790 0.289039 0.034979 -0.054494 0.177794 0.183042 -0.165877 -0.284433 0.027700 0.128238 0.098584 -0.199685 0.015343 0.008288 -0.158937 -0.038875 0.107763 -0.315031 0.216371 0.017038 -0.195467 -0.099270 0.089787 -0.265650 -0.517072 0.116026 0.031107 0.091523 0.237439 -0.160294 0.101719 0.125597 -0.130297 0.206620 -0.197195 -0.069999 -0.030933 0.084891 0.068174 -0.028990 -0.016498 0.115515 -0.152273 0.000504 0.241991 -0.030435 -0.049757 0.064895 -0.158418
á 0.016771 0.002552 0.205720 0.029180 -0.019199 0.294797 0.148824 -0.131566 -0.297080 -0.026336 0.081748 0.069157 -0.243180 0.030108 -0.021547 -0.252542 -0.047857 0.060896 -0.341118 0.262697 0.086001 -0.179189 -0.075527 0.089964 -0.247733 -0.525262 0.139225 0.024373 0.078099 0.222087 -0.080274 0.163838 0.129136 -0.150965 0.132086 -0.157669 -0.032896 -0.011088 0.061904 0.054571 -0.079889 -0.019796 0.206838 -0.140373 -0.030071 0.203691 -0.004752 -0.147201 0.055625 -0.203974
° -0.102591 0.024630 0.308475 0.044736 0.035815 0.293283 0.183975 -0.197094 -0.322978 -0.036890 0.191834 0.116734 -0.299273 0.020433 0.042102 -0.219852 -0.128172 0.022987 -0.299558 0.159506 0.033979 -0.200840 -0.072157 0.047290 -0.293419 -0.618283 0.117206 0.084061 0.088390 0.249438 -0.138009 0.095243 0.179300 -0.180180 0.169785 -0.173637 0.019338 0.051431 0.154246 0.104465 -0.093088 -0.085305 0.102553 -0.211456 -0.004372 0.280216 -0.046941 -0.182285 0.037839 -0.135832
😎 0.007521 0.033253 0.197875 0.077617 -0.023072 0.253686 0.116874 -0.150826 -0.236620 -0.048626 0.146596 0.109648 -0.231353 0.060593 -0.046751 -0.196066 -0.024238 0.022981 -0.235524 0.148138 0.069576 -0.137404 -0.042373 0.100084 -0.184247 -0.454431 0.119723 0.008513 0.030842 0.219730 -0.103485 0.081902 0.152747 -0.197978 0.095258 -0.137976 -0.002682 -0.010425 0.058403 0.093058 -0.068699 0.067049 0.198156 -0.122381 -0.014309 0.138910 0.015469 -0.143057 0.081950 -0.128020
ï 0.032712 0.061328 0.182583 0.132675 -0.046799 0.184403 0.190776 -0.140953 -0.298211 0.017552 0.117043 0.141810 -0.202143 0.015970 0.000298 -0.139931 0.035142 -0.050289 -0.354616 0.228251 0.073332 -0.127440 -0.081995 0.070391 -0.198625 -0.414615 0.049721 -0.006959 0.089000 0.192323 -0.075518 0.181107 0.046170 -0.120344 0.093843 -0.125292 -0.046695 0.046872 0.015410 0.016705 -0.105905 0.035094 0.120881 -0.156712 0.000993 0.181380 0.049715 -0.157783 0.060594 -0.222492
 -0.003610 -0.042391 0.205314 0.151405 -0.031077 0.233897 0.148351 -0.126465 -0.365878 -0.112706 0.053432 0.174429 -0.131462 0.068976 -0.010381 -0.192573 -0.021121 -0.024075 -0.275762 0.153203 -0.011005 -0.131774 -0.025453 0.086177 -0.183435 -0.390208 0.014722 0.006378 0.045427 0.195157 -0.039344 0.080090 0.080925 -0.150918 0.036171 -0.174097 -0.061845 -0.039866 -0.020541 0.027689 -0.056552 0.101949 0.109140 -0.220662 -0.004320 0.174099 -0.014471 -0.141373 0.131789 -0.146828
asy</w> 0.131250 0.018688 0.115447 0.090036 -0.030427 0.261348 0.235440 -0.057527 -0.294847 -0.103884 0.058447 0.104201 -0.047247 0.069016 0.047976 0.056460 0.142204 0.049831 -0.376093 0.164976 0.026256 -0.069664 0.052095 0.067374 -0.093947 -0.462058 -0.016093 -0.033640 0.114328 0.252793 0.036333 0.140938 0.045238 -0.136007 -0.082207 -0.259437 0.019945 -0.006549 -0.129724 0.008865 -0.093463 0.103726 0.010945 -0.108581 -0.039313 0.206468 -0.008900 -0.151532 0.005450 -0.099343
😄 -0.027065 0.047458 0.250992 0.108068 0.047094 0.235183 0.133455 -0.268159 -0.234619 -0.066173 0.118757 0.147816 -0.231374 0.035530 0.009348 -0.202310 -0.053759 0.046185 -0.151622 0.149008 0.057718 -0.245663 -0.021791 0.040960 -0.197635 -0.581510 0.115509 0.006135 0.086853 0.130801 -0.102488 0.039032 0.115079 -0.246023 0.097630 -0.133038 -0.086558 0.082371 0.094643 0.126289 -0.078712 0.046918 0.156474 -0.115942 0.113592 0.245519 0.032330 -0.201788 0.130471 -0.194948
» 0.026341 -0.003350 0.329306 0.071316 -0.001022 0.290437 0.192395 -0.179167 -0.208153 -0.055323 0.071552 0.140856 -0.236217 0.079516 0.048924 -0.164677 0.014000 0.080283 -0.247597 0.217302 0.119049 -0.182725 -0.074423 0.112054 -0.171532 -0.572331 0.132166 0.021427 0.057712 0.249019 -0.059090 0.073158 0.133247 -0.185594 0.131766 -0.177417 -0.069130 0.072469 0.070494 0.116328 -0.124926 0.084855 0.167442 -0.161574 0.075424 0.257844 0.003341 -0.182512 0.115566 -0.193374
– 0.025082 -0.014842 0.173532 0.074306 -0.006888 0.191804 0.101530 -0.114843 -0.147816 -0.014600 0.074223 0.100116 -0.157289 0.040295 -0.009880 -0.095148 0.030189 0.023118 -0.141740 0.102085 0.032181 -0.104457 -0.015762 0.080721 -0.070602 -0.364464 0.038657 -0.009133 0.038891 0.162104 -0.047961 0.099867 0.087710 -0.164258 0.044333 -0.133250 -0.068704 0.013448 -0.003105 0.069831 -0.053619 0.049163 0.141687 -0.076460 0.100219 0.120208 0.045482 -0.127695 0.114793 -0.177248
ó -0.008810 -0.012903 0.166858 0.094081 -0.036031 0.204127 0.195830 -0.073643 -0.183718 -0.010873 0.108263 0.041551 -0.149611 -0.029736 0.014193 -0.117381 -0.037126 0.023776 -0.220558 0.207249 0.024393 -0.167643 -0.064384 0.052911 -0.182254 -0.431196 0.037676 -0.008693 0.060120 0.190974 -0.087858 0.096995 0.111774 -0.132834 0.041030 -0.110273 -0.001584 -0.051219 0.033672 -0.004859 -0.078263 0.001122 0.047365 -0.104924 -0.025186 0.145449 0.006175 -0.064979 0.070095 -0.174236
© 0.004824 0.018211 0.227042 0.090161 0.005341 0.188565 0.096567 -0.094938 -0.199330 -0.005280 0.070809 0.106821 -0.200031 0.028221 0.028713 -0.183831 -0.038337 0.042654 -0.211284 0.124774 0.091916 -0.157885 -0.075654 0.086497 -0.161051 -0.425819 0.086183 0.037997 0.047205 0.162254 -0.062934 0.107270 0.100195 -0.154741 0.102049 -0.149809 -0.050262 0.028463 0.048598 0.086171 -0.031695 0.021105 0.150196 -0.107073 0.026857 0.216100 0.030330 -0.133613 0.075247 -0.152724
♂ -0.030346 0.018643 0.236614 -0.002133 0.026992 0.132947 0.095827 -0.090999 -0.196160 0.016840 0.080596 0.061626 -0.188135 0.026709 0.010656 -0.180547 -0.060745 0.056106 -0.228276 0.106123 0.017114 -0.137844 -0.059413 0.056187 -0.168297 -0.386185 0.123885 0.051872 0.094287 0.190162 -0.140380 0.047101 0.106740 -0.186382 0.120498 -0.142519 -0.061129 -0.002780 0.041605 0.028113 -0.070949 -0.026032 0.130848 -0.114009 0.030757 0.199085 -0.004890 -0.098146 0.090384 -0.122849
specially</w> 0.061245 0.023930 0.098327 0.070566 -0.046777 0.174233 0.168491 -0.047909 -0.259263 -0.050928 0.039418 0.080105 -0.095686 0.000783 -0.003039 0.013181 0.113982 0.004539 -0.303914 0.185025 0.000986 -0.059860 -0.007562 0.098006 -0.113205 -0.314347 -0.070540 -0.008020 0.053038 0.151488 0.027771 0.099453 0.117268 -0.085500 -0.039713 -0.173953 -0.092396 -0.006120 -0.119610 -0.018631 -0.049274 0.126252 0.038550 -0.061587 0.041735 0.150166 -0.033193 -0.105645 -0.034469 -0.165135
excell 0.088334 0.049107 0.156828 0.110607 -0.047468 0.146184 0.183405 -0.034560 -0.311362 -0.051209 0.010532 0.137237 -0.148944 0.070821 -0.043197 0.020428 0.098026 -0.046587 -0.267806 0.165016 -0.035952 -0.076430 -0.010931 0.146633 -0.203592 -0.317086 -0.113138 -0.017138 0.031180 0.239074 -0.028453 0.153850 0.105107 -0.142494 -0.036974 -0.240977 -0.056870 -0.095304 -0.153431 -0.042708 0.006025 0.128176 0.122540 -0.141297 0.093364 0.054852 -0.041825 -0.021399 0.058632 -0.235248
😱 -0.022882 0.049997 0.224840 0.054396 0.027724 0.218756 0.154642 -0.172046 -0.240485 -0.028760 0.067314 0.100135 -0.184532 0.019564 0.034876 -0.143601 -0.027426 0.026869 -0.274188 0.109334 0.005161 -0.181737 -0.057161 0.023060 -0.204888 -0.508007 0.066999 0.067267 0.085761 0.175997 -0.054993 0.049445 0.166810 -0.223658 0.111310 -0.189427 -0.074627 0.016260 0.057591 0.074769 -0.062361 0.022234 0.122220 -0.123663 0.037173 0.258260 -0.025112 -0.100760 0.057372 -0.121765
😁 0.030529 0.027742 0.236947 0.079113 -0.005368 0.223567 0.130496 -0.152017 -0.234657 -0.015373 0.097094 0.131038 -0.174182 0.027860 -0.024971 -0.163240 -0.033634 0.033636 -0.183687 0.139753 0.042612 -0.167241 -0.073619 0.080382 -0.168018 -0.428139 0.119168 0.005546 0.083051 0.116672 -0.077551 0.069261 0.086373 -0.172904 0.097207 -0.136040 -0.047172 0.049377 0.030965 0.065545 -0.048496 0.042199 0.146064 -0.130606 0.047269 0.218738 -0.017291 -0.120485 0.115192 -0.128909
ù -0.026548 0.006424 0.226326 0.037393 0.002720 0.233811 0.119768 -0.140501 -0.243692 -0.057038 0.078635 0.120457 -0.217697 0.035933 0.056349 -0.215214 -0.041258 0.034634 -0.244828 0.156885 0.014652 -0.177435 -0.065773 0.103250 -0.201635 -0.470847 0.121069 0.041642 0.103624 0.148862 -0.101529 0.094978 0.094683 -0.199349 0.114838 -0.143332 -0.068556 0.002739 0.020663 0.027569 -0.017496 0.015758 0.161499 -0.101973 0.037471 0.194003 0.009816 -0.133039 0.070685 -0.133053
¨ 0.024207 0.017012 0.176711 0.014017 -0.015077 0.182039 0.162459 -0.130954 -0.216812 -0.060495 0.084079 0.095305 -0.190421 -0.026702 0.005986 -0.162609 0.020073 0.019168 -0.258896 0.166813 0.067604 -0.120132 -0.068144 0.109993 -0.243689 -0.424591 0.092256 0.047352 0.073655 0.157344 -0.061370 0.146036 0.146251 -0.177941 0.081810 -0.154354 -0.022902 0.016258 -0.020668 0.025297 -0.013053 0.020959 0.141856 -0.129308 0.060614 0.209625 -0.025634 -0.094644 0.031128 -0.166349
½ -0.054309 -0.008930 0.229472 0.043490 -0.021763 0.235447 0.122301 -0.157782 -0.256221 -0.048945 0.115453 0.101972 -0.196096 0.041336 0.002786 -0.164277 -0.042925 0.071281 -0.229719 0.145462 0.089758 -0.180646 -0.030453 0.077452 -0.166080 -0.480383 0.078097 -0.004926 0.050237 0.176640 -0.078187 0.107599 0.098354 -0.163369 0.078763 -0.166911 -0.073278 0.085284 0.073577 0.131214 -0.070834 0.051451 0.135717 -0.189136 0.036579 0.187721 -0.030294 -0.162210 0.074126 -0.153223
^ 0.056183 -0.036019 0.243852 0.007851 -0.049407 0.233234 0.185684 -0.130980 -0.303211 -0.079420 0.067404 0.163926 -0.182720 0.033091 -0.023344 -0.151833 0.016112 -0.010011 -0.192923 0.147327 0.088714 -0.155168 -0.021652 0.029603 -0.210736 -0.430272 0.082399 -0.010713 -0.021318 0.135397 0.013407 0.062180 0.103846 -0.156389 0.037961 -0.189075 -0.077651 0.087041 -0.008121 0.017212 -0.060962 0.049086 0.190446 -0.118502 0.086088 0.233075 0.006936 -0.099898 0.125284 -0.155037
✅ 0.016841 0.042216 0.156809 0.128040 0.039558 0.228063 0.125803 -0.270412 -0.148382 -0.005084 0.068049 0.128094 -0.217530 -0.008459 0.104270 -0.130732 -0.013589 0.100367 -0.213324 0.147051 -0.038782 -0.217216 -0.054193 0.019292 -0.248250 -0.566326 0.040535 0.005635 0.115283 0.172461 -0.086088 0.039772 0.179111 -0.257006 0.070289 -0.129250 -0.037562 0.034324 0.106219 0.121432 -0.050510 -0.008160 0.152684 -0.087026 0.063643 0.133185 0.056102 -0.126664 0.063808 -0.137502
😤 0.023028 -0.048174 0.131151 0.040636 -0.007057 0.169395 0.070999 -0.095564 -0.186711 -0.035853 0.026533 0.067138 -0.128503 0.049959 0.008395 -0.130699 -0.006988 -0.035475 -0.109309 0.103181 0.031992 -0.072397 -0.021726 0.077421 -0.106825 -0.265285 0.023785 -0.012989 0.006511 0.135885 0.012513 0.070620 0.075034 -0.080587 0.040260 -0.130188 -0.056348 -0.018202 0.018020 -0.003189 -0.007650 0.003803 0.091682 -0.114542 0.029573 0.128499 0.019321 -0.063529 0.079824 -0.104195
him 0.061911 0.057794 0.108704 0.062747 -0.014126 0.142064 0.127712 -0.070331 -0.263681 -0.054189 0.037055 0.051484 -0.050396 -0.010607 -0.028050 -0.039374 -0.010912 -0.031339 -0.266497 0.136847 -0.025151 -0.079578 -0.063523 0.096126 -0.158271 -0.284282 -0.049309 0.003269 0.085379 0.141005 -0.031241 0.075486 0.065788 -0.086274 0.001385 -0.145706 -0.047508 -0.101072 -0.044504 -0.074571 -0.056444 0.075966 0.039033 -0.163465 0.027484 0.128718 -0.080086 -0.011714 0.069879 -0.123131
👉 0.030091 0.031901 0.145684 0.004576 0.003595 0.157144 0.114122 -0.086342 -0.184561 -0.033124 0.044810 0.114731 -0.077272 0.038000 0.024578 -0.067246 0.016942 0.012003 -0.223196 0.103558 0.013414 -0.119153 -0.023636 0.068438 -0.120789 -0.354636 0.016750 0.016261 0.033177 0.104248 -0.046945 0.085459 0.086027 -0.140368 0.039563 -0.144029 -0.065131 0.009988 0.001939 -0.002481 -0.017421 0.054479 0.064098 -0.087549 0.018354 0.126336 -0.068425 -0.047798 0.053508 -0.120843
itely</w> 0.054760 0.012797 0.167966 0.026442 -0.050511 0.252981 0.175424 -0.089139 -0.219367 -0.017571 0.012538 0.158114 -0.078499 0.000810 -0.016102 -0.037230 0.098081 -0.039675 -0.246821 0.156980 -0.014380 -0.097586 0.036632 0.084608 -0.072159 -0.356271 -0.021737 -0.003816 0.049588 0.117689 0.033269 0.128727 0.026299 -0.095295 -0.078966 -0.188706 -0.132301 0.037426 -0.129368 -0.004953 -0.008506 0.197099 0.083421 -0.033123 0.062889 0.166261 -0.051336 -0.093100 0.027475 -0.147830
💻 -0.023136 0.016670 0.186956 0.030463 -0.038219 0.203015 0.157812 -0.119624 -0.223031 -0.030916 0.111923 0.120882 -0.151923 0.030041 0.008977 -0.113171 0.013493 -0.007202 -0.240052 0.136031 0.037400 -0.139669 -0.051962 0.088167 -0.146745 -0.383891 0.057190 0.030851 0.088184 0.164788 -0.013854 0.115632 0.054399 -0.162420 0.079760 -0.092031 -0.057841 0.014763 -0.040016 0.057367 -0.040694 0.077729 0.089457 -0.130592 0.038873 0.180382 0.020875 -0.105464 0.048888 -0.141382
🤔 0.045288 0.043934 0.119319 0.066611 0.018937 0.187121 0.133734 -0.087945 -0.204598 -0.043117 0.059222 0.097925 -0.101444 0.029793 0.003317 -0.075911 -0.001231 0.025963 -0.198180 0.137961 0.016191 -0.090637 -0.067626 0.047926 -0.190733 -0.361851 -0.011292 0.007246 0.014562 0.114379 -0.076703 0.046764 0.069886 -0.145226 0.017045 -0.089330 -0.078905 0.012373 0.012563 0.016366 -0.029156 0.056102 0.096680 -0.094921 0.074135 0.168456 -0.037908 -0.098494 0.046228 -0.160875
😉 0.058683 -0.005079 0.166031 0.072727 -0.062305 0.138362 0.098464 -0.064641 -0.189527 -0.020019 0.063764 0.079052 -0.135203 0.017980 0.023337 -0.087824 0.026145 0.001439 -0.229182 0.103089 0.032037 -0.115317 -0.099362 0.101974 -0.150326 -0.315982 0.028864 0.056750 0.022265 0.171021 0.003076 0.080859 0.117309 -0.149386 0.066985 -0.161579 -0.032045 -0.030304 -0.014779 0.022970 -0.040652 0.053046 0.115573 -0.078926 0.011267 0.158234 0.009181 -0.075091 0.003178 -0.106692
 0.044324 -0.046236 0.143725 0.046812 -0.052405 0.170038 0.150087 -0.047689 -0.267403 -0.080664 0.047170 0.089587 -0.086575 0.035339 -0.017977 -0.071436 0.040891 0.022400 -0.223658 0.128741 0.045015 -0.067907 -0.016889 0.100160 -0.115034 -0.340051 0.057045 -0.011427 0.014050 0.141314 0.002645 0.064439 0.031071 -0.108666 -0.027382 -0.146909 -0.099981 0.024717 -0.035439 0.008958 -0.054411 0.096325 0.079802 -0.133489 0.042844 0.150441 -0.032901 -0.126986 0.054927 -0.123309
🎄 0.002426 0.001469 0.150618 0.036820 -0.038634 0.145612 0.114137 -0.096490 -0.222267 -0.070551 0.092642 0.060527 -0.124954 0.053519 0.019138 -0.070875 -0.024042 0.000784 -0.157237 0.068586 0.029553 -0.107325 -0.032552 0.042375 -0.094658 -0.302823 0.037978 0.013721 0.055145 0.108516 -0.041811 0.065240 0.100218 -0.134367 0.050729 -0.102924 -0.057677 0.013889 -0.012438 0.048868 -0.059856 0.059842 0.127586 -0.106593 0.009064 0.164591 -0.005871 -0.121758 0.033943 -0.092835
😭 0.045869 0.027492 0.145868 -0.000417 -0.025861 0.258013 0.149230 -0.092639 -0.294038 -0.027841 0.062518 0.092052 -0.173635 0.049211 0.003096 -0.129495 0.004780 -0.029051 -0.193027 0.162410 0.029286 -0.131962 0.013382 0.077476 -0.132552 -0.380279 0.006790 -0.007705 0.022051 0.130073 -0.034356 0.082491 0.142573 -0.123397 0.027900 -0.154886 -0.101631 -0.000132 -0.025649 -0.015941 -0.038928 0.013446 0.097845 -0.109493 0.024968 0.152684 -0.034081 -0.131572 0.073047 -0.142852
cof 0.038411 -0.001285 0.128959 0.044976 -0.030024 0.187533 0.150450 -0.013538 -0.250144 -0.059602 0.038120 0.080539 -0.078954 -0.029169 0.011836 -0.064400 0.007054 0.006743 -0.194939 0.170722 0.000990 -0.095820 0.031258 0.118884 -0.168185 -0.338257 -0.095143 0.022731 0.082802 0.163509 0.012389 0.049881 0.079318 -0.127676 0.036815 -0.188866 -0.025224 0.026875 -0.062624 0.020887 -0.015191 0.022056 0.131166 -0.103704 0.024676 0.148583 -0.066490 -0.013148 -0.013645 -0.145811
🤣 0.029655 0.046042 0.191208 0.051987 0.019932 0.186948 0.123534 -0.128644 -0.218946 -0.020485 0.071898 0.138223 -0.169170 -0.016363 -0.023952 -0.141814 -0.020994 0.036511 -0.252844 0.128683 0.009957 -0.160245 -0.077160 0.098106 -0.145200 -0.419705 0.044666 0.056764 0.073882 0.159466 -0.061735 0.057901 0.100801 -0.180444 0.080178 -0.103961 -0.073795 -0.010788 0.024989 0.046474 -0.041898 0.021283 0.117208 -0.133254 0.075760 0.181277 0.006882 -0.121813 0.065095 -0.155320
beli 0.052064 0.033893 0.171719 0.031186 -0.037964 0.141714 0.171650 -0.120519 -0.310456 -0.131813 0.051794 0.198615 -0.066843 0.081882 -0.060131 -0.085878 0.022669 -0.027288 -0.278877 0.260006 0.083992 -0.107201 0.066642 0.122259 -0.096546 -0.295530 -0.042338 -0.027536 0.035107 0.161948 0.009413 0.181898 0.059764 -0.075075 -0.080149 -0.189674 -0.053182 -0.064996 -0.097530 -0.054514 -0.073521 0.067225 -0.003796 -0.217216 0.063269 0.114482 -0.029606 -0.079131 0.061497 -0.190497
± -0.010584 0.002748 0.199703 0.048344 0.004393 0.185588 0.123797 -0.139147 -0.208290 -0.054310 0.093020 0.100769 -0.153901 -0.005836 0.002749 -0.164796 -0.045795 0.019595 -0.216561 0.110344 0.056439 -0.123050 -0.073027 0.073143 -0.178394 -0.384657 0.092753 0.024072 0.091193 0.180519 -0.066340 0.070094 0.095073 -0.139008 0.095665 -0.141568 -0.035930 -0.013428 0.059416 0.040745 -0.067609 0.026162 0.081608 -0.123855 0.048142 0.167908 -0.014389 -0.118459 0.056323 -0.126555
 0.008388 -0.027220 0.193871 0.064868 -0.006237 0.178296 0.103720 -0.125441 -0.186059 -0.019428 0.093902 0.107389 -0.171017 0.032489 0.005091 -0.158393 -0.022536 0.027055 -0.239149 0.131591 0.032232 -0.131713 -0.065402 0.044497 -0.149386 -0.397690 0.039518 0.027793 0.054736 0.158867 -0.077193 0.091710 0.103346 -0.140986 0.094025 -0.098677 -0.081089 -0.005419 0.024760 0.041622 -0.024850 -0.003566 0.118731 -0.105562 0.024899 0.138049 -0.026477 -0.108014 0.078934 -0.123987
§ -0.012616 0.001677 0.227920 0.054125 0.004554 0.176103 0.130607 -0.098902 -0.145643 -0.032116 0.086210 0.097485 -0.151011 0.043503 0.000499 -0.093430 -0.006237 0.017153 -0.177216 0.081534 0.046224 -0.125284 -0.017508 0.066959 -0.160187 -0.387884 0.064322 0.060368 0.065034 0.158066 -0.052167 0.101415 0.094258 -0.150553 0.049274 -0.146222 -0.041822 0.008428 0.019669 0.047063 -0.045133 0.061007 0.113685 -0.093076 0.046356 0.185825 -0.020593 -0.108926 0.042775 -0.147295
¿ -0.016762 0.020206 0.225273 0.013550 0.075954 0.171667 0.136042 -0.139990 -0.176597 -0.032268 0.058640 0.071560 -0.162398 -0.014618 0.043614 -0.130029 -0.028807 0.052558 -0.239136 0.093465 0.045197 -0.171188 -0.073230 0.079589 -0.183010 -0.442617 0.075455 0.082901 0.097024 0.149804 -0.070966 0.063882 0.161261 -0.134112 0.093895 -0.149442 -0.031730 0.028799 0.046010 0.060198 -0.016223 0.020348 0.092123 -0.104770 0.019156 0.185982 -0.006711 -0.078141 0.058175 -0.096687
ittle</w> 0.125271 0.092794 0.143146 0.058604 -0.051313 0.123742 0.059675 -0.065774 -0.241596 -0.004751 0.006733 0.168930 -0.072737 0.012650 -0.026586 -0.036735 0.073424 -0.010895 -0.250776 0.180008 0.005338 -0.071314 -0.034292 0.112856 -0.095537 -0.306290 -0.046453 0.024309 0.024371 0.121644 0.033420 0.118237 0.058025 -0.094818 -0.049309 -0.151434 -0.071302 -0.023603 -0.059278 0.019298 0.029218 0.090251 0.032029 -0.117225 0.021457 0.102866 -0.045670 -0.059691 0.034304 -0.099651
🙂 -0.023670 -0.000958 0.213575 0.103842 0.020223 0.219787 0.117910 -0.140286 -0.206554 -0.004132 0.040866 0.142458 -0.237485 0.035450 0.107840 -0.190554 -0.066042 0.065091 -0.225293 0.133678 0.059883 -0.226499 -0.071693 0.060262 -0.168533 -0.477875 0.054998 0.032163 0.080754 0.194027 -0.100913 0.006190 0.087612 -0.224133 0.102501 -0.160250 -0.050158 0.000656 0.060696 0.063558 -0.033850 0.077769 0.172102 -0.107669 0.122127 0.160663 0.007357 -0.148136 0.154816 -0.152924
ö 0.004685 -0.016671 0.196799 0.136928 -0.046960 0.181548 0.110296 -0.074245 -0.238398 -0.059999 0.071971 0.065061 -0.154602 -0.003002 0.050843 -0.110751 -0.014610 -0.023612 -0.233164 0.140124 0.018177 -0.112558 -0.073874 0.099046 -0.112056 -0.420679 0.046555 0.064324 0.008491 0.126940 -0.023058 0.086680 0.155635 -0.102734 0.093945 -0.214881 0.036154 -0.032579 0.045104 0.030128 -0.050302 0.046918 0.137491 -0.113197 -0.028303 0.157342 -0.027689 -0.107864 0.006600 -0.129336
• 0.011955 0.016460 0.160820 0.039504 -0.027576 0.124788 0.096800 -0.081034 -0.212825 -0.036627 0.032162 0.120679 -0.123305 0.005899 0.034118 -0.065137 -0.035417 0.042507 -0.216641 0.119189 -0.000196 -0.113315 -0.050207 0.040264 -0.130143 -0.310103 -0.005102 0.045991 0.060454 0.149067 -0.056136 0.045368 0.067922 -0.144817 0.063936 -0.119542 -0.041508 -0.054075 -0.014624 0.000312 -0.015205 0.027240 0.080259 -0.088899 -0.000796 0.135367 -0.023102 -0.037819 0.034105 -0.052282
✨ 0.026239 0.013586 0.052503 0.028293 -0.023714 0.072744 0.053490 -0.043316 -0.116514 -0.010147 0.034931 0.059218 -0.040938 0.014368 0.000967 -0.053420 0.004693 0.019955 -0.164277 0.068799 -0.008592 -0.065189 -0.017421 0.067526 -0.044360 -0.176917 0.004177 0.010333 0.026657 0.080166 -0.007123 0.061857 0.034695 -0.060628 0.022974 -0.066164 -0.055016 -0.011005 -0.009552 -0.000864 -0.019116 0.040624 0.021897 -0.079749 -0.007726 0.067408 -0.021089 -0.055244 0.019534 -0.068840
> 0.018101 0.013108 0.086686 0.047186 -0.018196 0.102411 0.096868 -0.058699 -0.204130 -0.042842 0.049628 0.066664 -0.063896 0.025543 0.009629 -0.048972 0.000702 -0.001400 -0.170158 0.109528 0.032083 -0.056278 0.004847 0.052433 -0.088240 -0.186135 -0.020820 0.029365 0.044962 0.086545 -0.031638 0.075946 0.071416 -0.083624 0.008755 -0.126142 -0.048400 -0.026938 -0.068042 -0.020744 -0.037304 0.064029 0.079495 -0.080268 0.001300 0.071162 -0.027484 -0.066222 0.010340 -0.097499
🙌 0.016914 0.043357 0.129022 0.020650 -0.003564 0.131524 0.126499 -0.088789 -0.181656 -0.008502 0.096272 0.056611 -0.085665 0.026391 0.005892 -0.033128 -0.027633 -0.006800 -0.144618 0.051445 0.044027 -0.096120 -0.030664 0.068201 -0.103774 -0.258492 0.014161 0.028481 0.036837 0.081692 -0.038930 0.036633 0.071471 -0.079564 0.048087 -0.095750 -0.069219 -0.013565 -0.022791 0.002610 -0.036348 0.064154 0.051453 -0.106212 0.030857 0.126729 -0.019545 -0.074361 0.054154 -0.125062
peop 0.018673 0.007027 0.077775 0.019058 -0.026076 0.121895 0.073631 -0.046277 -0.173807 -0.017017 0.040131 0.082299 -0.025801 0.054030 -0.030698 -0.059587 0.069872 0.011242 -0.152273 0.092752 -0.007183 -0.008471 0.031008 0.039810 -0.045550 -0.198185 -0.047918 0.000368 0.025582 0.105371 0.008658 0.084094 0.031935 -0.081924 -0.042301 -0.075927 -0.094218 -0.011459 -0.049904 -0.017226 0.006464 0.037374 0.073407 -0.080999 0.009092 0.071181 -0.013178 -0.071352 0.000390 -0.074216
🤷 0.067598 -0.022128 0.142224 0.065152 -0.042895 0.156349 0.098098 -0.074463 -0.166773 -0.015192 0.034739 0.092658 -0.069435 0.011793 -0.020786 -0.048872 0.031976 -0.046243 -0.169022 0.124997 0.040113 -0.070215 -0.002606 0.073643 -0.081267 -0.261066 0.005661 -0.019225 0.052743 0.101384 0.038392 0.092362 0.071230 -0.070322 -0.034792 -0.093036 -0.037118 0.011754 -0.052880 0.073646 -0.064203 0.083321 0.078717 -0.070756 0.028389 0.118818 -0.031021 -0.088698 0.040114 -0.141330
{ 0.044776 0.006211 0.094251 0.078382 -0.014601 0.138004 0.119675 -0.032922 -0.164195 -0.033430 0.035433 0.063310 -0.078032 0.028757 -0.020599 -0.039494 0.055701 0.033440 -0.189259 0.089011 0.014255 -0.082374 -0.044270 0.048944 -0.140867 -0.261957 0.014861 0.024525 0.045594 0.133051 -0.032365 0.103876 0.074834 -0.108297 0.009630 -0.135134 -0.024550 -0.038662 -0.009687 -0.001371 -0.027023 0.052660 0.071523 -0.093773 -0.006817 0.073303 -0.068835 -0.058486 0.040805 -0.107594
} 0.017647 -0.002217 0.100344 0.017914 -0.034797 0.125908 0.040267 -0.033152 -0.182115 -0.024171 0.011381 0.066111 -0.075789 0.039159 -0.026715 -0.054626 0.026284 -0.016106 -0.160492 0.104478 -0.042332 -0.046318 -0.002163 0.074269 -0.101727 -0.180481 -0.038171 0.024298 0.033874 0.079872 -0.016594 0.085922 0.059791 -0.089862 -0.006706 -0.130241 -0.061871 -0.016024 -0.051652 -0.002852 -0.013439 0.057508 0.075131 -0.080954 0.016120 0.102747 -0.049516 -0.035273 0.015409 -0.074340
🧑 0.058570 0.008230 0.101003 0.032296 -0.025238 0.152709 0.116186 -0.076335 -0.183281 -0.038110 0.060697 0.105121 -0.123335 0.021058 -0.013128 -0.092658 0.029579 0.015685 -0.161872 0.130183 0.005459 -0.078358 -0.021251 0.057932 -0.139067 -0.282904 -0.024250 0.026048 0.039610 0.158334 -0.044880 0.101713 0.060719 -0.092578 0.026324 -0.098026 -0.036297 -0.012257 -0.026633 -0.006373 -0.004099 0.004277 0.086500 -0.072691 0.015039 0.083526 -0.025619 -0.053945 0.027945 -0.111088
🙏 0.022642 0.030904 0.152372 0.018235 -0.003933 0.119296 0.126631 -0.093226 -0.189320 -0.010195 0.070663 0.058277 -0.111758 0.017015 -0.013942 -0.079285 -0.009101 -0.006457 -0.211377 0.111275 0.010029 -0.091577 -0.033743 0.040540 -0.122395 -0.269066 0.065553 0.026700 0.036932 0.126985 -0.061029 0.098720 0.073603 -0.080416 0.035596 -0.107468 -0.041836 -0.003448 0.010273 -0.001081 0.001257 0.012474 0.072490 -0.115468 -0.015351 0.113366 -0.009682 -0.045681 0.057833 -0.099541
📰 0.017655 0.015826 0.113329 0.052161 -0.008605 0.116409 0.083371 -0.059640 -0.121084 -0.033949 0.045276 0.058538 -0.096186 0.037122 -0.007548 -0.065679 0.003862 0.040531 -0.148217 0.062640 0.035762 -0.080611 -0.016947 0.050599 -0.087072 -0.267462 0.047550 -0.019304 0.015394 0.103058 -0.021473 0.017365 0.038573 -0.100506 0.014194 -0.077195 -0.065244 0.003627 0.016349 0.046671 -0.044873 0.066118 0.078464 -0.067878 0.051256 0.078799 0.011511 -0.069534 0.076629 -0.151723
ould</w> 0.026767 0.007117 0.071751 0.073212 -0.001400 0.109093 0.089688 -0.071236 -0.179077 -0.052616 0.029651 0.097348 -0.060632 0.022050 -0.027988 -0.034280 0.028445 -0.017678 -0.219165 0.061986 0.003742 -0.059001 -0.012925 0.039656 -0.093446 -0.187896 -0.039909 0.025704 0.039633 0.076270 0.011036 0.079135 0.076934 -0.044256 -0.023969 -0.143693 -0.015699 -0.036579 -0.036101 -0.031579 -0.019915 0.072964 0.087232 -0.081320 0.011864 0.077239 -0.065021 -0.059859 -0.000763 -0.110882
😬 0.026658 0.003284 0.102893 0.022928 0.006390 0.127282 0.065136 -0.076502 -0.157062 -0.027956 0.009624 0.056535 -0.090004 0.019107 0.009324 -0.108744 0.010088 0.045006 -0.180950 0.106407 0.018124 -0.094526 -0.050391 0.055909 -0.132171 -0.254428 -0.020184 0.022369 0.042018 0.137734 -0.036805 0.065971 0.087074 -0.120355 0.027898 -0.139271 -0.084181 -0.017593 -0.009471 -0.006765 -0.025669 0.020735 0.095496 -0.081595 0.023960 0.110683 -0.029612 -0.058085 0.032744 -0.080675
í 0.033139 -0.024868 0.119467 0.034848 -0.022673 0.158793 0.108915 -0.043395 -0.181997 -0.006023 -0.018001 0.053065 -0.084059 -0.004065 0.011454 -0.073208 0.022171 0.027962 -0.190581 0.118311 0.043696 -0.082113 -0.047742 0.097690 -0.125403 -0.315206 0.026285 0.016361 0.033363 0.176524 -0.020606 0.105780 0.047081 -0.060729 0.024763 -0.125395 -0.013719 -0.040284 -0.023224 0.002663 -0.050315 0.045224 0.041213 -0.047956 -0.021250 0.118026 -0.018999 -0.003791 0.012548 -0.136196
× 0.029170 -0.024503 0.113802 0.049814 -0.023891 0.153357 0.086822 -0.029629 -0.158658 -0.042261 -0.001668 0.082741 -0.086948 -0.018685 -0.009882 -0.084331 0.030204 0.033703 -0.187004 0.101408 -0.012019 -0.052256 -0.008996 0.072987 -0.122966 -0.274287 0.004484 0.030673 0.031017 0.128114 0.003284 0.087764 0.068906 -0.103417 -0.022916 -0.163989 -0.020558 -0.042246 -0.026967 -0.035876 0.000596 0.024637 0.068336 -0.088509 0.005070 0.098276 0.003378 -0.028517 0.026377 -0.091344
グ 0.040076 0.004596 0.110088 0.045954 -0.018428 0.135118 0.112534 -0.080742 -0.195026 -0.010369 0.052970 0.077587 -0.145098 0.036312 -0.020313 -0.117060 -0.000514 -0.018766 -0.199803 0.122420 0.020330 -0.101798 -0.051735 0.064750 -0.154139 -0.270244 0.018261 0.019563 0.015693 0.103924 -0.053162 0.088808 0.080599 -0.106829 0.038956 -0.087475 -0.056010 0.004209 -0.010079 0.006561 -0.019763 0.051252 0.103371 -0.109626 0.015731 0.131869 -0.013347 -0.075122 0.061582 -0.131479
movi 0.049285 0.011209 0.051980 0.043851 -0.016367 0.096052 0.110537 -0.063157 -0.227161 -0.068023 0.067815 0.089520 -0.078917 0.041701 -0.007176 -0.074394 -0.010670 -0.035248 -0.230791 0.115658 0.014405 -0.062617 -0.039316 0.070665 -0.100625 -0.169756 -0.087567 0.004205 0.047226 0.129703 -0.035731 0.050409 0.060706 -0.066853 0.029809 -0.144565 -0.109517 -0.047503 -0.080336 -0.001796 -0.012178 0.016163 0.060924 -0.090854 0.041350 0.096960 0.002901 -0.024843 0.024522 -0.048749
󠁧 0.001017 0.019402 0.142996 0.031427 -0.018446 0.135294 0.106746 -0.059009 -0.166948 0.006503 0.058317 0.060347 -0.116873 0.035747 0.019986 -0.104339 -0.027626 0.000917 -0.177773 0.081335 0.053657 -0.072055 -0.053455 0.071368 -0.118779 -0.243581 0.044756 0.030476 0.035496 0.114188 -0.080115 0.105771 0.052445 -0.132630 0.073469 -0.082566 -0.063855 -0.023373 0.001977 0.025318 -0.020005 0.041267 0.077191 -0.089522 -0.001903 0.115402 -0.002579 -0.076430 0.053108 -0.085208
🇫 0.011273 0.012905 0.112070 0.038349 -0.027537 0.124864 0.117899 -0.062670 -0.141056 -0.030491 0.059799 0.067962 -0.130254 0.000796 0.035202 -0.092943 0.026332 -0.012378 -0.167980 0.094605 0.046329 -0.093066 -0.068101 0.044799 -0.120697 -0.260378 0.056488 0.009899 0.070013 0.074451 -0.022477 0.041439 0.057911 -0.094292 0.052900 -0.108917 -0.030452 0.011117 -0.015961 0.006017 -0.022787 0.015388 0.086004 -0.029139 0.003396 0.119032 -0.011002 -0.059994 0.033430 -0.091214
ú 0.002374 0.001978 0.156360 0.036445 -0.011423 0.155129 0.109105 -0.119709 -0.192738 -0.040272 0.101495 0.090758 -0.129697 0.040124 -0.015679 -0.109087 0.012192 -0.009359 -0.200625 0.097445 0.032597 -0.093914 -0.059731 0.079789 -0.144084 -0.327750 0.066466 0.039700 0.046816 0.113179 0.002094 0.067525 0.095311 -0.129010 0.044435 -0.108246 0.001196 0.004916 0.049775 0.031241 -0.054037 0.033873 0.066026 -0.115503 0.023215 0.157335 -0.020209 -0.114924 0.026327 -0.141005
 -0.007989 0.048531 0.160733 0.020039 0.053373 0.120968 0.090426 -0.111713 -0.168942 -0.018511 0.036266 0.090413 -0.147664 0.009570 -0.003854 -0.126646 -0.036080 0.031642 -0.195362 0.098636 -0.028764 -0.085911 -0.042302 0.054238 -0.158858 -0.322236 0.031361 0.097494 0.065202 0.107370 -0.075036 0.029522 0.098032 -0.112240 0.053328 -0.137469 -0.009396 -0.030627 0.056615 0.005124 0.006602 0.016698 0.078876 -0.092375 0.072111 0.142862 -0.031536 -0.062855 0.026021 -0.093235
¬ 0.011377 -0.031980 0.118013 0.061246 -0.025349 0.150081 0.107967 -0.058440 -0.166694 -0.029934 0.024952 0.054916 -0.102262 0.030296 0.019976 -0.099629 0.006289 -0.000244 -0.151528 0.105049 0.028044 -0.090750 -0.015159 0.077647 -0.123966 -0.311586 0.025227 -0.014797 0.040513 0.151471 -0.014985 0.112797 0.040234 -0.097916 0.077828 -0.097047 -0.029674 0.013546 0.000909 0.029614 -0.057105 0.022672 0.072432 -0.073901 0.006755 0.150727 -0.049160 -0.097052 0.039395 -0.125955
 0.010523 -0.007861 0.120078 0.051277 -0.011857 0.135335 0.084580 -0.054454 -0.177052 -0.065366 0.060329 0.082071 -0.131522 0.024466 -0.006016 -0.112820 -0.007968 -0.027139 -0.147621 0.105563 0.057994 -0.075188 -0.011578 0.024614 -0.067405 -0.253429 0.062017 0.035302 0.022978 0.101770 -0.017717 0.096481 0.040973 -0.083104 0.047419 -0.083213 -0.042115 0.014440 -0.027844 0.053350 -0.003185 0.036738 0.101029 -0.074197 0.013047 0.109458 -0.025689 -0.104118 0.055927 -0.106868
¯ 0.026572 0.048652 0.155714 0.070904 -0.003160 0.137889 0.110351 -0.124644 -0.139851 0.004467 0.044851 0.055417 -0.133373 0.013551 0.019054 -0.090477 -0.053316 -0.007612 -0.196007 0.076505 0.026570 -0.151702 -0.050423 0.061135 -0.097198 -0.329691 0.021305 0.056530 0.101102 0.095959 -0.053058 0.068136 0.082116 -0.128778 0.062475 -0.096691 -0.019963 0.014232 0.018874 0.051352 -0.043099 0.012761 0.078641 -0.079312 0.021034 0.156672 -0.004197 -0.065507 0.041133 -0.083372
® 0.001661 0.006929 0.121308 0.013687 -0.053734 0.148737 0.132788 -0.070160 -0.191746 -0.053930 0.053878 0.063119 -0.117022 0.044936 0.008828 -0.057114 0.034627 0.002213 -0.209924 0.107315 0.016257 -0.075226 -0.002726 0.066009 -0.091551 -0.264628 0.002133 -0.006953 0.004491 0.101668 -0.042735 0.080513 0.091656 -0.066306 0.010671 -0.145612 -0.056572 0.033749 -0.025937 -0.008952 -0.006235 0.047418 0.077298 -0.100785 0.006158 0.118740 -0.004882 -0.062916 0.017886 -0.120157
bef 0.039933 -0.007372 0.068202 0.029071 -0.085815 0.153795 0.097679 -0.076755 -0.205229 0.012247 0.002456 0.104467 -0.032057 -0.010899 0.010375 -0.009934 0.068006 -0.019660 -0.178849 0.115521 -0.005089 -0.052780 0.006515 0.114673 -0.116305 -0.207036 -0.041486 0.001324 0.012020 0.163763 0.014048 0.135829 0.073955 -0.040296 -0.042024 -0.160089 -0.026192 -0.055005 -0.084411 -0.033163 0.013210 0.071858 0.080260 -0.127017 0.029657 0.019542 -0.008793 -0.034215 0.027873 -0.123340
 0.012206 0.035294 0.173686 0.035939 0.026515 0.112343 0.079708 -0.109480 -0.218314 -0.013645 0.043775 0.056778 -0.193933 -0.020365 0.012728 -0.107246 -0.014930 0.020623 -0.202854 0.118541 0.001309 -0.089107 -0.045273 0.070225 -0.170402 -0.320748 0.065676 0.000972 0.063856 0.126566 -0.057767 0.052397 0.125221 -0.121063 0.107895 -0.101450 -0.048284 -0.002619 0.034378 0.050791 -0.014106 -0.034076 0.069396 -0.105058 0.019891 0.147923 -0.024865 -0.119552 0.037010 -0.086641
™ 0.024779 0.005876 0.104974 0.026567 -0.022635 0.128337 0.083698 -0.063319 -0.143848 -0.047060 0.059749 0.036256 -0.091512 -0.000404 0.022560 -0.054308 0.011014 0.011692 -0.127085 0.093578 0.041769 -0.064429 -0.032112 0.078560 -0.068445 -0.246355 0.024800 -0.003132 0.054521 0.096300 -0.010359 0.066531 0.055789 -0.115762 0.056016 -0.074872 -0.059782 0.030509 0.009480 0.053173 -0.038912 0.043067 0.051594 -0.037616 0.002252 0.145951 -0.020117 -0.060352 0.046027 -0.056192
😍 0.010980 -0.013470 0.165312 0.000121 -0.027185 0.155788 0.057433 -0.058885 -0.170364 -0.028248 0.052375 0.059265 -0.113465 0.044397 0.015404 -0.075246 -0.025201 0.009345 -0.151444 0.087267 0.066961 -0.112620 -0.037936 0.078438 -0.098328 -0.275305 0.053505 0.026728 0.029296 0.105075 -0.019616 0.063461 0.025791 -0.104308 0.066507 -0.144145 -0.059103 0.033386 0.010371 0.052813 -0.080646 0.053814 0.075130 -0.075667 0.004084 0.153682 -0.011488 -0.069749 0.080924 -0.072977
£ 0.027549 -0.039258 0.116689 0.064080 -0.036337 0.148524 0.067849 -0.054340 -0.189421 -0.048569 0.073689 0.096901 -0.066086 0.044664 -0.007699 -0.070534 0.005089 -0.001610 -0.168736 0.136233 -0.002684 -0.090533 -0.032285 0.061026 -0.090287 -0.265561 0.068797 -0.019562 -0.019387 0.119516 0.018077 0.065663 0.029069 -0.095476 0.007191 -0.109490 -0.112890 0.003848 -0.021087 0.012551 -0.013212 0.071333 0.078264 -0.120025 0.037257 0.114191 -0.017957 -0.100078 0.048628 -0.099026
ü 0.032338 -0.061794 0.108617 0.047580 -0.019727 0.158659 0.111587 -0.055030 -0.160760 0.015007 -0.000314 0.096778 -0.125858 0.047145 0.036422 -0.080088 0.004270 0.021167 -0.158097 0.139338 0.033041 -0.074583 -0.022080 0.071190 -0.108696 -0.293178 0.037300 -0.030297 0.002085 0.120325 -0.038867 0.074404 0.044894 -0.074689 0.051089 -0.101862 -0.085501 0.007674 -0.014961 0.061470 -0.026126 0.072622 0.091256 -0.097914 0.063478 0.157325 -0.051988 -0.089954 0.046287 -0.112502
« 0.023734 0.060958 0.118073 0.036495 0.002755 0.126636 0.123817 -0.112885 -0.202911 -0.014721 0.052074 0.098153 -0.134609 -0.031086 -0.027530 -0.060991 0.017353 0.041906 -0.177516 0.100872 0.039780 -0.060211 -0.049973 0.025040 -0.131581 -0.263578 0.005528 0.006814 0.073987 0.116838 -0.060599 0.110270 0.052610 -0.112991 -0.003713 -0.122889 -0.025857 0.004794 -0.007656 0.015270 -0.005759 0.014580 0.077390 -0.052771 -0.030686 0.084476 -0.072432 -0.028385 0.025882 -0.091668
💪 -0.030609 0.021794 0.170759 0.046501 0.027289 0.131608 0.124082 -0.063358 -0.185204 -0.013437 0.090099 0.054790 -0.155897 0.031647 0.027738 -0.086947 0.005182 0.077885 -0.225943 0.080147 0.039666 -0.091346 -0.061740 0.074038 -0.143476 -0.317528 0.036037 0.031587 0.095008 0.148793 -0.067923 0.038307 0.104866 -0.138405 0.051169 -0.103582 -0.056318 0.001465 0.005702 0.007220 -0.035173 0.041627 0.076102 -0.112491 0.036744 0.180454 -0.005856 -0.097174 0.017928 -0.106491
ô 0.014950 0.034756 0.159922 0.037840 0.025928 0.151665 0.137695 -0.093950 -0.212678 -0.046716 0.101887 0.071259 -0.082098 0.079717 -0.021057 -0.069160 -0.007112 0.030404 -0.238855 0.101884 0.010438 -0.112588 -0.017745 0.085222 -0.090753 -0.343138 -0.037240 0.020356 0.055705 0.139362 -0.025428 0.073502 0.082995 -0.071096 0.053775 -0.171205 -0.077915 -0.050679 0.014715 0.019779 -0.055259 0.027626 0.021848 -0.137193 -0.007645 0.163348 -0.020874 -0.067051 0.032509 -0.108766
🤦 -0.007571 0.047304 0.183598 0.041361 -0.014348 0.142390 0.135598 -0.098698 -0.169290 -0.003852 0.054936 0.032822 -0.147151 0.026331 0.018077 -0.048007 0.007339 0.035577 -0.205260 0.121546 0.009395 -0.106215 -0.024396 0.097406 -0.109478 -0.352203 0.082546 -0.025085 0.024169 0.092033 -0.095677 0.078608 0.072303 -0.097754 0.066208 -0.116248 -0.030420 0.022096 -0.043531 0.021414 -0.046823 0.059844 0.021309 -0.079396 -0.001685 0.147383 -0.005193 -0.032012 0.085163 -0.128113
